Date,SPY_ret,TLT_ret,GLD_ret,VIX
2005-01-04,-0.012294772379898277,-0.010534091123304713,-0.006529845317733264,13.979999542236328
2005-01-05,-0.006924889578538061,0.005338225262775881,-0.0016392348746523818,14.09000015258789
2005-01-06,0.005071469362309558,0.0006797687390374868,-0.012261333638891793,13.579999923706055
2005-01-07,-0.0014342895024631107,0.0022606410089952263,-0.007381897245418499,13.489999771118164
2005-01-10,0.004717389570300336,0.0015799551328874724,0.002625627696485633,13.229999542236328
2005-01-11,-0.006914675709421912,0.005846133434662886,0.006178687004495116,13.1899995803833
2005-01-12,0.0032945493438768514,0.0013446422193184738,0.009197079351984367,12.5600004196167
2005-01-13,-0.008044461388551144,0.009582995586351754,0.0,12.84000015258789
2005-01-14,0.005257076613557898,-0.0001106838636190871,-0.0065944371176744334,12.430000305175781
2005-01-18,0.010348990384027269,0.003322025057312405,0.0,12.470000267028809
2005-01-19,-0.010518112057744852,0.0028693313421928085,-0.0014188078686102948,13.180000305175781
2005-01-20,-0.006109043714005085,0.0019807643284371406,-0.00023661866710279286,13.829999923706055
2005-01-21,-0.00614601421080059,0.001099634644527847,0.011530935359385552,14.359999656677246
2005-01-24,-0.0019717140859910214,0.004276457732478934,0.0007016437791639085,14.649999618530273
2005-01-25,0.002827165866771066,-0.009454394326180256,-0.012469253807297102,14.0600004196167
2005-01-26,0.0029906402630969155,0.0018774998436153108,0.010596989466519383,13.4399995803833
2005-01-27,0.0017041893530816887,-0.0018774998436153567,-0.0016410669918453088,13.239999771118164
2005-01-28,0.0,0.01000141485650951,0.001641066991845344,13.239999771118164
2005-01-31,0.0061972398260999075,0.0028387120886052193,-0.011070597267868664,12.819999694824219
2005-02-01,0.006327618487811704,-0.001587669945954821,-0.0028463668889051274,12.029999732971191
2005-02-02,0.0030227759464568358,0.002299683933736257,0.0014241961696689009,11.65999984741211
2005-02-03,-0.0026027151651665218,-0.0005471593020745161,-0.011450495846862259,11.789999961853027
2005-02-04,0.010619251040644796,0.013802250857171834,-0.005051101072885615,11.210000038146973
2005-02-07,-0.0013318222733526423,0.007419267097314075,-0.0048344488376878625,11.729999542236328
2005-02-08,0.001165312461670426,0.0056617755757098496,-0.00024238789355093634,11.600000381469727
2005-02-09,-0.007515261034094754,0.0026608193133132586,0.001211167689359154,12.0
2005-02-10,0.0035976212006749355,-0.013586762341926344,0.010594816644642752,11.510000228881836
2005-02-11,0.008565544199046699,-0.0006452892169072745,0.007873160646245932,11.430000305175781
2005-02-14,-0.0007452722083044553,0.0031200393515913166,0.011107225145850637,11.520000457763672
2005-02-15,0.0037217501585450254,-0.005061854123569918,0.0007048653790649931,11.270000457763672
2005-02-16,0.0006601657690431813,-0.003786702776483699,-0.0014101382284351636,11.100000381469727
2005-02-17,-0.00811803827322824,-0.00630639536556351,0.004926674703408775,11.770000457763672
2005-02-18,0.0013301445575563898,-0.008983784818106647,0.000467956439769851,11.180000305175781
2005-02-22,-0.01498015625571049,-0.004411994453538168,0.018999637742317513,13.140000343322754
2005-02-23,0.007141349833048026,0.0033108403305255815,-0.0034487108457084453,12.390000343322754
2005-02-24,0.006591953271394733,-0.0022066235954831025,-0.0020748442692022466,11.569999694824219
2005-02-25,0.009848167715621624,0.004848310865750979,0.003915660084462377,11.489999771118164
2005-02-28,-0.00660968973286465,-0.010828757959498416,0.0006893894267664206,12.079999923706055
2005-03-01,0.004961777156136469,-0.00031175939988923343,-0.007146948198724407,12.039999961853027
2005-03-02,-0.0004958624341588624,-0.0013392905148474899,0.0006938540552079055,12.5
2005-03-03,0.000413065205083529,-0.0005574963233723496,-0.006495007182720466,12.930000305175781
2005-03-04,0.012379623307501952,0.01077451597075959,0.009496303825856959,11.9399995803833
2005-03-07,0.0004885506715389827,0.003970046254528015,0.002072543061182761,12.260000228881836
2005-03-08,-0.003753389952855111,-0.009509562901783572,0.012800118961104523,12.399999618530273
2005-03-09,-0.011179021592936756,-0.016466432264039408,-0.00022710554600360026,12.699999809265137
2005-03-10,0.002228801960104048,0.006080333611982888,0.004080719847417438,12.489999771118164
2005-03-11,-0.007035169151903657,-0.007324123701396637,0.005190117471778481,12.800000190734863
2005-03-14,0.006210028128769246,0.005975865013294528,-0.009043731773192292,12.390000343322754
2005-03-15,-0.00828851188920342,-0.00631467944694717,0.0006811804995411508,13.149999618530273
2005-03-16,-0.008526860440413096,0.006090615850086944,0.005658043661345511,13.489999771118164
2005-03-17,0.002013121194007013,0.0032545417635650516,-0.011120089001181777,13.289999961853027
2005-03-18,-0.002973961806382149,-0.006295767841596637,0.001596162590733232,13.140000343322754
2005-03-21,-0.0037184949986255,-0.002823015430239155,-0.018395534624859662,13.609999656677246
2005-03-22,-0.010212737718779267,-0.00851821657387367,-0.010263645454440903,14.270000457763672
2005-03-23,0.0008544003890102713,0.004778663094878751,-0.005407403742805499,14.0600004196167
2005-03-24,0.0011961821476807865,0.0020413962464855945,-0.0007074350055783737,13.420000076293945
2005-03-28,0.001450462780883011,-0.006136474388858942,0.0035323603275894165,13.75
2005-03-29,-0.006671051133896403,0.005909972675100234,0.00047004600690944275,14.489999771118164
2005-03-30,0.014059854174706624,0.004973359543925468,0.0011741045353950623,13.640000343322754
2005-03-31,-0.001863277634755364,0.00719050084557116,0.004916294198632268,14.020000457763672
2005-04-01,-0.0045029570319964525,0.0033650629986344926,-0.004681674425482663,14.09000015258789
2005-04-04,0.00170122823533426,-0.00022424472544310537,-0.005175203383487659,14.109999656677246
2005-04-05,0.004749886291535726,-0.0025794698901787047,0.0011785325043955194,13.680000305175781
2005-04-06,0.0034625195850832412,0.003475725101201854,0.004231325102584404,13.149999618530273
2005-04-07,0.005381841758554518,-0.008089234326029277,-0.0014084831613397084,12.329999923706055
2005-04-08,-0.010453456787908058,0.0034901579055909415,0.002814895929692614,12.619999885559082
2005-04-11,0.0007624457595457161,0.005381491919754819,0.0021060065188699692,11.979999542236328
2005-04-12,0.005152274619056928,0.009238406811897058,0.0014015740215325113,11.300000190734863
2005-04-13,-0.011864632929427401,-0.0024403162192153127,0.0013996123608867256,13.3100004196167
2005-04-14,-0.013129233643860943,-0.0015560882617670782,-0.013848364312432566,14.529999732971191
2005-04-15,-0.014092155709502889,0.013149829688002155,0.0021249010358104564,17.739999771118164
2005-04-18,0.0030612763611654447,-0.0007693119098084251,0.006816270375332937,16.559999465942383
2005-04-19,0.007916611879727264,0.00962210512253838,0.01372593773248563,14.960000038146973
2005-04-20,-0.014048663511742604,-0.0025055103152799374,0.0027688699314186373,16.920000076293945
2005-04-21,0.0192337987200514,-0.010527828190111882,-0.004850521088753664,14.40999984741211
2005-04-22,-0.00379993763121221,0.008343768839681564,0.004620030567512913,15.380000114440918
2005-04-25,0.006554215145466235,0.0029479178972825855,0.0011516582685481746,14.619999885559082
2005-04-26,-0.009761345970718352,-0.0015274773961505015,0.004593502966645929,14.90999984741211
2005-04-27,0.003899059304871383,0.0034878023445931404,-0.010133634068112189,14.869999885559082
2005-04-28,-0.012617677022285735,0.007369590708618428,-0.004640397217137494,16.860000610351562
2005-04-29,0.01348227883819563,-0.0017290455842499414,0.008106552333935738,15.3100004196167
2005-05-02,0.005600074908560483,-0.00021703492425247564,-0.010901126355548211,15.119999885559082
2005-05-03,0.0017163650030334481,0.002710574442347829,-0.0028024947683054522,14.529999732971191
2005-05-04,0.007688732595918279,-0.008810780255848546,0.003268814598599033,13.850000381469727
2005-05-05,-0.00034060082620424937,0.0022921963046426646,0.00023303394519147896,13.979999542236328
2005-05-06,-0.0031546782778009595,-0.007439684109774922,-0.009130331207844171,14.050000190734863
2005-05-09,0.006215250022898569,0.0009871177530714694,0.0007052728493703425,13.75
2005-05-10,-0.010408703514811702,0.007106094547371726,0.0021129284545669176,14.90999984741211
2005-05-11,0.005473708900948989,0.0030452522451227004,0.0011719030574265017,14.449999809265137
2005-05-12,-0.011063959621941651,0.0039020607353492036,-0.012492767987104848,16.1200008392334
2005-05-13,-0.0019855397905802945,0.003887865905302053,-0.004993449513758401,16.31999969482422
2005-05-16,0.0092892146526547,-0.0011868089722993555,-0.001670039593571195,15.680000305175781
2005-05-17,0.006655684581216421,0.0028007860698973743,-0.00047767990788377847,14.569999694824219
2005-05-18,0.010238619523135518,0.006648936279061236,0.004528636676695042,13.630000114440918
2005-05-19,0.00420058873575538,-0.002568646668938817,-0.0016660647871720412,13.319999694824219
2005-05-20,-0.0014264646000853218,0.0011789166337943552,-0.007891898239560196,13.140000343322754
2005-05-23,0.005525548531030631,0.007780991659290768,-0.0007206099466198394,12.949999809265137
2005-05-24,-0.002340222110204363,0.002757227086985059,0.0026394883318275482,12.6899995803833
2005-05-25,-0.0007535401011503747,-0.00701299179961634,0.0033492708869692074,12.579999923706055
2005-05-26,0.005345336980815592,-0.0003203266701906611,-0.004308295568608848,12.239999771118164
2005-05-27,0.001664505039900169,0.0010658614002750674,0.004547152554352749,12.149999618530273
2005-05-31,-0.006423643531120927,0.01228580659288425,-0.005507006257920899,13.289999961853027
2005-06-01,0.00850059601138111,0.01217054551164527,-0.0028853769992222954,12.359999656677246
2005-06-02,0.002155441982419625,0.0023980769731059342,0.013631676194803669,11.84000015258789
2005-06-03,-0.005064534399918093,-0.008260523801756998,0.0016613198934977114,12.149999618530273
2005-06-06,-0.0009157426709157734,0.0052356085105894085,0.007324341820024229,12.279999732971191
2005-06-07,0.0007494933880555393,0.007905788660116582,-0.002356788114264282,12.390000343322754
2005-06-08,-0.0018330980367610083,-0.004777468421749019,-0.0009443087328481455,12.699999809265137
2005-06-09,0.004742486946764677,-0.0008325338982483761,-0.001654643902374655,12.079999923706055
2005-06-10,-0.002327170015156779,-0.011317838891666977,0.008245976200893991,11.960000038146973
2005-06-13,0.0031567518630081395,-0.006024666410958107,0.003747073510715156,11.649999618530273
2005-06-14,0.00231947201513998,-0.006594601650947075,-0.004216457663253803,11.789999961853027
2005-06-15,0.001901363516498869,0.0018123834786428342,0.0032810717059978092,11.460000038146973
2005-06-16,0.002556437413596712,0.00499413781529696,0.01670566459973835,11.149999618530273
2005-06-17,0.0036983618720216366,-0.00010654971086044971,0.0039040578544222043,11.479999542236328
2005-06-20,0.00032953025001028854,-0.0016979899230574974,0.0006873360101561252,11.470000267028809
2005-06-21,0.0005768542843745834,0.007301272353956834,0.0034297855454410334,11.079999923706055
2005-06-22,0.0008224620896655607,0.012050518571924847,-0.002056441943057124,11.050000190734863
2005-06-23,-0.014165700196123523,-0.0010423802428138741,0.006838395268039535,12.130000114440918
2005-06-24,-0.007369247505212674,0.004992612840526812,-0.0027297316581218743,12.180000305175781
2005-06-27,0.001427851671051802,0.002693379154591996,0.00022772625942488032,12.520000457763672
2005-06-28,0.008357888372577664,-0.00685137667644264,-0.010531211828189758,11.579999923706055
2005-06-29,-0.002666315535082732,-0.0015641079607149034,0.0041341423463071925,11.770000457763672
2005-06-30,-0.005439854690822495,0.008932316608974025,-0.004364367604562605,12.039999961853027
2005-07-01,0.002932663518114357,-0.012195055461176621,-0.017181705910153004,11.399999618530273
2005-07-05,0.007999517222638619,-0.009497594877652917,-0.00988480597185764,11.680000305175781
2005-07-06,-0.008417635278079271,0.005499358913580632,-0.0007097783269727351,12.270000457763672
2005-07-07,0.003925532817350115,0.002106500921899416,0.002600181338699863,12.489999771118164
2005-07-08,0.011356906325418505,-0.004112142335686886,-0.002363562671597049,11.449999809265137
2005-07-11,0.005097277220148173,0.0,0.0066038588233694575,11.279999732971191
2005-07-12,0.0026207898468885416,-0.0056171115494512355,0.0023479342498727383,10.949999809265137
2005-07-13,0.0013901199304410016,-0.001489571549981289,-0.006824380475663703,10.84000015258789
2005-07-14,0.003912599929743367,-0.0025565288993120313,-0.01068252172261526,10.8100004196167
2005-07-15,-0.0005698208714989315,0.00266408414718638,0.003573504930082332,10.329999923706055
2005-07-18,-0.003996674777364307,-0.007477714420519991,-0.0009517230480238243,10.770000457763672
2005-07-19,0.005460909154789524,0.003532232867366793,-0.0028605248387047126,10.449999809265137
2005-07-20,0.00340880620180982,0.005434496456171063,0.007373118732496952,10.229999542236328
2005-07-21,-0.005850358900322191,-0.013694284159906568,0.00614219559189617,10.970000267028809
2005-07-22,0.006659519207626415,0.0077251145186491765,-0.00023550398297923907,10.520000457763672
2005-07-25,-0.0028367012350293454,-0.0036407843098843103,0.001412372156634946,11.100000381469727
2005-07-26,0.0012167275237990746,0.001607886099861478,-0.006134949083469094,10.989999771118164
2005-07-27,0.0036418674448926275,-0.0016078860998613423,0.004486927584186658,10.359999656677246
2005-07-28,0.006281015169739841,0.008865564901703447,0.007277913995399496,10.520000457763672
2005-07-29,-0.006685284008234125,-0.009938232283724853,0.001636080651822505,11.569999694824219
2005-08-01,-0.0007274083374270141,-0.0037263284260500716,0.007213559390177959,12.079999923706055
2005-08-02,0.005966510453556193,-0.003251351313099515,0.00023179138808199025,11.75
2005-08-03,0.002649707987822938,0.004872830310882875,0.008999700708553276,11.829999923706055
2005-08-04,-0.00805031019965693,-0.002055112060873566,0.003440010901869789,12.520000457763672
2005-08-05,-0.00681276505292355,-0.00782328116466718,-0.0018332230655092423,12.479999542236328
2005-08-08,-0.001873399908334195,-0.0018567007003493768,-0.005750447330267251,13.210000038146973
2005-08-09,0.006015192630870358,0.0037094745665070105,-0.00023066839856781824,12.399999618530273
2005-08-10,-0.0004862255466686941,-0.0010897039460332249,0.007127317613814467,12.380000114440918
2005-08-11,0.00396479909867068,0.006952498158288944,0.01816166188116084,12.420000076293945
2005-08-12,-0.006156790003774019,0.01012470581465994,0.0008995034208769364,12.739999771118164
2005-08-15,0.006156790003773952,-0.0025751152263637886,-0.00812463505949221,12.260000228881836
2005-08-16,-0.013087880404422722,0.006959232526556581,0.009472289306063036,13.520000457763672
2005-08-17,-8.184929608219032e-05,-0.00663672064756275,-0.01447005569274202,13.300000190734863
2005-08-18,-8.14897349479615e-05,0.007383897294648456,-0.0018235248916069417,13.420000076293945
2005-08-19,0.002289164022879294,-0.00010649011255712252,-0.005261440849239186,13.420000076293945
2005-08-22,0.0,-0.0010669541663379447,0.0022910042023477372,13.420000076293945
2005-08-23,-0.0018801342361832018,0.004579421093428059,0.0013720001974238192,13.34000015258789
2005-08-24,-0.008956905020950813,0.0009562244343574804,-0.003892350006710497,14.170000076293945
2005-08-25,0.003625411135531751,0.0031789647314355266,0.0032065852060479284,13.729999542236328
2005-08-26,-0.0068495065909239174,-0.0003171823280321443,-0.0027478591065202046,13.720000267028809
2005-08-29,0.007671525181607652,0.0012688336926073092,-0.0009176627252673096,13.520000457763672
2005-08-30,-0.005272651703882619,0.00632427163862447,-0.012936225354478486,13.649999618530273
2005-08-31,0.012559612556442331,0.008369124640193524,0.00902686849425043,12.600000381469727
2005-09-01,-0.0007343857423695354,-0.00603988796577843,0.018717726769667944,13.149999618530273
2005-09-02,-0.001797926935545281,0.0008411704848535714,0.0006781684194120493,13.569999694824219
2005-09-06,0.011627979812526152,-0.007066212287781916,0.0004518856303791501,12.930000305175781
2005-09-07,0.0016958987111225226,-0.009463280457293409,0.0013544329777345609,12.520000457763672
2005-09-08,-0.0033141370966032397,0.0010676316140754258,0.006072134751433877,12.930000305175781
2005-09-09,0.00886731526684767,0.003196309316665837,0.005366776793414331,11.979999542236328
2005-09-12,-0.002008376999356115,-0.006938970047558899,0.001114437590335973,11.649999618530273
2005-09-13,-0.005564373370839853,0.005235211532302573,-0.007378412759289671,12.390000343322754
2005-09-14,-0.003645703603983328,-0.0038438456208191585,0.008936558784336007,12.90999984741211
2005-09-15,-0.00048693604974138206,-0.008271146247170959,0.010179311141287253,12.489999771118164
2005-09-16,0.007085599020951862,-0.006601915848516127,0.008768174001461274,11.220000267028809
2005-09-19,-0.0033253405937977627,0.0021702123539609256,0.009340793593402948,12.140000343322754
2005-09-20,-0.008484957177171891,0.0025966757370413556,-0.00043253586017500794,12.640000343322754
2005-09-21,-0.009384480470354166,0.009250434290834136,0.01779448438266131,13.789999961853027
2005-09-22,0.003550569211067069,-0.0009640002562766991,-0.014986380843891567,13.329999923706055
2005-09-23,0.0008233404765782329,-0.007529725171928714,-0.0017271556880254209,12.960000038146973
2005-09-26,0.001152235422234102,-0.004545811613231938,0.006246674492227192,13.039999961853027
2005-09-27,-0.0002467107385938223,0.0014090208649737235,-0.006895086482796446,12.760000228881836
2005-09-28,0.000986935801351831,0.006693717690305831,0.011821722663041578,12.630000114440918
2005-09-29,0.008103700376439793,-0.004530275382899414,0.006389782004315867,12.239999771118164
2005-09-30,0.003093254693882755,-0.003464674171054147,-0.008528787613907051,11.920000076293945
2005-10-03,-0.003582663526955751,-0.007848901839734381,-0.006013819610977734,12.460000038146973
2005-10-04,-0.011319897412311482,0.0032880730328353086,0.0006461202839017118,13.199999809265137
2005-10-05,-0.013203341445180379,0.004365497906087092,-0.001939450047779739,14.550000190734863
2005-10-06,-0.0036012268523613125,-0.003818858104686306,0.018168683528509144,14.960000038146973
2005-10-07,0.0034343271124288063,0.004036131204362148,0.003172288297702827,14.59000015258789
2005-10-10,-0.008479990105771797,-0.0006536499182590255,0.00021109092407153046,15.550000190734863
2005-10-11,-0.0014346011830887765,-0.002071263965916373,0.000422128712852118,15.630000114440918
2005-10-12,-0.007883927704306456,-0.009765729976489763,-0.011460246985187512,16.219999313354492
2005-10-13,-0.0005960041532513118,-0.003643993724033749,0.003622076732456221,16.469999313354492
2005-10-14,0.010503907969080264,-0.001551013472227634,-0.004689866225957319,14.869999885559082
2005-10-17,0.003701747179839844,-0.00022164127952966497,0.009781049621695053,14.670000076293945
2005-10-18,-0.010889656166509025,0.0011073885349509433,-0.005516634533112237,15.329999923706055
2005-10-19,0.016498331106268537,0.0004438867785720097,-0.01414207941303838,13.5
2005-10-20,-0.017772567322510528,0.002652427847107306,-0.007799012917697535,16.110000610351562
2005-10-21,0.0039015994209669756,0.009229007470440519,0.011675828111288618,16.1299991607666
2005-10-24,0.015372721716638093,-0.007794804393927891,-0.0027984318839231513,14.739999771118164
2005-10-25,-0.0020026538920039044,-0.008635004682588108,0.014339506874232317,14.529999732971191
2005-10-26,-0.0029279860623757257,-0.007366044020584863,-0.0027662761718075758,14.59000015258789
2005-10-27,-0.010695998634144435,0.0035780171177679423,0.005312944138745386,16.020000457763672
2005-10-28,0.01429191972030014,0.00011137533474560605,0.0008474770609084391,14.25
2005-10-31,0.0027510359267277178,0.0018958428122361965,-0.017518065391236633,15.319999694824219
2005-11-01,0.0029920613899647535,-0.0011531909775925817,-0.014544964457705811,14.850000381469727
2005-11-02,0.010403232822975833,-0.004715504946775077,0.008708993064364326,13.479999542236328
2005-11-03,0.0042615204126160745,-0.006774565692299094,-0.0036920876637241665,13.0
2005-11-04,-0.0013092126103432143,-0.0015882666953139118,-0.009839387913189087,13.170000076293945
2005-11-07,0.0009822296214811043,0.0034000245302164343,0.00569681951966618,13.100000381469727
2005-11-08,0.0,0.009678312804171604,0.0030540902705580722,13.079999923706055
2005-11-09,0.0013081101907400504,-0.010357826006891693,0.014058877980764004,12.800000190734863
2005-11-10,0.0077323609283735445,0.01214832912370621,-0.001719730223224147,11.899999618530273
2005-11-11,0.0033994522328001627,0.000558649572659207,0.0068610839264361964,11.630000114440918
2005-11-14,-0.0005659385900142797,-0.007515151615553354,-0.003853575924959696,12.180000305175781
2005-11-15,-0.0036448886968489034,0.006509094525263533,0.0008576526265601306,12.229999542236328
2005-11-16,0.0020267986235712986,0.010459889138819917,0.02371985302617489,12.260000228881836
2005-11-17,0.009269223902224608,0.0024318271384943134,0.014544215969487923,11.25
2005-11-18,0.0039237075182148055,-0.004648293320049919,-0.0004126358227933849,11.119999885559082
2005-11-21,0.005022199387159306,0.0029911555182150088,0.010877533415953692,10.819999694824219
2005-11-22,0.004284531241523918,0.0013262383256616834,0.006713442196576113,10.600000381469727
2005-11-23,0.005763237304654169,-0.0038733325571010404,-0.003452794469951524,10.960000038146973
2005-11-25,0.0007869138463678268,0.003652509672718095,0.005478285871055113,10.880000114440918
2005-11-28,-0.007104528667358439,0.004959505407325317,0.006454308610487604,11.84000015258789
2005-11-29,-0.001109854602710934,-0.009499763988171664,0.0012054965904707295,11.890000343322754
2005-11-30,-0.005407907411769518,-0.0011103668639924056,-0.01415596498702683,12.0600004196167
2005-12-01,0.010154823876221004,-0.0015640790045985263,0.0215581982756461,11.239999771118164
2005-12-02,0.0012623524614735608,0.0003360665413939164,0.002985404328326618,11.010000228881836
2005-12-05,-0.0021305949839651086,-0.004479442292621888,0.009099945909995211,11.600000381469727
2005-12-06,0.0018941350584724909,0.010161460344054334,0.002163876369716232,11.520000457763672
2005-12-07,-0.005852156730325051,-0.00378515690781051,0.008414105193713344,12.180000305175781
2005-12-08,-0.0006345664987616164,0.006447144683536469,0.011238285771298415,12.210000038146973
2005-12-09,0.0026153151024956266,-0.00789740020224738,0.009587800874615747,11.6899995803833
2005-12-12,0.0009492583007673278,-0.0019006810406714963,0.0030487798575956843,11.470000267028809
2005-12-13,0.00677810287143353,0.003684948498641696,-0.0174651751961011,11.109999656677246
2005-12-14,0.0039202061966227796,0.010205276572828128,-0.02549163624918632,10.479999542236328
2005-12-15,-0.0028995694184300465,-0.0024304346468566333,-0.0021870332902152977,10.729999542236328
2005-12-16,-0.0032228941357346657,0.00331225319030719,-0.0029901651531156147,10.680000305175781
2005-12-19,-0.005157510806249221,0.0009920239370172393,0.0025919876207500217,11.380000114440918
2005-12-20,0.0009537535999702254,-0.001212607409432314,-0.023777067739602628,11.1899995803833
2005-12-21,0.001588362075075268,-0.0017658557944873225,0.006706620338919612,10.8100004196167
2005-12-22,0.00522300558741867,0.007923233131681114,0.015476149921333452,10.289999961853027
2005-12-23,0.000552688256448524,0.006118739470458672,-0.0003989718404908519,10.270000457763672
2005-12-27,-0.01022937488262004,0.00813690752253091,0.010321657066455383,11.569999694824219
2005-12-28,0.0022293199266767002,-0.0027928186801822433,0.016257371598287152,11.350000381469727
2005-12-29,-0.004463089689164907,0.002173903225500317,0.0,11.609999656677246
2005-12-30,-0.005446395211511945,-0.0022818899969879202,0.00213489857106166,12.069999694824219
2006-01-03,0.01743601320101103,-0.0013073903124526784,0.02941944910807375,11.140000343322754
2006-01-04,0.00472433592159931,0.002394733225503403,0.003382831797150453,11.369999885559082
2006-01-05,0.0006284314654559219,-0.0011973238060629086,-0.018175416840417152,11.3100004196167
2006-01-06,0.00828669163035868,-0.0018514283292460768,0.02602449436115473,11.0
2006-01-09,0.0025661262593259216,0.0006540189098054192,0.016248460425883546,11.130000114440918
2006-01-10,0.0010088246337836787,-0.008095482296926217,-0.009939288552968184,10.859999656677246
2006-01-11,0.0031762010794992306,-0.0016481555667470652,0.008656420300679264,10.9399995803833
2006-01-12,-0.003951567100333975,0.0066881223056182,-0.001835508499204341,11.199999809265137
2006-01-13,-0.0009324392050729701,0.00577516817524718,0.018385852058020367,11.229999542236328
2006-01-17,-0.0027236122968582873,0.004445361690521935,-0.003252040989607987,11.90999984741211
2006-01-18,-0.00398241082521574,-0.0003238722407518522,-0.02176979137145157,12.25
2006-01-19,0.003826524409183397,-0.0029259067037656606,0.02772383396043182,11.979999542236328
2006-01-20,-0.01840536737757977,0.0026005097359191546,-0.007040364605841864,14.5600004196167
2006-01-23,0.003565939024364509,-0.0003245560438711099,0.010273131505108786,13.930000305175781
2006-01-24,0.001027567602951757,-0.004883798742791603,-0.0007175052420346415,13.3100004196167
2006-01-25,0.0008691207158184598,-0.010941761324922533,0.007329966694290513,12.869999885559082
2006-01-26,0.00551117832822076,-0.004299583353810071,-0.004642006558574431,12.420000076293945
2006-01-27,0.009222746910525126,0.0,-0.004483910215659325,11.970000267028809
2006-01-30,-0.0007788321586122782,-0.0009946005804992578,0.018698776919120332,12.390000343322754
2006-01-31,-0.007345088515518385,0.002760501260003403,0.00035280398276080644,12.949999809265137
2006-02-01,0.006955790117180399,-0.0034264569053364157,0.0,12.359999656677246
2006-02-02,-0.011672696980396413,0.0018871590523823118,0.004926096846573146,13.229999542236328
2006-02-03,-0.0049771663181105335,0.007068953855448445,-0.008459682883606469,12.960000038146973
2006-02-06,0.0026100804993726048,0.001978754136339329,0.0038862655930409257,13.039999961853027
2006-02-07,-0.008885941463231867,-0.004734430495433262,-0.03809304894107721,13.59000015258789
2006-02-08,0.009044195861533329,-0.002320500059685265,0.00420366800672235,12.829999923706055
2006-02-09,-0.0016603792009752733,0.004526240062509579,0.02432330429712352,13.119999885559082
2006-02-10,0.0018183460308074499,-0.005522655044462736,-0.025053114848127972,12.869999885559082
2006-02-13,-0.0018183460308075412,0.0001107171509594961,-0.019722317881601545,13.350000381469727
2006-02-14,0.010544745196198302,-0.003549043115015579,0.014231835019739241,12.25
2006-02-15,0.003516427493036896,0.0024419635093401596,-0.013487564404801337,12.3100004196167
2006-02-16,0.007460443434435008,0.00022115991867620581,0.01403795023117115,11.479999542236328
2006-02-17,-0.0027133906425864554,0.007948436712488247,0.008038016031443143,12.010000228881836
2006-02-21,-0.0024876138285997674,-0.001650579131985888,0.0029069760713780913,12.40999984741211
2006-02-22,0.006052141125276453,0.006805346085855755,0.0039833697886547965,11.880000114440918
2006-02-23,-0.0014708190034728014,-0.00251963738063034,-0.012729773023942181,11.869999885559082
2006-02-24,0.002553161715980396,-0.0015356968802963348,0.018136151993469803,11.460000038146973
2006-02-27,0.0003862305560146543,-0.0016498822279734458,-0.007577127477402215,11.59000015258789
2006-02-28,-0.00954652114831103,0.004938800259106179,0.015275676084631486,12.34000015258789
2006-03-01,0.008851267236390915,-0.006059321449016627,0.0005348806365655907,11.539999961853027
2006-03-02,-7.752777050758336e-05,-0.006988281203354423,0.011343673633042218,11.720000267028809
2006-03-03,-0.004648240449001018,-0.0058036775127987324,-0.008140248406057845,11.960000038146973
2006-03-06,-0.004593509749042407,-0.00877051242146587,-0.01883293493158655,12.739999771118164
2006-03-07,-0.0015610422484577764,0.0006767455586031134,-0.005082580890901775,12.65999984741211
2006-03-08,0.0021075231782304153,-0.0003380296399814566,-0.017995335485148433,12.319999694824219
2006-03-09,-0.006728760725796228,0.00033802963998142685,0.004990315328593799,12.680000305175781
2006-03-10,0.009454109242835244,-0.0037301168272022758,-0.007587707988952681,11.850000381469727
2006-03-13,0.0018645391215491,-0.0007936949555080608,0.00887743074453615,11.369999885559082
2006-03-14,0.010424308462202495,0.006665547628631645,0.010258334271688237,10.739999771118164
2006-03-15,0.00444579307191689,-0.005419367796646484,0.004545875722809695,11.350000381469727
2006-03-16,0.0020626867264473096,0.00901695185030687,0.0039833697886547965,11.979999542236328
2006-03-17,0.0008344313733231507,-0.0030338136997518747,-0.003983369788654952,12.119999885559082
2006-03-20,-0.0016084455212242801,0.0015738761026182371,0.0009066867676153741,11.789999961853027
2006-03-21,-0.006307978835420642,-0.005182574333803489,-0.006181771283939387,11.619999885559082
2006-03-22,0.006077638822153773,0.0021442399260989094,-0.0014601541144710205,11.210000038146973
2006-03-23,-0.0020729060042881373,-0.003160243437081609,-0.0009136453209700005,11.170000076293945
2006-03-24,0.0007684230342749976,0.007322339415038795,0.01829592422327758,11.1899995803833
2006-03-27,-0.0014607721630528665,-0.0037115283211407715,0.012132179396417623,11.460000038146973
2006-03-28,-0.0061716532039452,-0.009394217674684563,-0.005869256761886151,11.579999923706055
2006-03-29,0.006248736612305981,-0.0047887834733256794,0.017856008967773458,10.949999809265137
2006-03-30,-0.0017698312116028979,-0.006994246130035828,0.026456091342854822,11.569999694824219
2006-03-31,0.00023094393760016063,-0.0003456815922251667,-0.008569032949188241,11.390000343322754
2006-04-03,-0.0007710983940736994,0.0003228674588852036,0.006348185470116209,11.569999694824219
2006-04-04,0.006377965019888644,-0.0010394275679005912,-0.00239725090815688,11.140000343322754
2006-04-05,0.003440749151910293,0.0013863293542606678,0.005641488791230979,11.130000114440918
2006-04-06,-0.0010695189537681137,-0.007650886289519035,0.010513899447593818,11.449999809265137
2006-04-07,-0.010214269190598736,-0.009821984955202402,-0.011707924234642699,12.260000228881836
2006-04-10,0.0015425849265592623,0.0018782064123868262,0.01709151230827808,12.1899995803833
2006-04-11,-0.008514460104067608,0.0035131153722029254,-0.009948655844000452,13.0
2006-04-12,0.0018638046467880955,-0.006095955730750805,0.0070922618883069175,12.760000228881836
2006-04-13,-0.0013200182718571968,-0.007081124224388683,0.0011771580379689472,12.380000114440918
2006-04-17,-0.0003889156849976462,0.0036647192612379296,0.026371876607847133,12.579999923706055
2006-04-18,0.015731762337515956,0.0017685427069597734,0.012363885008428301,11.399999618530273
2006-04-19,0.0019108291711777607,-0.006143917943278793,0.030257109870676136,11.319999694824219
2006-04-20,0.001373384757983759,-0.0008298229423893919,-0.044751287678637945,11.640000343322754
2006-04-21,0.00015260351259261472,0.005795796694245148,0.03608641686474083,11.59000015258789
2006-04-24,-0.0018316004721510063,0.004000597972120646,-0.024831058863613812,11.75
2006-04-25,-0.004133535250464309,-0.011934542986930708,0.018163277608642465,11.75
2006-04-26,0.0002300191022506314,-0.0016651026772899389,0.013762817006708136,11.760000228881836
2006-04-27,0.004819651486785075,0.0013089568398619458,-0.010899759408640247,11.84000015258789
2006-04-28,0.0033526161288731605,0.0007129357174609021,0.03327128175431663,11.59000015258789
2006-05-01,-0.008172267615658077,-0.007543527945034991,0.0010749686135923268,12.539999961853027
2006-05-02,0.007487503053874929,0.0026409975776924576,0.02110775076209168,11.989999771118164
2006-05-03,-0.0037365328741329356,-0.0021591444293549925,-0.0013533415469022937,11.989999771118164
2006-05-04,0.0035841125372006403,-0.0016838307532100574,0.015231058274022213,11.859999656677246
2006-05-05,0.008792121348627642,0.005999185432932157,0.007529296693737569,11.619999885559082
2006-05-08,-0.0012079276618872437,0.0005975747401657282,-0.006344548315854382,12.0
2006-05-09,0.0019623814707686923,-0.0005975747401657779,0.030897281121183933,11.989999771118164
2006-05-10,-0.0005279163242461403,0.0017916539995654708,0.009995755944479651,11.779999732971191
2006-05-11,-0.012144613200417417,-0.0049079997587601,0.009193212955575812,12.489999771118164
2006-05-12,-0.013144234231240325,-0.00831255638371977,0.0012663240006524636,14.1899995803833
2006-05-15,0.0020095376150145714,0.0039843956025125745,-0.053575200633378034,13.569999694824219
2006-05-16,-0.0014681043149116378,0.0074445065404019125,0.017644876407503035,13.350000381469727
2006-05-17,-0.019207629639345816,-0.006240618638290691,-0.0067271250662083795,16.260000228881836
2006-05-18,-0.005057838802131329,0.013510242570521956,-0.010176364470453626,16.989999771118164
2006-05-19,0.007026606654820912,0.002608596542393789,-0.028264016724660453,17.18000030517578
2006-05-22,-0.007660890624625419,0.002129341291754012,-0.0042787163206261586,17.719999313354492
2006-05-23,-0.0076405741222648794,-0.0005906233497278671,0.016403681898370586,18.260000228881836
2006-05-24,0.00795759142178787,0.00047351106360710724,-0.035575658845409586,17.360000610351562
2006-05-25,0.012288698440110466,-0.003908715006906334,0.009941048269267854,15.5
2006-05-26,0.005075702559421115,-0.0007121105411207976,0.0061633714364872465,14.260000228881836
2006-05-30,-0.017919312896240776,-0.00047502223988736005,0.00015363084740756304,18.65999984741211
2006-05-31,0.011119882748117657,-0.0059581828193241305,-0.013607713088968276,16.440000534057617
2006-06-01,0.009521933113505543,0.004453850731015303,-0.026344325345324347,14.520000457763672
2006-06-02,0.0020957041553539015,0.012819347107865735,0.014913787710007854,14.319999694824219
2006-06-05,-0.014681119343801313,-0.0012981183161035147,-0.003312552645839676,16.649999618530273
2006-06-06,-0.0024416138596941184,0.00471170990473694,-0.011761128537159677,17.34000015258789
2006-06-07,-0.007519808313997127,0.00023515921092851427,-0.004325897350092141,17.799999237060547
2006-06-08,-0.0008744296496581172,0.0019961204986571435,-0.02224296502229821,18.350000381469727
2006-06-09,-0.0031859412035014096,0.00526360105088904,-0.007580772661454671,18.1200008392334
2006-06-12,-0.010909221477515385,0.0008153403175531424,-0.0069721727529347115,20.959999084472656
2006-06-13,-0.011681363200748047,0.0006998100348932865,-0.07092235174749513,23.809999465942383
2006-06-14,0.0077219518650223935,-0.010067838558079295,-0.005379235579350925,21.459999084472656
2006-06-15,0.020992540330938367,-0.005782337747801171,0.030106768033878732,15.899999618530273
2006-06-16,-0.007314038690217112,-0.0022512114741829073,0.006260900631636242,17.25
2006-06-19,-0.007892616825944623,-0.0014232397198734037,-0.023150800407539796,17.829999923706055
2006-06-20,0.003390509626081218,-0.0016648398764695781,0.016540912545872956,16.690000534057617
2006-06-21,0.007386393258348005,0.00023795542212723668,0.017815961750979315,15.520000457763672
2006-06-22,-0.004409374046626189,-0.005725589881623891,-0.010339611013396036,15.880000114440918
2006-06-23,-0.00016036418953662996,-0.0020364501427550244,0.004493649688969512,15.890000343322754
2006-06-26,0.0044099038024920266,-0.001918802595873168,0.004988349549092548,15.619999885559082
2006-06-27,-0.008678087615832929,0.004911284339962873,-0.010348462113978564,16.399999618530273
2006-06-28,0.006755700550373608,-0.0052720124683104,-0.002430124232988146,15.789999961853027
2006-06-29,0.0199992336526597,0.003358520581584106,0.033832024181210556,13.029999732971191
2006-06-30,7.874776550812244e-05,0.009653276509643689,0.0283248597979711,13.079999923706055
2006-07-03,0.004076817001526917,-0.0009898312940177785,0.015396151524819567,13.050000190734863
2006-07-05,-0.005728191335494829,-0.008016592568545713,0.005133147203806899,14.149999618530273
2006-07-06,0.002907563980646614,0.006107734718692092,0.008285586850556694,13.649999618530273
2006-07-07,-0.006533896831613903,0.006427116101558259,-0.006207730001220553,13.970000267028809
2006-07-10,0.001893651640392226,0.0009488120372939677,-0.009787492538485095,14.020000457763672
2006-07-11,0.004404538691379824,0.0031956947019551206,0.028453018348612674,13.140000343322754
2006-07-12,-0.010731229249231738,0.0002358854089218955,0.017245775039784833,14.489999771118164
2006-07-13,-0.01639726261058347,0.003891263812344358,0.009657542324286587,17.790000915527344
2006-07-14,-0.0038781955393015137,0.0005872234330114485,0.004566148251357566,18.049999237060547
2006-07-17,-0.001458944805979718,0.0015274441045251693,-0.02927786506214761,18.639999389648438
2006-07-18,0.00509578055692801,-0.008608123132014403,-0.016555351989900366,17.739999771118164
2006-07-19,0.013778430346271485,0.009428971968192777,0.01780551650096022,15.550000190734863
2006-07-20,-0.006865836867840877,0.00292959082460315,-0.023545337797397207,16.209999084472656
2006-07-21,-0.007074300781649535,-0.001874379931148689,-0.013360389171752314,17.399999618530273
2006-07-24,0.018068856612066742,-0.0005859794259836975,-0.009279671017174801,14.979999542236328
2006-07-25,0.003559025754952312,-0.002935645251463288,0.0066835337551839295,14.850000381469727
2006-07-26,0.0013411888698194202,0.0036395807222196113,0.007284544810071161,14.619999885559082
2006-07-27,-0.0009466572395828102,-0.0015250678840001135,0.014411802920109096,14.9399995803833
2006-07-28,0.009973286896831864,0.005734482636635704,0.0033330573021811403,14.329999923706055
2006-07-31,-0.0010164511560399993,0.0012826053662794055,0.0007919417041651264,14.949999809265137
2006-08-01,-0.00493954420123101,-9.364761190909595e-05,0.018199433154515745,15.050000190734863
2006-08-02,0.0067371982201628496,0.0037376746407190853,0.006663080453584655,14.34000015258789
2006-08-03,0.0026513287227174116,0.00023265045333856833,-0.009777330003267252,14.460000038146973
2006-08-04,-0.001715221625464007,0.0060428963156655725,0.0024921513025285714,14.34000015258789
2006-08-07,-0.002342900981727154,0.000578586046710512,0.003416701922818477,15.229999542236328
2006-08-08,-0.0038385509211182572,-0.0022022379312791633,-0.008250981257249518,15.229999542236328
2006-08-09,-0.0033799922657147107,-0.0032534167813572847,0.010264414233311715,15.199999809265137
2006-08-10,0.0030660618941690527,-0.0015155267904614122,-0.021583529170159283,14.460000038146973
2006-08-11,-0.0028295574546278045,-0.004322847306324342,-0.008574217652083825,14.300000190734863
2006-08-14,0.0007864746152811302,-0.00175817155580336,-0.007362374610728818,14.260000228881836
2006-08-15,0.011887201928867127,0.008411387896824,-0.003862900050710145,13.420000076293945
2006-08-16,0.008284215636252595,0.0067228731000124045,0.007710935506649349,12.40999984741211
2006-08-17,0.002541010544833713,-0.0003468322159735366,-0.023641044246042624,12.239999771118164
2006-08-18,0.005062396175450267,0.0028863541896794157,0.0001638754202975384,11.640000343322754
2006-08-21,-0.004293758123109801,0.0035659767063158264,0.02267667167844972,12.220000267028809
2006-08-22,-7.710749113231776e-05,0.00034403176315402425,-0.006265574298403905,12.1899995803833
2006-08-23,-0.0027700971735738883,0.0004594476838973789,-0.003551786170239269,12.399999618530273
2006-08-24,-0.0008483869993855416,0.0018337323460125084,-0.0012947376767310466,12.399999618530273
2006-08-25,0.0012335795392370175,0.0014878412630640232,0.0003238416104977378,12.3100004196167
2006-08-28,0.004764387800037058,0.0009144893166173719,-0.012543952945273145,12.180000305175781
2006-08-29,0.0011497921594894622,0.001369560641886426,-0.0009841131508817223,12.279999732971191
2006-08-30,0.0006125029197035213,0.002621758445973767,0.007845734178219533,12.220000267028809
2006-08-31,-0.0001532588065619459,0.002386877065862333,0.014065428763227219,12.3100004196167
2006-09-01,0.005953067011074372,0.0003425425331294732,-0.002411019821175847,11.960000038146973
2006-09-05,0.0019004455909112819,-0.0062877531590034424,0.01944286299654392,12.630000114440918
2006-09-06,-0.008849173102933063,-0.0013762005152854716,-0.007922716060125687,13.739999771118164
2006-09-07,-0.004607569541829405,0.0019491196364315464,-0.025946191654282313,13.880000114440918
2006-09-08,0.0028438372583276515,0.0008022802350584615,-0.010009118155884447,13.15999984741211
2006-09-11,0.0009975015232951937,-0.0009164814105151603,-0.035927977031141096,12.989999771118164
2006-09-12,0.009767130049242321,0.005030607536005631,-0.0030816717701889667,11.920000076293945
2006-09-13,0.00401686687482309,0.0004561268097086449,0.0051308345941207655,11.180000305175781
2006-09-14,7.530105464931139e-05,-0.0022825559380089617,-0.024696883147300203,11.550000190734863
2006-09-15,0.0023443767532848243,-0.0007995573823226691,0.0036652959943343877,11.760000228881836
2006-09-18,0.0013635357123190778,-0.0016024920007307022,0.014356348078949017,11.779999732971191
2006-09-19,-0.0025012927813321765,0.011160606560049918,-0.022753936934990223,11.979999542236328
2006-09-20,0.005296868864549021,0.0014710045537829428,0.005955529304156023,11.390000343322754
2006-09-21,-0.004841162634222806,0.009118606150898028,0.011978312594347288,12.25
2006-09-22,-0.0030379212281740143,0.004918621909126891,0.009446171286572042,12.59000015258789
2006-09-25,0.007652563589784037,0.006999443269726398,0.0,12.119999885559082
2006-09-26,0.008269370106124,-0.004215567543154551,0.004094200107174069,11.529999732971191
2006-09-27,0.00119705920712175,-0.002895861838204371,0.018051939672373406,11.579999923706055
2006-09-28,-0.00037403451397435345,-0.001674351189781138,-0.00033445581216309524,11.720000267028809
2006-09-29,-0.0008230246931473823,-0.0012292886928054465,-0.0053664339603248755,11.979999542236328
2006-10-02,-0.0037504940106916386,0.002735046005171589,-0.005395388023705695,12.569999694824219
2006-10-03,0.002101999496067779,-0.0013439342976070622,-0.0350973728570958,12.239999771118164
2006-10-04,0.011629675110828323,0.0072626657479323,-0.013042160218877828,11.859999656677246
2006-10-05,0.0019251706086164098,-0.007038130358653079,0.009709657907544174,11.979999542236328
2006-10-06,-0.0012585329132575537,-0.010481242243541323,0.0012291022461254299,11.5600004196167
2006-10-09,0.000592490970259902,0.002715627971958604,0.0036780684249936844,11.680000305175781
2006-10-10,0.0013317214564587294,-0.007940216498253933,-0.003502643889304294,11.520000457763672
2006-10-11,-0.0011839167429037567,-0.0029655391557959197,-0.0021074635611676128,11.619999885559082
2006-10-12,0.00862278499260582,0.0005716500634967962,0.010667244557621159,11.09000015258789
2006-10-13,0.002565027635749663,-0.005036311922683768,0.018611566060242047,10.75
2006-10-16,0.0015358324305500544,0.004464661859187158,0.010192010851696898,11.09000015258789
2006-10-17,-0.003147337514131694,0.0007997526666270776,-0.0088270246267677,11.729999542236328
2006-10-18,0.0013188429008712068,0.0020523492100220616,-0.0010235649551442205,11.34000015258789
2006-10-19,0.0016089030111732456,-0.0018250214937298892,0.013898523638232187,10.899999618530273
2006-10-20,0.000219591602087376,-0.0010270803829191073,-0.01066091957581257,10.630000114440918
2006-10-23,0.004593076749201393,-0.00400596390333935,-0.017505174698208014,11.079999923706055
2006-10-24,0.0029782142997238263,0.0,0.007073260919781201,10.779999732971191
2006-10-25,0.0034026207181092377,0.007881982225302718,0.01009159629586728,10.65999984741211
2006-10-26,0.0031038258040340296,0.006464125152416054,0.008979350419899177,10.5600004196167
2006-10-27,-0.006289193608984811,0.004625434978390331,0.0018535788960060886,10.800000190734863
2006-10-30,-0.0007251804310198816,0.0028084530480325873,0.008382278538378779,11.199999809265137
2006-10-31,-0.0001455438975231213,0.007712508330924208,0.005660080759457596,11.100000381469727
2006-11-01,-0.006771825104318368,0.005517997000367359,0.018421555651427647,11.510000228881836
2006-11-02,-0.0005845060173043047,-0.004121336914522086,0.009085032704114484,11.420000076293945
2006-11-03,-0.0017566124867145357,-0.011902255438531633,0.0061182138370136285,11.15999984741211
2006-11-06,0.011215593930064723,0.0029324064906115317,-0.0066028076577951044,11.15999984741211
2006-11-07,0.0038313230709050416,0.004607047674479511,0.0024207471759942175,11.09000015258789
2006-11-08,0.0021619041969787333,0.003580827363829408,-0.015103824170810666,10.75
2006-11-09,-0.005268593171229301,-0.0005594312375749458,0.029665243715548233,11.010000228881836
2006-11-10,0.00043367373468731666,0.004350526367372243,-0.0073342018093687155,10.789999961853027
2006-11-13,0.00245646489516358,-0.0002231224042450489,-0.0048123777671425306,10.859999656677246
2006-11-14,0.00747697410685066,0.00388810410668385,-0.009045410728369615,10.5
2006-11-15,0.002860608032187454,-0.0037767317869138533,0.0034016244413848868,10.3100004196167
2006-11-16,0.002568075950935192,-0.00457419330977656,-0.008607422572897042,10.15999984741211
2006-11-17,0.0002844502597116653,0.005686377321402652,0.007636683557831217,10.050000190734863
2006-11-20,0.0005695145363971577,0.001555247094211495,-0.00016185061297892278,9.970000267028809
2006-11-21,0.0009962401886385846,0.0024383733463657228,0.008061959117047567,9.899999618530273
2006-11-22,0.00198849845647764,0.0016595970303469108,0.0036867805067237296,10.140000343322754
2006-11-24,-0.0040526789419639084,0.0017682018855650831,0.015873349156290163,10.729999542236328
2006-11-27,-0.01384675169572116,0.0036346095520464463,0.003144668656543143,12.300000190734863
2006-11-28,0.004325060130870305,0.0020876445195832896,-0.0020429184074974753,11.619999885559082
2006-11-29,0.010376306386614974,-0.002306781755114867,-0.006470469176144637,10.829999923706055
2006-11-30,0.0004273840470446332,0.006576453854206002,0.019287145099564598,10.90999984741211
2006-12-01,-0.002208741069176776,0.0025411288485032153,-0.004201961494731662,11.65999984741211
2006-12-04,0.0076019007879082985,0.0017479219728618635,0.0,11.229999542236328
2006-12-05,0.00430794817238899,-0.004706430767188016,-0.004846431174560282,11.270000457763672
2006-12-06,-0.0008461532528134703,-0.001976470729826181,-0.017708016022004423,11.329999923706055
2006-12-07,-0.004382601266945299,-0.0007693037297539772,0.0006378714314723856,12.670000076293945
2006-12-08,0.0018406882208914439,-0.00728672804766874,-0.010899295456230593,12.069999694824219
2006-12-11,0.0028943774805401715,0.004311577977958136,0.008345425777865432,10.710000038146973
2006-12-12,-0.0007755394831247077,0.0020943414218668167,-0.0007994122577706783,10.649999618530273
2006-12-13,0.0010576992583925906,-0.008958819407569794,-0.0006400146702843091,10.180000305175781
2006-12-14,0.008772452522002592,-0.003672286389052842,-0.005778517118766663,9.970000267028809
2006-12-15,9.143061240882746e-05,0.0005564252953771796,-0.018194116912789278,10.050000190734863
2006-12-18,-0.002743878453827997,0.00033370662546849635,0.0006555378016999935,10.600000381469727
2006-12-19,0.0019003509171660476,-0.0013371317681338752,0.012373950143335283,10.300000190734863
2006-12-20,-0.0005627217328882834,-0.00011137199672933529,-0.0029168762837298865,10.260000228881836
2006-12-21,-0.0036647770032423466,0.005007798691029668,-0.0039024092413447,10.529999732971191
2006-12-22,-0.006161828166276219,-0.007689299839665556,0.004389187767752673,11.359999656677246
2006-12-26,0.005879276483738336,0.003016281172221992,0.005338490612910114,11.260000228881836
2006-12-27,0.0065472186150675495,-0.007379636920374967,0.0038647661146999175,10.640000343322754
2006-12-28,-0.002107251994002522,-0.002257632645907382,0.01086967687656617,10.989999771118164
2006-12-29,-0.004157414938527287,-0.0007907078899937245,0.004916314035106273,11.5600004196167
2007-01-03,-0.0017672399946482994,0.007098419464609419,-0.014822174634752381,12.039999961853027
2007-01-04,0.002119914139803267,0.0060451103900620974,-0.010167073004529946,11.510000228881836
2007-01-05,-0.008008338880197358,-0.004361619814959084,-0.02429939556012064,12.140000343322754
2007-01-08,0.004614254107352257,0.0017913688344817907,0.005138865501529681,12.0
2007-01-09,-0.0008500928281884624,0.0,0.006099070055031333,11.90999984741211
2007-01-10,0.003326012730443006,-0.004485705440906982,-0.004281928882199839,11.470000267028809
2007-01-11,0.0043707290951251,-0.005861559353561056,0.0006599722253165242,10.869999885559082
2007-01-12,0.007568678132103464,-0.004646416040510716,0.02508270112828025,10.149999618530273
2007-01-16,-0.001956674215296186,0.0021554744190081603,-0.003222122156554715,10.739999771118164
2007-01-17,0.00041944129239754454,-0.0030642885899126856,0.010753625266441386,10.59000015258789
2007-01-18,-0.003361764478118094,0.0030642885899127437,-0.006084903884278258,10.850000381469727
2007-01-19,0.0019628151405368817,-0.002723752434886854,0.011815588337062208,10.399999618530273
2007-01-22,-0.003085511850567116,0.0023843005859813626,-0.004454330886639369,10.770000457763672
2007-01-23,0.002945013936090045,-0.006598305981677761,0.023790048029069068,10.34000015258789
2007-01-24,0.008021338214066276,-0.00011426987601039591,0.0015556703524108786,9.890000343322754
2007-01-25,-0.011809948369460596,-0.007216889550580849,-0.0042060078166053835,11.220000267028809
2007-01-26,-0.0009141255288678621,-0.0008047717873462745,0.0017156771582206524,11.130000114440918
2007-01-29,-0.000563231346939241,-0.002188488182371175,-0.006252915722453849,11.449999809265137
2007-01-30,0.005196548899515712,0.001152221857302123,0.007031840163978631,10.960000038146973
2007-01-31,0.006699943480252991,0.00837378357716386,0.009453779761331271,10.420000076293945
2007-02-01,0.005965156319788585,-0.0012055850812928688,0.005997701647027386,10.3100004196167
2007-02-02,0.0013818706037942194,0.001262045083690355,-0.014517667198963751,10.079999923706055
2007-02-05,0.0002765507624068325,0.0013756842546284813,0.0004665803047738857,10.550000190734863
2007-02-06,0.00027579842014352794,0.005481678381769755,0.007436182408872659,10.649999618530273
2007-02-07,0.002206275947480841,0.0029579116230162425,-0.00247262781476593,10.319999694824219
2007-02-08,-0.0013089554254902438,0.0007939573395242325,0.01367673153177363,10.4399995803833
2007-02-09,-0.007475729995113788,-0.005689512502154375,0.009115926182613185,11.100000381469727
2007-02-12,-0.0034098714461397762,-0.0022851535944525534,-0.006829142171961048,11.609999656677246
2007-02-13,0.008399745455710185,-0.00217584676169366,0.0025853284272528386,10.34000015258789
2007-02-14,0.0065454738251089295,0.009469229264113857,0.008017687793249467,10.229999542236328
2007-02-15,0.001304252828891319,0.0029479928738835523,0.0006025141558484927,10.220000267028809
2007-02-16,-0.0004804302764969913,0.003503347220857691,-0.0007532281767395391,10.020000457763672
2007-02-20,0.0021251033460998082,0.002253604533579877,-0.01594934798707457,10.239999771118164
2007-02-21,-0.00041113836010749137,-0.0016899811846846267,0.030757753667661307,10.199999809265137
2007-02-22,-0.000753708103398908,-0.005427071241779524,-0.002973934507727785,10.180000305175781
2007-02-23,-0.003915315723162854,0.0071170524264642186,0.008452629597989566,10.579999923706055
2007-02-26,-0.0008951413187260463,0.006619242523380771,0.005595615458346798,11.149999618530273
2007-02-27,-0.03984077517310983,0.012556644463192447,-0.040301982788906086,18.309999465942383
2007-02-28,0.01019862663094055,-0.0045373909680900765,0.016225993082467267,15.420000076293945
2007-03-01,-0.002984536731459118,-0.0006353030415578678,-0.009977462163909176,15.819999694824219
2007-03-02,-0.013181213497769814,0.00500108927794415,-0.03258221712050644,18.610000610351562
2007-03-05,-0.009564853185066847,0.0016622772123033908,-0.012318519369876343,19.6299991607666
2007-03-06,0.01696450828628225,-0.0029939993114383705,0.019201112459463956,15.960000038146973
2007-03-07,-0.0010024551793918332,0.0038787973432203252,0.002335563857059509,15.239999771118164
2007-03-08,0.008419583279316111,-0.000884798031782044,0.002795471555182954,14.289999961853027
2007-03-09,0.000284160592223968,-0.010570759976368664,-0.003573426484667515,14.09000015258789
2007-03-12,0.001490519791009651,0.0039073934861211124,0.0018660049578603111,13.989999771118164
2007-03-13,-0.01962510704452646,0.0059982210092278205,-0.010149224534042496,18.1299991607666
2007-03-14,0.007422288243916707,-0.0045503155043154124,0.0034466179547404147,17.270000457763672
2007-03-15,0.0013634882955898867,-0.00011129112239587203,0.0006254052126911442,16.43000030517578
2007-03-16,-0.002804332781076435,-0.0002229269284743299,0.00995347553336337,16.790000915527344
2007-03-19,0.011983398945538978,-0.0021167441425375723,0.0018552126010832166,14.59000015258789
2007-03-20,0.005477093002443596,0.0005570185909562641,0.008153245714605661,13.270000457763672
2007-03-21,0.01632337074024843,0.0004460380975390584,0.008391277663042266,12.1899995803833
2007-03-22,-0.0007683857660792566,-0.007942287994989475,-0.0009119556454928486,12.930000305175781
2007-03-23,0.0014661932959276708,-0.0028117772506004,-0.009319456241314986,12.949999809265137
2007-03-26,-0.0013264703921039562,0.0012386285548728908,0.0105351737556021,13.15999984741211
2007-03-27,-0.0023765829522740616,-0.001688945517686457,-0.002128621706794342,13.479999542236328
2007-03-28,-0.007306723320223528,-0.0020299924520954375,0.005313198131411976,14.979999542236328
2007-03-29,0.001057408822361018,-0.0013559336810021194,-0.006074453180646416,15.140000343322754
2007-03-30,0.0002109813027556219,-0.0019239674736158921,0.0013699117494945744,14.640000343322754
2007-04-02,0.0011260580390374327,0.0016587156484153154,0.0016718692763152765,14.529999732971191
2007-04-03,0.010705155391246408,-0.0012497230630974952,-0.00030371572256647657,13.460000038146973
2007-04-04,0.0011126705895174148,0.0010222971805128377,0.014777044100175683,13.239999771118164
2007-04-05,0.002707597820974368,-0.0037536218141601694,0.0007481567258945134,13.229999542236328
2007-04-09,0.0013858713122245712,-0.006632184459886461,-0.004947934715117107,13.140000343322754
2007-04-10,0.001176073936569232,0.002978879701194108,0.009424931331835548,12.680000305175781
2007-04-11,-0.004088121117930361,-0.000686167909225668,-0.0011919224858818033,13.489999771118164
2007-04-12,0.004433938434744908,0.00022856494864634366,-0.0013426416202099607,12.710000038146973
2007-04-13,0.0045519751565472185,-0.0030944672516441903,0.012608614870701874,12.199999809265137
2007-04-16,0.009451479626121731,0.00549462861382258,0.008220909434594505,11.979999542236328
2007-04-17,0.002655139094556015,0.005577814135507416,-0.0058651417605689645,12.140000343322754
2007-04-18,0.0012228996318249287,0.0049819556523447665,0.005572638868595165,12.420000076293945
2007-04-19,-0.0002717407721647223,-0.0016952725697839026,-0.012508418534408147,12.539999961853027
2007-04-20,0.009396529196678483,-0.00260557477489112,0.017177229296498005,12.069999694824219
2007-04-23,-0.003775179792648042,0.003622974244443442,-0.006425180032736332,13.039999961853027
2007-04-24,0.0004052260233387992,0.0037232871727116397,-0.0077947119837775795,13.119999885559082
2007-04-25,0.009140313419502862,-0.003496863621174872,0.0023594765329765753,13.210000038146973
2007-04-26,0.0011362255018191015,-0.007258647842123247,-0.015138262183911516,12.789999961853027
2007-04-27,-0.000801600519710383,-0.00022728967116444397,0.010265578663396079,12.449999809265137
2007-04-30,-0.008327774208785686,0.010420212648284468,-0.006981108812969409,14.220000267028809
2007-05-01,0.0025594236205820345,0.0007233917059678347,-0.005979893737274426,13.510000228881836
2007-05-02,0.005834305473636302,-0.0005652891901531586,-0.00044992543576865114,13.079999923706055
2007-05-03,0.005402345288168408,-0.0022638914556498127,0.012374279286040058,13.09000015258789
2007-05-04,0.003784214741179306,0.004070950210997833,0.010318555232789657,12.90999984741211
2007-05-07,0.00019875795016449692,0.0027056378671018347,0.0008794717295128392,13.149999618530273
2007-05-08,-0.001325919634607629,-0.0022536093641227664,-0.005436034161360725,13.210000038146973
2007-05-09,0.0027156900590423047,-0.003955865030009501,-0.006354862494686028,12.880000114440918
2007-05-10,-0.010506892523983047,0.0023751949365052195,-0.02173179538259684,13.600000381469727
2007-05-11,0.008520154964926361,-0.0035094330931405397,0.006794997207202193,12.949999809265137
2007-05-14,-0.0021895335363722956,-0.002611083407826346,-0.002561565092633459,13.960000038146973
2007-05-15,0.00026556840956016854,-0.00034119456007165297,0.003915110208388489,14.010000228881836
2007-05-16,0.006817729970102914,-0.0006826605239846183,-0.014227611659689022,13.5
2007-05-17,-0.0019806781998374574,-0.004105622009867142,-0.008265789169946459,13.510000228881836
2007-05-18,0.008686201522499326,-0.006649266618704106,0.007045504789815029,12.760000228881836
2007-05-21,-0.0005245675483588889,0.002985165597988311,0.00228678401065233,13.300000190734863
2007-05-22,-0.0007869765461125598,-0.005173555988256678,-0.007182750193709896,13.0600004196167
2007-05-23,0.00013167975247317372,-0.0028863428050880137,0.005201235113149631,13.239999771118164
2007-05-24,-0.00909454147603274,0.0009243875105577768,-0.012126956660007309,14.079999923706055
2007-05-25,0.004162793319001485,-0.002312612622444414,0.0029301036898510342,13.34000015258789
2007-05-29,0.00361886825851209,-0.000116156232406682,0.0019998045474331656,13.529999732971191
2007-05-30,0.008111727740585616,0.0020819364382137742,-0.005393317205398538,12.829999923706055
2007-05-31,-0.0010431031268632778,-0.0018494786999365864,0.01259036562812169,13.050000190734863
2007-06-01,0.00494500748708288,-0.005268630875852519,0.013638664251469168,12.779999732971191
2007-06-04,0.0001296984842639316,0.004547105085183348,0.0015039628582593058,13.289999961853027
2007-06-05,-0.00396607430773575,-0.0062994027229709,-0.002558095808665873,13.630000114440918
2007-06-06,-0.010808341132856737,-0.0004688861281940935,0.0006025141558484927,14.869999885559082
2007-06-07,-0.01821028969198982,-0.018078745945096814,-0.017468378797244048,17.059999465942383
2007-06-08,0.012927762933023045,-0.0008348428868997902,-0.016064616229808024,14.84000015258789
2007-06-11,0.0017201543325080417,-0.0028679015451107104,0.007446446669522527,14.710000038146973
2007-06-12,-0.010965791854065841,-0.014586524066365705,-0.009316814217075012,16.670000076293945
2007-06-13,0.014857660617635868,0.011830624786107368,0.0066858729089560335,14.729999542236328
2007-06-14,0.006365677382021614,-0.0025237886422452946,0.0010841741372225324,13.640000343322754
2007-06-15,0.005673496998926139,0.0068345635441490835,0.003862500064954589,13.9399995803833
2007-06-18,-0.0011770595401521759,-0.002033905209594373,0.0015408088972500085,13.420000076293945
2007-06-19,0.002482858142801491,0.00929576322452241,0.008127107639137423,12.850000381469727
2007-06-20,-0.013994649349571321,-0.00809906848263323,-0.011829068848465286,14.670000076293945
2007-06-21,0.005542002073182223,-0.004794328543315852,-0.0023207487754052505,14.210000038146973
2007-06-22,-0.009452819697010638,0.006467559874740096,0.00340190875374527,15.75
2007-06-25,-0.004794486054965569,0.00547677522696566,-0.005417527012256908,16.649999618530273
2007-06-26,-0.010330901570271837,0.00023718777634869237,-0.012651498355086123,18.889999389648438
2007-06-27,0.014128104361131955,0.0009489179551212967,0.0007855957384052849,15.529999732971191
2007-06-28,-0.00013310847229960288,-0.00023704380722663573,0.009223921660842944,15.539999961853027
2007-06-29,0.00033255862190273753,0.01026759440407084,0.00015552022019765682,16.229999542236328
2007-07-02,0.009000309564508494,0.005242766029141333,0.011601956095053004,15.399999618530273
2007-07-03,0.0036163699508124513,-0.006115586855712832,-0.004315647745486389,14.920000076293945
2007-07-05,-0.0010505848338939615,-0.011269689860353772,-0.004955100021671941,15.479999542236328
2007-07-06,0.005243473467710227,-0.004065357720524328,0.00834756628035994,14.720000267028809
2007-07-09,0.0007838343253228754,0.003587693622805785,0.006444677526836182,15.15999984741211
2007-07-10,-0.014341096907910177,0.016807272621753532,0.0035117733729580895,17.56999969482422
2007-07-11,0.007064877563552851,-0.010382780467030346,-0.0025944030574640994,16.639999389648438
2007-07-12,0.015666727795817324,-0.0034447510795726057,0.008823945975780085,15.539999961853027
2007-07-13,0.0029749510310942023,0.0027336712370967455,0.00015149014155740927,15.149999618530273
2007-07-16,-0.00012837696065173885,0.00956689390808812,-0.0031854268407077637,15.59000015258789
2007-07-17,-0.0005178567983762635,-0.0021183212859215974,-0.001064067820799445,15.630000114440918
2007-07-18,-0.0018101424683298227,0.0037632336438725364,0.013145202935248576,16.0
2007-07-19,0.003876343825502374,-0.00023566621834646026,0.005837019871235102,15.229999542236328
2007-07-20,-0.010176113629139293,0.008998191197626458,0.008470214516410005,16.950000762939453
2007-07-23,0.003057638281907288,-0.0016301536174263345,-0.0016290356489017837,16.809999465942383
2007-07-24,-0.017493536748009148,0.0037213444850685918,0.0,18.549999237060547
2007-07-25,0.0020468569569836678,0.001972525982162947,-0.008484082789328835,18.100000381469727
2007-07-26,-0.023963589230945808,0.00830708608096442,-0.018861365951098222,20.739999771118164
2007-07-27,-0.019855658678931278,0.002869328405273277,-0.003662416031323392,24.170000076293945
2007-07-30,0.015521893857111911,-0.0028693284052733396,0.005488548312644498,20.8700008392334
2007-07-31,-0.01132715454390867,0.007212898409941834,0.00030410874105093354,23.520000457763672
2007-08-01,0.004860696534068389,-0.0021672097445012495,0.0021257127401822437,23.670000076293945
2007-08-02,0.007958343317309581,0.0025220970598638847,-0.0006069020914542221,21.219999313354492
2007-08-03,-0.026082621850414232,0.006618841217638521,0.012068377589956174,25.15999984741211
2007-08-06,0.016620537760734216,-0.007305914099305184,-0.002552449392796444,22.940000534057617
2007-08-07,0.010612877483273716,-0.0008017676912759931,-0.0006014028171162535,21.559999465942383
2007-08-08,0.013844347994337461,-0.012228186501175778,0.004352626551117794,21.450000762939453
2007-08-09,-0.030081833914096724,0.0013923059435582523,-0.019814572506723634,26.479999542236328
2007-08-10,-0.004687697486101275,-0.0023209581394130416,0.016814765941351804,28.299999237060547
2007-08-13,0.0035874588093779154,0.002899807399979557,-0.004667591916457224,26.56999969482422
2007-08-14,-0.015404430992690137,0.0026607797186341212,0.0004526409523711157,27.68000030517578
2007-08-15,-0.013871052688405583,-0.003587995255683152,-0.002416609910743651,30.670000076293945
2007-08-16,0.007487518680613488,0.01026657528878327,-0.0221704207263521,30.829999923706055
2007-08-17,0.018200506191104155,-0.0040244708208327234,0.005089097649259215,29.989999771118164
2007-08-20,-0.0004835743150014107,0.0005754486868690591,0.0016906267951208541,26.329999923706055
2007-08-21,0.002002890519414333,0.004823738096873504,-0.0007681550545950952,25.25
2007-08-22,0.01179784548854517,-0.001604343287019008,0.0050586729777030584,22.889999389648438
2007-08-23,-0.0008863751622589046,0.00343671479489452,-0.0013771552618831308,22.6200008392334
2007-08-24,0.012277138892057622,0.004907082008062472,0.012174904045098961,20.719999313354492
2007-08-27,-0.009346926049077624,0.005223246682641131,-0.001968313899368514,22.719999313354492
2007-08-28,-0.02222591994322788,0.0016969077821848073,-0.005928527206188511,26.299999237060547
2007-08-29,0.019431732789943805,-0.002716405601420499,0.007291591950524386,23.809999465942383
2007-08-30,-0.0026651108564006818,0.006664745695313171,-0.00409489671224921,25.059999465942383
2007-08-31,0.009805056884846251,0.0007876482220410838,0.010882719149130153,23.3799991607666
2007-09-04,0.010044479824349629,0.00047503521631486864,0.013735746035060996,22.780000686645508
2007-09-05,-0.008690887386660939,0.007984630460987623,0.0017777059079792377,24.579999923706055
2007-09-06,0.002298258297181554,-0.0025796149730012373,0.019059410971297826,23.989999771118164
2007-09-07,-0.014003977847832335,0.014052416338501747,0.0076672893414621345,26.229999542236328
2007-09-10,-0.001919215705325553,0.007721376213356931,0.0033091657188421245,27.3799991607666
2007-09-11,0.01159382231544235,-0.0007690519751039195,0.012844388092752193,25.270000457763672
2007-09-12,0.002572767107161906,-0.0037460348351602436,-0.0008511500075774832,24.959999084472656
2007-09-13,0.007008847749046476,-0.008982021692476987,-0.005407687163316696,24.760000228881836
2007-09-14,-6.710922521726972e-05,0.0014472887204211812,-0.001285128576689731,24.920000076293945
2007-09-17,-0.005387535963635196,0.004770122028998131,0.01390492555765156,26.479999542236328
2007-09-18,0.029014136813577066,-0.007554692705173946,0.010233435305542457,20.350000381469727
2007-09-19,0.0058859615294848166,-0.009300359991190568,-0.0037727516034467587,20.030000686645508
2007-09-20,-0.007066458064320693,-0.019094387747768907,0.01789851321631325,20.450000762939453
2007-09-21,0.002694304546154719,0.008455732322526447,-0.00523929075519364,19.0
2007-09-24,-0.0018441329553773923,0.0028415654928826495,-0.0008297270648809739,19.3700008392334
2007-09-25,-0.0019795619067698943,-0.003524476934657513,0.0006915573409805822,18.600000381469727
2007-09-26,0.0052704307199713295,0.0009102914252299818,-0.004572887160420416,17.6299991607666
2007-09-27,0.005896044847070009,0.006915516548183138,0.009675223546006088,17.0
2007-09-28,-0.0033365318446720864,0.0022563928553740427,0.011080137884340773,18.0
2007-10-01,0.011209552959869246,0.0056979402776547415,0.0052913681556413985,17.84000015258789
2007-10-02,-0.0013620425412881286,0.00314547481100176,-0.02119741661479163,18.489999771118164
2007-10-03,-0.0020140708441027584,-0.002920518246941472,-0.006239146038013328,18.799999237060547
2007-10-04,0.0015598532974657761,0.003817217314957889,0.013400783424484728,18.440000534057617
2007-10-05,0.01181155327051175,-0.010814662857928413,0.00724688703528734,16.90999984741211
2007-10-08,-0.0053399718588571145,-0.0007947788986771199,-0.011923703864010008,17.459999084472656
2007-10-09,0.009373802144035569,-0.0012468142434020988,0.007691255843188692,16.1200008392334
2007-10-10,-0.0016625655928948007,0.0005675020039292673,0.003687327879970425,16.670000076293945
2007-10-11,-0.004812411872134175,-0.0010213996458206462,0.007469350076860184,18.8799991607666
2007-10-12,0.005516464754940081,-0.0048961770958308466,0.009158214525531264,17.729999542236328
2007-10-15,-0.008479657022927163,0.0002287788803036186,0.007346631152413257,19.25
2007-10-16,-0.00796706712014009,0.00034199662470743114,-0.0002661605603641906,20.020000457763672
2007-10-17,0.0030516873538032467,0.010889796235417314,-0.008287746077086587,18.540000915527344
2007-10-18,-0.003636657453906843,0.005512665808574864,0.01993421490081733,18.5
2007-10-19,-0.02650502957001463,0.014811803144420278,-0.003955220156770456,22.959999084472656
2007-10-22,0.005795983605480546,0.00011089159904199757,-0.014637633373986493,21.639999389648438
2007-10-23,0.00807152914559103,-0.0013274928580394973,0.008409645438828075,20.40999984741211
2007-10-24,-0.0018466162373425206,0.0073878736282268,0.0038473451919205023,20.799999237060547
2007-10-25,0.002373524421085034,-0.0034110407146120732,0.0067305057984769715,21.170000076293945
2007-10-26,0.01165513883777954,-0.0023182249279973667,0.02159859720250343,19.559999465942383
2007-10-29,0.0033146778277911,0.0038601358650342137,0.005519560779674641,19.8700008392334
2007-10-30,-0.006966836072291464,-0.0005506317413006846,-0.00990558387484408,21.06999969482422
2007-10-31,0.010334181791723593,-0.00907185821109564,0.016285597636482487,18.530000686645508
2007-11-01,-0.02368555439115042,0.012909379924436056,-0.008815163157122153,23.209999084472656
2007-11-02,0.0011248350466222558,0.003191343754525666,0.024088404823137864,23.010000228881836
2007-11-05,-0.0076347355627504705,-0.00044010793062779083,-0.0010026549296778963,24.309999465942383
2007-11-06,0.013372023827482217,-0.004847361485159859,0.020847017561792937,21.389999389648438
2007-11-07,-0.02773672120220947,0.0017651552539007154,0.009898016504542712,26.489999771118164
2007-11-08,-0.0050832558606623834,-0.0017651552539006334,-0.00012153592477733841,26.15999984741211
2007-11-09,-0.013822085844088542,0.008466608547901797,-0.0006082726377443839,28.5
2007-11-12,-0.009970572578374075,0.003607290846380217,-0.04836432519681577,31.09000015258789
2007-11-13,0.03002431791147462,-0.0037165106389331517,0.010418080056634612,24.100000381469727
2007-11-14,-0.0027724540836958273,0.0010939314934154535,0.014554786693980836,25.940000534057617
2007-11-15,-0.014529502009442094,0.009363626481869025,-0.02945295236897934,28.059999465942383
2007-11-16,0.0017164636812865407,0.0014077264740485233,-0.0025690052942447775,25.489999771118164
2007-11-19,-0.014021549770489257,0.006471990591867577,-0.006581121156079224,26.010000228881836
2007-11-20,0.006102450406312329,-0.0010752921506823004,0.02846217740937644,24.8799991607666
2007-11-21,-0.020677138099548468,0.005794408050805903,-0.0013851366451013488,26.84000015258789
2007-11-23,0.01714489215311832,0.0029920133549468345,0.023536350542307537,25.610000610351562
2007-11-26,-0.022310218058361496,0.01954557937881589,0.0006152328809138596,28.90999984741211
2007-11-27,0.011427532893339292,-0.009566664964542154,-0.014870219066121595,26.280000686645508
2007-11-28,0.0314836297167635,-0.00678286517637072,-0.006638701470507684,24.110000610351562
2007-11-29,0.00033968519669225515,0.008576770999695685,-0.01634500662031746,23.969999313354492
2007-11-30,0.010005495843611078,-0.00486177447467546,-0.012339476540602861,22.8700008392334
2007-12-03,-0.00661446596004008,0.007903879324883597,0.012339476540602936,23.610000610351562
2007-12-04,-0.00897732731556452,-0.00010563204974883409,0.014206260536894314,23.790000915527344
2007-12-05,0.016600529008962615,-0.011997972902730986,-0.009745116397743728,22.530000686645508
2007-12-06,0.014211834824226598,-0.008798813526328296,0.009367226634607144,20.959999084472656
2007-12-07,-0.0001985492532139456,-0.011271779591736258,-0.009748817685628595,20.850000381469727
2007-12-10,0.007722620394392483,-0.006012141632831395,0.017654954651938483,20.739999771118164
2007-12-11,-0.027802333196698826,0.01943717157693068,-0.01460619883925386,23.59000015258789
2007-12-12,0.00982204747345441,-0.01037710599242355,0.020712490730692895,22.469999313354492
2007-12-13,-0.002076916149309536,-0.010925888287851949,-0.025034301776957927,22.559999465942383
2007-12-14,-0.012761024035701275,-0.004624395948711137,0.00025470186730374784,23.270000457763672
2007-12-17,-0.014371904513093168,0.008899574994322776,-0.004979255801014288,24.520000457763672
2007-12-18,0.0055681769416295575,0.006432754352387665,0.01423334190273785,22.639999389648438
2007-12-19,0.0,0.013172670091044858,-0.00012621788603144562,21.68000030517578
2007-12-20,0.006286973343850743,-0.0021474862894970345,-0.007219329805340328,20.579999923706055
2007-12-21,0.014311991455395037,-0.014726211430480777,0.01801396995862084,18.469999313354492
2007-12-24,0.007398512690987323,-0.004702446766567921,0.0004992625672929884,18.600000381469727
2007-12-26,0.002142485107241015,-0.008806616876122266,0.017073250143272604,18.65999984741211
2007-12-27,-0.012651009484426353,0.01084202725366521,0.0004905680371817453,20.260000228881836
2007-12-28,-0.0025084537961782686,0.015474547650772563,0.01750169202421168,20.739999771118164
2007-12-31,-0.007427707554355975,0.006036352961323043,-0.006527291620528274,22.5
2008-01-02,-0.00879290186415335,0.014299836224903056,0.028689530790562096,23.170000076293945
2008-01-03,-0.0004834796530409877,-0.0013782504937502138,0.008331903896944106,22.489999771118164
2008-01-04,-0.024811381795296898,0.00021227601499196848,-0.005155283230996526,23.940000534057617
2008-01-07,-0.0008497888878786727,0.0043403194939140854,-0.004237800612756689,23.790000915527344
2008-01-08,-0.016280115817215838,-0.0011632601070762202,0.023434499283740494,25.43000030517578
2008-01-09,0.010455149063664413,0.0019017103053786026,-0.0026538494212900304,24.1200008392334
2008-01-10,0.006533212107446154,-0.013600821685463216,0.019451378931132805,23.450000762939453
2008-01-11,-0.008101431839403265,0.007778712469009647,0.003732423352843317,23.68000030517578
2008-01-14,0.008030350072428805,0.0037090772598094976,0.010779343871355922,22.899999618530273
2008-01-15,-0.022258350724926695,0.011148547112787607,-0.017462315658241516,23.34000015258789
2008-01-16,-0.008650312923967741,-0.007242494095042765,-0.014769298791920495,24.3799991607666
2008-01-17,-0.02625799297819011,0.012874352532922973,-0.002309434649609837,28.459999084472656
2008-01-18,-0.010320524008864778,-0.006887415693988847,0.010579654551845074,27.18000030517578
2008-01-22,-0.010198868461238034,0.010623870376020174,0.008542679841935765,31.010000228881836
2008-01-23,0.023736891364236887,-0.0022817563778386608,-0.003180722699554567,29.020000457763672
2008-01-24,0.008406347189195527,-0.020246403085295694,0.02461215908630366,27.780000686645508
2008-01-25,-0.014551183055309402,0.016710440298546073,0.0024393095003429448,29.079999923706055
2008-01-28,0.016401863778675474,-0.00375982510663132,0.015929992715972913,27.780000686645508
2008-01-29,0.004941790275256186,-0.006822904926837166,-0.0065609690697016314,27.31999969482422
2008-01-30,-0.007385523795761965,-0.006551972629877762,0.009933994004387969,27.6200008392334
2008-01-31,0.01806991122520548,0.007078687880929519,-0.007195016714744232,26.200000762939453
2008-02-01,0.015960139998867785,0.005992685028611657,-0.022684270626732738,24.020000457763672
2008-02-04,-0.012689263522648622,-0.01034394776700901,-0.0028019071765902166,25.989999771118164
2008-02-05,-0.027138990595580365,0.00760936773189988,-0.01606549067103019,28.239999771118164
2008-02-06,-0.008084443217495785,-0.0030564993478616573,0.014380553122886813,28.969999313354492
2008-02-07,0.0065919926560323045,-0.02178236558656798,0.010067216443898174,27.65999984741211
2008-02-08,-0.006441764038868372,0.011376685850751751,0.012717910269796405,28.010000228881836
2008-02-11,0.005097186631750813,0.004153948535857817,0.0036198342355131343,27.600000381469727
2008-02-12,0.009228283659876392,-0.0059698422608611005,-0.022141942540969888,26.329999923706055
2008-02-13,0.010171051963989236,-0.010641432828710854,0.0012306384919769915,24.8799991607666
2008-02-14,-0.008838343158687855,-0.014805321461480255,0.0030141986624117353,25.540000915527344
2008-02-15,-0.00022220564927754704,0.007647500419968323,-0.006261873940772848,25.020000457763672
2008-02-19,0.002808203917588428,-0.010173239230968328,0.026892565797985494,25.59000015258789
2008-02-20,0.0029469466615103684,0.006903155850559632,0.01796386403346683,24.399999618530273
2008-02-21,-0.008348589026995175,0.010535527662165603,0.000107267267463442,25.1200008392334
2008-02-22,0.006138957269297301,-0.005741916104517018,0.0015002080621885686,24.059999465942383
2008-02-25,0.012529841414755178,-0.010269128224154073,-0.00698441065741686,23.030000686645508
2008-02-26,0.00747231270534858,0.00033026109451831525,0.010405041437242168,21.899999618530273
2008-02-27,-0.001012757202893408,0.0008772120815633518,0.011353506294170987,22.690000534057617
2008-02-28,-0.009814713804292689,0.017609411857381605,0.012685593460616694,23.530000686645508
2008-02-29,-0.022535758497490385,0.015183613538410162,0.001977441901755274,26.540000915527344
2008-03-03,-0.0023943878478206253,-0.002580339715284117,0.010960688456801523,26.280000686645508
2008-03-04,-0.003827159300088675,-0.009765251386484996,-0.02141228858001734,25.520000457763672
2008-03-05,0.00629635181455799,-0.012042537725214332,0.02633641998211893,24.600000381469727
2008-03-06,-0.020915047457427508,0.005333016005260742,-0.012563250536444711,27.549999237060547
2008-03-07,-0.010354260746924474,0.0013020314951455625,-0.004257794167007869,27.489999771118164
2008-03-10,-0.013271161690984428,0.014638585243758719,-0.0022920784400025053,29.3799991607666
2008-03-11,0.0353069214710077,-0.008584753689500296,0.0012508613827964979,26.360000610351562
2008-03-12,-0.009394994251524649,0.019106969126395406,0.010570090873189882,27.219999313354492
2008-03-13,0.002205332140931369,-0.007854633581100742,0.013616736750610736,27.290000915527344
2008-03-14,-0.015617349590367665,0.012285338720492306,0.0037554244103494877,31.15999984741211
2008-03-17,-0.010158639565621715,0.007654756540842906,0.004649281579360488,32.2400016784668
2008-03-18,0.04070348124684462,-0.003873085338038348,-0.027292522389296952,25.790000915527344
2008-03-19,-0.025081462604390217,0.01643405089613361,-0.03651349029438361,29.84000015258789
2008-03-20,0.018353009672018892,0.0024725273791099457,-0.03422030732304092,26.6200008392334
2008-03-24,0.019790746198018176,-0.019535564706581836,0.002110936951383417,25.729999542236328
2008-03-25,0.0009646428032383606,0.004188430323865948,0.0287719333343951,25.719999313354492
2008-03-26,-0.012311306749698695,-0.004188430323865913,0.011472807533615594,26.079999923706055
2008-03-27,-0.0031585012441806546,-0.007054126342188057,-0.0036313610705569657,25.8799991607666
2008-03-28,-0.009610498090152108,0.009675080358274716,-0.01705017954859946,25.709999084472656
2008-03-31,0.003491976658461214,0.0035515480873117697,-0.01612842667290047,25.610000610351562
2008-04-01,0.034555140523335165,-0.01640914587109931,-0.04005728712133439,22.68000030517578
2008-04-02,0.0006587748256109273,0.0021269185303260385,0.027367813453476903,23.43000030517578
2008-04-03,0.002483925076691876,0.002228890095206412,0.0016789027418238158,23.209999084472656
2008-04-04,-0.0010950591174922202,0.00907444106229826,0.009239246884171022,22.450000762939453
2008-04-07,0.0005111975192463311,-0.005265749636183627,0.010142278299860375,22.420000076293945
2008-04-08,-0.0010225010911231304,-0.0034909023723967937,-0.009034875363145666,22.360000610351562
2008-04-09,-0.007262380215838414,0.010331701178899812,0.02124480304789454,22.809999465942383
2008-04-10,0.0013979902474705941,-0.003361971362693237,-0.005650392946536727,21.979999542236328
2008-04-11,-0.019599492432808226,0.0067124032268222064,-0.005134589224534746,23.459999084472656
2008-04-14,-0.0033798179183612454,-0.005870970955115765,-0.002083246601698784,23.81999969482422
2008-04-15,0.0023293794758914095,-0.012484759767163298,0.00601854460933773,22.780000686645508
2008-04-16,0.02673341637157053,-0.009842685774244858,0.017412357713036033,20.530000686645508
2008-04-17,0.0014604198268616756,-0.0017219014063887747,-0.007641420238254219,20.3700008392334
2008-04-18,0.010379861431794582,-0.0008618515172837801,-0.021182086961172856,20.1299991607666
2008-04-21,0.0005057900014061027,0.003980318339562493,-0.004091372334785702,20.5
2008-04-22,-0.004412742063350571,0.0034289536236150487,0.00022154490937352197,20.8700008392334
2008-04-23,-0.0015958733139977998,-0.0033217418029475062,-0.011699898740300238,20.260000228881836
2008-04-24,0.004346914308301966,-0.00851657961249758,-0.02267156697176417,20.059999465942383
2008-04-25,0.009211614811650531,-0.005864477162583462,0.0005730462988536478,19.59000015258789
2008-04-28,0.00021480903951204828,0.0030447578882441687,0.004801172923441089,19.639999389648438
2008-04-29,-0.003946942966666426,0.0037937734809529154,-0.021672374264867317,20.239999771118164
2008-04-30,-0.005913599809224022,0.007113327082954245,0.009741512403569545,20.790000915527344
2008-05-01,0.02047471059952267,6.444790080465879e-05,-0.031179315068104025,18.8799991607666
2008-05-02,0.0027596791949979233,-0.012689555438875587,0.007000134989940103,18.18000030517578
2008-05-05,-0.004816537961845605,0.0,0.01978402048340779,18.899999618530273
2008-05-06,0.008625787866737561,-0.007231361618834097,0.004164270020763222,18.209999084472656
2008-05-07,-0.017971362149116276,0.004278698347336024,-0.00939406818992347,19.729999542236328
2008-05-08,-0.002583484245051155,0.00893808979803543,0.0164108408392243,19.399999618530273
2008-05-09,-0.0018702262430936496,0.003682106540830918,0.0020611516430740643,19.40999984741211
2008-05-12,0.011168567112045592,-0.0015147615682263157,-0.004930923527425635,17.790000915527344
2008-05-13,0.00014228394207431918,-0.010995931870369045,-0.018564154190549235,17.979999542236328
2008-05-14,0.00206197821726859,0.000438178059803397,-0.0022275927551882613,17.65999984741211
2008-05-15,0.01242495253956249,0.009040765196193783,0.020906720638068043,16.299999237060547
2008-05-16,0.0009124799422885756,-0.004128506962382323,0.023851198696715047,16.469999313354492
2008-05-19,0.002729927913418441,0.0013054577976230133,0.003249494920499919,17.010000228881836
2008-05-20,-0.008142410459427925,0.005205846208066807,0.016751205697980824,17.579999923706055
2008-05-21,-0.01705904717005711,0.00021660035532547809,0.01159367196948849,18.59000015258789
2008-05-22,0.00014334950351968612,-0.011859800406659784,-0.010713950899921191,18.049999237060547
2008-05-23,-0.01349473061986566,0.004368504130118471,0.002744088114413663,19.549999237060547
2008-05-27,0.007383300218794344,-0.006778163800914879,-0.02071066556256065,19.639999389648438
2008-05-28,0.004604738677211979,-0.008926561631998587,-0.0024650009199021954,19.06999969482422
2008-05-29,0.005012920363922823,-0.00722106709192268,-0.029948121785563844,18.139999389648438
2008-05-30,0.002496727188326358,0.006557317119392499,0.010807127681703298,17.829999923706055
2008-06-02,-0.010385037369082235,0.0038493051904939617,0.005814988710672287,19.829999923706055
2008-06-03,-0.005848684091450482,0.007172377079772269,-0.01235433070599784,20.239999771118164
2008-06-04,-0.0005070132967808698,-0.008945408551271745,-0.00265079080081508,20.799999237060547
2008-06-05,0.019799816583612198,-0.006008761022546353,-0.002310856942839816,18.6299991607666
2008-06-06,-0.03241346505920755,0.012863656794870719,0.029744095652049107,23.559999465942383
2008-06-09,0.002418477709999554,0.0,-0.01208712510114185,23.1200008392334
2008-06-10,-0.004989520366730976,-0.006522533602953163,-0.028122111368949234,23.18000030517578
2008-06-11,-0.01482208223475528,-0.0023315391765889064,0.01703690270554308,24.1200008392334
2008-06-12,0.003800280392732092,-0.010054814994012323,-0.016452673393949773,23.329999923706055
2008-06-13,0.012565236148017458,-0.002136097382409716,0.0026833517416247226,21.219999313354492
2008-06-16,0.0005874121075487644,0.00022536452513829855,0.013654462065851207,20.950000762939453
2008-06-17,-0.004856794622820066,0.0020229980737905876,0.0027544819530526043,21.1299991607666
2008-06-18,-0.009784061541460522,0.00838504384859727,0.011736006478369521,22.239999771118164
2008-06-19,0.0012655172655063566,-0.005917881404329837,0.0015846001285877345,21.579999923706055
2008-06-20,-0.016365151103622123,0.005806553653138537,0.0059762121136616485,22.8700008392334
2008-06-23,-0.0009883727860911014,0.0021136177968921984,-0.02113235514821951,22.639999389648438
2008-06-24,-0.0019796810509312844,0.0066446050707148156,0.004353866732505198,22.420000076293945
2008-06-25,0.0047146202074106434,0.0004414269750469657,-0.0005718228977623296,21.139999389648438
2008-06-26,-0.027536006059386095,0.006707853607012463,0.03584052048031919,23.93000030517578
2008-06-27,-0.005473948164551438,0.011656598472344975,0.009446474043668393,23.440000534057617
2008-06-30,0.0035223692142191125,0.00021715532819025995,-0.0007655678590445136,23.950000762939453
2008-07-01,0.0031205854185941875,-0.0023724847130458266,0.013691424355889053,23.649999618530273
2008-07-02,-0.017284786952552995,0.005215575860923849,0.0054888422989871725,25.920000076293945
2008-07-03,0.0010293801564925929,-0.002169263897709118,-0.011985249940131814,24.780000686645508
2008-07-07,-0.010265474249534246,0.004551330731041661,-0.009056684715605397,25.780000686645508
2008-07-08,0.017601086078812483,0.006466286099460255,-0.004063960105008701,23.149999618530273
2008-07-09,-0.019442428822546137,0.004394189785546418,0.007019105232723836,25.229999542236328
2008-07-10,0.0040784511185280314,-0.00010649185248408324,0.021943255113523116,25.59000015258789
2008-07-11,-0.011720390801696894,-0.014329004090217102,0.017277496523462485,27.489999771118164
2008-07-14,-0.009084953393337711,0.008750942545293475,0.007850566004166892,28.479999542236328
2008-07-15,-0.014197199110328124,-0.00032251929770816536,0.0027071497619921858,28.540000915527344
2008-07-16,0.024250931176898548,-0.018241237666696466,-0.01815270161590802,25.100000381469727
2008-07-17,0.009953406330328866,-0.005163776075504508,-0.0023322518409360084,25.010000228881836
2008-07-18,0.006210953943904984,-0.0037519389590061256,-0.0005308461499447085,24.049999237060547
2008-07-21,0.0005553770944104429,0.0038628136012448834,0.010037641179610729,23.049999237060547
2008-07-22,0.01128068977058911,-0.004969077069980798,-0.021894861075694584,21.18000030517578
2008-07-23,0.0053977676149917185,-0.0019940465858130406,-0.027121391164392418,21.309999465942383
2008-07-24,-0.02097183990288666,0.009711813891395847,0.008356311735007812,23.440000534057617
2008-07-25,-0.0002388846173375943,-0.010044565926304932,0.0039340079361909145,22.90999984741211
2008-07-28,-0.014772312641736734,0.010044565926304962,0.0004361674288188628,24.229999542236328
2008-07-29,0.02112786778640993,-0.004072262691097866,-0.01250572486127245,22.030000686645508
2008-07-30,0.017660083210241886,0.0009919849197340001,-0.01188176475168946,21.209999084472656
2008-07-31,-0.013314588886063483,0.009867658913839922,0.006236158213952812,22.940000534057617
2008-08-01,-0.005296549821829477,0.0022080557112276605,-0.0056777456383802685,22.56999969482422
2008-08-04,-0.009317287168187126,-0.002296266864554207,-0.016093986590938986,23.489999771118164
2008-08-05,0.026605039856013344,-0.00747413271055528,-0.023649334804024327,21.139999389648438
2008-08-06,0.004430966966881974,-0.00408961866166897,0.006484477963029264,20.229999542236328
2008-08-07,-0.0150037875707487,0.01615194124239548,-0.006368377516337615,21.149999618530273
2008-08-08,0.01841037993789643,0.002720559789319958,-0.01947042583576133,20.65999984741211
2008-08-11,0.010305040578887287,-0.00961193493555855,-0.039870019743063895,20.1200008392334
2008-08-12,-0.010459266176569842,0.009286843361308247,-0.007547213471977264,21.170000076293945
2008-08-13,-0.00604848318161132,-0.0034864740047033755,0.012833356691477001,21.549999237060547
2008-08-14,0.007516178304452669,0.006417199960566351,-0.027470488029696195,20.34000015258789
2008-08-15,0.004851815356965982,0.008635694684612207,-0.021914512705522013,19.579999923706055
2008-08-18,-0.013769236368505312,0.003968540831603019,0.014959120554555644,20.979999542236328
2008-08-19,-0.010964103024268878,-0.0038614346418339427,0.020474209118556685,21.280000686645508
2008-08-20,0.004635218024961052,0.002790451278612734,-0.0046109216405604905,20.420000076293945
2008-08-21,0.0017232258660432635,-0.0018230511663598825,0.027594821694200418,19.81999969482422
2008-08-22,0.01437174183543763,-0.0006448989355408243,-0.014934800596812396,18.809999465942383
2008-08-25,-0.020493974670599664,0.009942027944050497,-0.00185175688863645,20.969999313354492
2008-08-26,0.0029085805775555863,0.0008499641807302797,0.00370009111066845,20.489999771118164
2008-08-27,0.009687034534618095,0.0017002358807238233,0.0015990808530273566,19.760000228881836
2008-08-28,0.01205476733971996,0.00010497597456982334,0.010028207926600663,19.43000030517578
2008-08-29,-0.010812101332818192,-0.0044658124042372465,-0.005735584976745511,20.649999618530273
2008-09-02,-0.006230813612124131,0.009262404469351245,-0.031200121903938532,21.989999771118164
2008-09-03,-0.000859590756781386,0.004229485517324643,-0.003921790917827457,21.43000030517578
2008-09-04,-0.030569231545344307,0.007986827576253751,-0.006358108955715176,24.030000686645508
2008-09-05,0.0031399766708672464,-0.0005222769882609457,0.007498337947551977,23.059999465942383
2008-09-08,0.02044516706846502,0.00418102170015478,-0.001520562172927079,22.639999389648438
2008-09-09,-0.030136980939010963,0.009857883979510953,-0.03051415078362391,25.469999313354492
2008-09-10,0.004049598764985105,-0.006215224052344748,-0.03012631332599945,24.520000457763672
2008-09-11,0.014364509633134645,-0.0005199513864083899,-0.015478915514254269,24.389999389648438
2008-09-12,0.004610470592538174,-0.012975639516042685,0.0332399725473417,25.65999984741211
2008-09-15,-0.04875445086301643,0.03192631871526181,0.026257069784174,31.700000762939453
2008-09-16,0.016598650835179328,-0.0002034133048919327,-0.009977363631870767,30.299999237060547
2008-09-17,-0.0460049724879797,0.004986417780892173,0.10697398423801134,36.220001220703125
2008-09-18,0.029239912945673286,-0.014728213689883297,-0.03162032125475302,33.099998474121094
2008-09-19,0.0389453600111389,-0.03225116671176607,0.03768665186313431,32.06999969482422
2008-09-22,-0.022899639352911044,-0.00010594772999061622,0.036542052510024896,33.849998474121094
2008-09-23,-0.023014142922246333,-0.003839799312760956,-0.009690223547907538,35.720001220703125
2008-09-24,0.0032002170118279882,0.004371071818925533,-0.018397372242872228,35.189998626708984
2008-09-25,0.01551868680117483,-0.00202300538261347,-0.0030030300021146434,32.81999969482422
2008-09-26,0.0004960115481393312,0.007222153485601428,0.0021954188195928825,34.7400016784668
2008-09-29,-0.08160205984653862,0.028685206582387657,0.033258843431934,46.720001220703125
2008-09-30,0.04055634072195965,-0.024672104207448267,-0.051545995679539464,39.38999938964844
2008-10-01,0.0006032601338589521,0.012501906858144436,0.010523968985084205,39.810001373291016
2008-10-02,-0.036948773132712144,0.00800651650521901,-0.04326282883476272,45.2599983215332
2008-10-03,-0.013592021481236822,0.008766370267477367,0.003152979931026516,45.13999938964844
2008-10-06,-0.0522764966703225,0.01800890883582507,0.02025601097029596,52.04999923706055
2008-10-07,-0.045819990584650215,-0.0030294165751167113,0.03486214825706517,53.68000030517578
2008-10-08,-0.025515198640086202,-0.014466895644834915,0.02433762761966628,57.529998779296875
2008-10-09,-0.07239784353618628,-0.008449818536329565,0.005353608121824253,63.91999816894531
2008-10-10,-0.024554542137897283,-0.0070618331651525435,-0.07721024022746184,69.94999694824219
2008-10-13,0.13557696752814685,-0.012902382525332937,-0.014890455669864109,54.9900016784668
2008-10-14,-0.014910727294807401,-0.006461188775494761,0.0025580023828085247,55.130001068115234
2008-10-15,-0.10363697998749355,0.009518059801780868,0.01341329574561084,69.25
2008-10-16,0.040813203892175035,-0.005170963540420841,-0.04945653185086193,67.61000061035156
2008-10-17,-0.005990062103052619,-0.006900752946525982,-0.0265830583677772,70.33000183105469
2008-10-20,0.05834410056940996,0.007957984230344457,0.016569654325264915,52.970001220703125
2008-10-21,-0.030310265424192653,0.005270739056396625,-0.03197064160356307,53.11000061035156
2008-10-22,-0.05599299067335377,0.020087503467130896,-0.058497788057396756,69.6500015258789
2008-10-23,0.011517977971258095,0.007391034985297488,-0.014892064399146903,67.80000305175781
2008-10-24,-0.05204597630373232,-0.01069364473771498,0.021840397056156174,79.12999725341797
2008-10-27,-0.03614665193942717,0.0007226231093743295,-0.00041552434178707896,80.05999755859375
2008-10-28,0.11051719651631013,-0.014672089674589236,0.022060230034850928,66.95999908447266
2008-10-29,-0.007278897781083566,-0.005044916345716626,0.0028418597266937724,69.95999908447266
2008-10-30,0.034008817767915846,-0.009103534259720446,-0.01758617913369578,62.900001525878906
2008-10-31,0.005488902962539367,-0.013056049715978409,-0.019021785472914204,59.88999938964844
2008-11-03,0.00288764791678469,0.0026995655794568537,-0.0033698132493902304,53.68000030517578
2008-11-04,0.03341691877362605,0.018594620794305638,0.05978044962665676,47.72999954223633
2008-11-05,-0.042936401291247324,0.011788714910216347,-0.03615176785243687,54.560001373291016
2008-11-06,-0.05700560705688233,-0.007246219480674138,-0.007998964370514715,63.68000030517578
2008-11-07,0.03248426060611861,-0.006556024764173106,0.003869529108754129,56.099998474121094
2008-11-10,-0.01319123904376246,0.004868288348968482,0.014786712701221597,59.97999954223633
2008-11-11,-0.03136182557220425,0.0029519079336078414,-0.021012909760209354,61.439998626708984
2008-11-12,-0.04499884929659918,0.006400729216225953,-0.02886512275228242,66.45999908447266
2008-11-13,0.06047392221272431,-0.024243080415076328,0.030252064319223424,59.83000183105469
2008-11-14,-0.05119538261332711,0.019630809881637987,0.015813344157826127,66.30999755859375
2008-11-17,-0.013365157193453908,0.004402583437584781,-0.008907239506966189,69.1500015258789
2008-11-18,0.01866171095380881,0.01278545423214638,-0.0019288981747573384,67.63999938964844
2008-11-19,-0.0662240769648685,0.025292414736115036,-0.003453757562079425,74.26000213623047
2008-11-20,-0.07713297079397519,0.05037109011512789,0.016334105788500954,80.86000061035156
2008-11-21,0.052537990991822124,-0.014565188457166516,0.07094243298627406,72.66999816894531
2008-11-24,0.06699572915569323,-0.015767118313693193,0.025790177023884007,64.69999694824219
2008-11-25,0.007381990846637229,0.02899046558479656,-0.0004945100106059737,60.900001525878906
2008-11-26,0.03791330196594008,0.001341841186062912,-0.006077606219572271,54.91999816894531
2008-11-28,0.01250990903493478,0.012276784176922247,-0.0008712390504950196,55.279998779296875
2008-12-01,-0.09274962795967047,0.03758083476421312,-0.059776655395983355,68.51000213623047
2008-12-02,0.037762942576734196,0.003831140602955571,0.01703836022130856,62.97999954223633
2008-12-03,0.023757306800710296,0.002819517530137102,-0.01005685556947555,60.720001220703125
2008-12-04,-0.02340553473994973,0.019512234261533732,-0.008966308801461867,63.63999938964844
2008-12-05,0.030366788200585308,-0.01633925313527334,-0.01306515556901043,59.93000030517578
2008-12-08,0.0343186559362487,-0.002175748162173324,0.022293921957316113,58.4900016784668
2008-12-09,-0.016620661061005133,0.019583226451385674,0.0017046471557575096,58.90999984741211
2008-12-10,0.006792151200573871,-0.002404857242993248,0.043830671865911774,55.72999954223633
2008-12-11,-0.024376581865345633,0.0019593058515916485,0.0112220818260269,55.779998779296875
2008-12-12,0.01186946742377594,0.0,0.001981866542690083,54.279998779296875
2008-12-15,-0.014032512136139447,0.011326619122021715,0.021908972020150932,56.7599983215332
2008-12-16,0.04599213222386991,0.024424057683981898,0.022268376612201064,52.369998931884766
2008-12-17,-0.009734492320977832,0.026772756898841225,0.011419292069736266,49.84000015258789
2008-12-18,-0.018859652278407725,0.02076600170679273,-0.01842931699135299,47.34000015258789
2008-12-19,-0.004310703087899656,0.001063606121547796,-0.014895236270839864,44.93000030517578
2008-12-22,-0.012896131837894268,-0.007718383780198524,0.009994686720185789,44.560001373291016
2008-12-23,-0.010391420786179613,-0.00131913836838136,-0.009994686720185745,45.02000045776367
2008-12-24,0.0057861167155968726,-0.002147793170012797,0.009994686720185789,44.209999084472656
2008-12-26,0.0057533088611402775,0.0033022921884077734,0.025317801128255938,43.380001068115234
2008-12-29,-0.0028725768860874447,-0.0011996870630784878,0.008723521599817628,43.900001525878906
2008-12-30,0.023426137827990814,0.009478975494568562,-0.005224940168183113,41.630001068115234
2008-12-31,0.014173604145015279,-0.021140600779522043,0.007191715531704658,40.0
2009-01-02,0.02969677796413057,-0.02545832540878892,-0.003357378391118624,39.189998626708984
2009-01-05,-0.0011839189432206654,-0.026121962051045635,-0.020503324199848343,39.08000183105469
2009-01-06,0.006654625376558381,-0.010109102986733053,0.00766460793819893,38.560001373291016
2009-01-07,-0.030413677420815112,0.003913882052555252,-0.028355453375407055,43.38999938964844
2009-01-08,0.004072268777794116,-0.0007985921708310294,0.020454024408850847,42.560001373291016
2009-01-09,-0.02165220461182828,0.0015085437117526646,-0.006414096397031772,42.81999969482422
2009-01-12,-0.02431330435619761,0.010325944511763554,-0.03838212237276427,45.84000015258789
2009-01-13,0.0018381610001046622,0.0010520548181680474,0.001484720857258964,43.27000045776367
2009-01-14,-0.03195979050447091,0.01635412412104616,-0.013568345959084955,49.13999938964844
2009-01-15,0.00035568993930106885,0.0016385584464651947,0.007491587953086663,51.0
2009-01-16,0.007789231237455422,-0.015539401751050912,0.028450719887202026,46.11000061035156
2009-01-20,-0.05423016298439684,-0.0001749474383120627,0.021647650395541167,56.650001525878906
2009-01-21,0.04228537088087675,-0.03209916630719643,-0.0043872142605711085,46.41999816894531
2009-01-22,-0.015588080122458403,-0.019433216172214073,0.005096914923472842,47.290000915527344
2009-01-23,0.004341097471811023,-0.007862677475407432,0.04564361014124338,47.27000045776367
2009-01-26,0.006834860503996949,-0.00876762380378738,0.004732915968779248,45.689998626708984
2009-01-27,0.010106620150645567,0.023241557376349004,-0.006428711177525445,42.25
2009-01-28,0.03327455348892446,-0.02530445041101534,-0.01092160013595116,39.65999984741211
2009-01-29,-0.033037985011675014,-0.023266005169062774,0.023514556791130875,42.630001068115234
2009-01-30,-0.02055224059459682,-0.0031760643594708014,0.02002165860988255,44.84000015258789
2009-02-02,-0.0030229062487297093,0.01843458756838066,-0.027423326085868636,45.52000045776367
2009-02-03,0.013948887500738203,-0.024104684923379215,-0.004173432511596273,43.060001373291016
2009-02-04,-0.004908634668898804,-0.003505000371613331,0.007993277328123664,43.849998474121094
2009-02-05,0.014771406537328297,0.0008772016089195456,0.010485343419634507,43.72999954223633
2009-02-06,0.0280989990049924,-0.003123488378360546,-0.005898480307817772,43.369998931884766
2009-02-09,0.0013785218775799492,0.0032216974413066396,-0.014277086659724235,43.63999938964844
2009-02-10,-0.04689208254030525,0.02149656397780174,0.021173696446258473,46.66999816894531
2009-02-11,0.005878279345901189,0.012887262892402357,0.022795527677897713,44.529998779296875
2009-02-12,0.0007173657610096921,-0.009459110866957146,0.009489958611898299,41.25
2009-02-13,-0.010815717885187424,-0.026973590127293896,-0.00667668981583939,42.93000030517578
2009-02-17,-0.0437164513543356,0.030673666702635678,0.030853446205778977,48.65999984741211
2009-02-18,-0.0024008754306593994,-0.00855834442990269,0.015180232335787214,48.459999084472656
2009-02-19,-0.010813526881219199,-0.017148438247363458,-0.011833302053734346,47.08000183105469
2009-02-20,-0.009768938617085315,0.009669666424432967,0.02097515976334867,49.29999923706055
2009-02-23,-0.03643466939799203,0.009195318639256921,-0.000715999545035443,52.619998931884766
2009-02-24,0.03720934337760329,-0.0010488120843863689,-0.031177833375502513,45.4900016784668
2009-02-25,-0.007903820715310993,-0.011616246618070147,-0.01681966189582418,44.66999816894531
2009-02-26,-0.016395362130646025,-0.010581811592201009,-0.0009666932467289369,44.65999984741211
2009-02-27,-0.02260188243315181,-0.005774118192293581,-0.004631386566918853,46.349998474121094
2009-03-02,-0.04608899578758007,0.016419251586218042,-0.01852305052084567,52.650001525878906
2009-03-03,-0.007534843231710539,-0.0067029594891441086,-0.009835956887444822,50.93000030517578
2009-03-04,0.023414325493390814,-0.0045917670434713525,-0.011730046343054587,47.560001373291016
2009-03-05,-0.041705842730702325,0.02743132125946819,0.033155872403161146,50.16999816894531
2009-03-06,0.0017431534939959699,-0.006691454666252386,0.003255950930954496,49.33000183105469
2009-03-09,-0.01182275595438448,-0.005868586115506633,-0.01881277418024431,49.68000030517578
2009-03-10,0.057900885125083026,-0.019384931506945997,-0.02719657652831088,44.369998931884766
2009-03-11,0.0064914825821607465,0.010761494638468837,0.01217879089301902,43.61000061035156
2009-03-12,0.038616785359336464,0.004757554107865523,0.02085254413435487,41.18000030517578
2009-03-13,0.00778372310106482,-0.0050495167802067425,0.002193033510109556,42.36000061035156
2009-03-16,-0.00302689466289599,-0.015895116501148984,-0.005491501809613432,43.7400016784668
2009-03-17,0.030124307128824458,-0.005453798490692195,-0.008405293010376257,40.79999923706055
2009-03-18,0.022137620756855887,0.03718689388459849,0.03331270158240966,40.060001373291016
2009-03-19,-0.012463720426581445,0.0012446379893559984,0.013444527853073575,43.68000030517578
2009-03-20,-0.021524065650419054,-0.005565577729107525,-0.008087754602137932,45.88999938964844
2009-03-23,0.06936721411764966,-0.008697806525591316,-0.016265716740780103,43.22999954223633
2009-03-24,-0.01990026608553264,0.009467517805678219,-0.012347912889209464,42.93000030517578
2009-03-25,0.010490721984449634,-0.013553277823135182,0.011261327198225552,42.25
2009-03-26,0.020175647511442518,0.011531916826049345,-0.0005437774128025601,40.36000061035156
2009-03-27,-0.018213326108687786,0.007391000133332974,-0.013580296815494405,41.040000915527344
2009-03-30,-0.03516591524413078,0.0038190507532376355,-0.00785966365924459,45.540000915527344
2009-03-31,0.009222793193737235,0.007119386177040751,0.00332847770745487,44.13999938964844
2009-04-01,0.019181343789408587,0.009085548543395657,0.008273170679264967,42.279998779296875
2009-04-02,0.028817742260808507,-0.012296989608930973,-0.02480242474253235,42.040000915527344
2009-04-03,0.009899862727547335,-0.0206747519885702,-0.013719889999443402,39.70000076293945
2009-04-06,-0.007864056416547166,-0.004284721520022431,-0.02684414097964916,40.93000030517578
2009-04-07,-0.02360188619215084,0.0025343643781612973,0.017092460393572564,40.38999938964844
2009-04-08,0.010720251610757318,0.008818421070129484,-0.0014998243891666274,38.849998474121094
2009-04-09,0.038973115936678474,-0.012622041443260113,-0.003469851444995191,36.529998779296875
2009-04-13,0.00023331521715738626,0.009142612324060198,0.01802677831754674,37.810001373291016
2009-04-14,-0.01739324494874517,0.005215039449116219,-0.00582021051641387,37.66999816894531
2009-04-15,0.01061286298653472,-0.001735610329916438,0.0014867876173518325,36.16999816894531
2009-04-16,0.014556707424987521,-0.007942982190384236,-0.019503271995841835,35.790000915527344
2009-04-17,0.006682128723903661,-0.011050051522893825,-0.006899358971822021,33.939998626708984
2009-04-20,-0.04281905707012297,0.015029001363329655,0.020097043306539473,39.18000030517578
2009-04-21,0.019349397433933085,-0.00992856966695361,-0.0006902618757463332,37.13999938964844
2009-04-22,-0.006132643472458252,-0.006083361415204516,0.0056234482639747705,38.099998474121094
2009-04-23,0.009770391134826546,-9.975531401631418e-05,0.016120292274093014,37.150001525878906
2009-04-24,0.01499746761591391,-0.0100900832427387,0.010307038892938492,36.81999969482422
2009-04-27,-0.009507312294048068,0.004266077228352528,-0.007944976286971623,38.31999969482422
2009-04-28,-0.003150054859905957,-0.016471336354177284,-0.014256884624757573,37.95000076293945
2009-04-29,0.02104556337682515,-0.008896762067002725,0.0065879591407686485,36.08000183105469
2009-04-30,0.00034356708894158784,-0.00396869259671497,-0.012073098777590854,36.5
2009-05-01,0.0053614615698292945,-0.006906417919906911,-0.0036735170067088633,35.29999923706055
2009-05-04,0.03345415960430502,0.0032897539195919645,0.019250010410794313,34.529998779296875
2009-05-05,-0.0034165884213520647,-0.0012324382680503564,-0.004409520299832408,33.36000061035156
2009-05-06,0.017186078934737465,-0.002365293942931093,0.01451176722419934,32.45000076293945
2009-05-07,-0.01398926945632392,-0.024716184348705945,-0.0011174263342352655,33.439998626708984
2009-05-08,0.02306460115092923,0.002425405132044619,0.006019424017208001,32.04999923706055
2009-05-11,-0.018891475656348918,0.014118826033799116,-0.0032281533701712588,32.869998931884766
2009-05-12,-0.0029631167299082966,0.003628305724749982,0.011198016123960024,31.799999237060547
2009-05-13,-0.02549549563526264,0.01080691381667419,0.004290665079152016,33.650001525878906
2009-05-14,0.008533595717793717,0.003881170293077872,-0.0006588794462207963,31.3700008392334
2009-05-15,-0.00819572629252723,-0.00030496326666567034,0.005696195347549881,33.119998931884766
2009-05-18,0.028011520166552357,-0.015626291491565823,-0.013083606100380167,30.239999771118164
2009-05-19,-0.0012064446892784643,-0.0052965284203360585,0.006618141022648309,28.799999237060547
2009-05-20,-0.006716922651339919,0.010464513017377232,0.014082443543520349,29.030000686645508
2009-05-21,-0.0144674283954475,-0.02547149761554092,0.017195463853182144,31.350000381469727
2009-05-22,-0.002132274048979783,-0.011163592659349403,0.0031915245362349074,32.630001068115234
2009-05-26,0.025290101750724717,-0.01519010444361524,-0.004150922697323314,30.6200008392334
2009-05-27,-0.018014899660757273,-0.01785333961075026,-0.00331184736774341,32.36000061035156
2009-05-28,0.013843840530908777,0.014374038835762732,0.00841819599030902,31.670000076293945
2009-05-29,0.017553373528145563,0.02548883033335241,0.020584628713310075,28.920000076293945
2009-06-01,0.02391963150788139,-0.030009358147001838,-0.004897561923661561,30.040000915527344
2009-06-02,0.0008435659860206041,0.005364731606824735,0.006559420055802069,29.6299991607666
2009-06-03,-0.012731809543773656,0.009347444652036489,-0.02044414554689964,31.020000457763672
2009-06-04,0.009352938816955918,-0.02087936088636758,0.01909415571894292,30.18000030517578
2009-06-05,0.00021135673847305904,-0.007650920552291899,-0.02653629688685098,29.6200008392334
2009-06-08,-0.00413366106620616,-0.002563207318299827,-0.0016019817445124753,29.770000457763672
2009-06-09,0.005085034858981085,-0.00011169636895947926,0.0028817381951294313,28.270000457763672
2009-06-10,-0.002539340100815024,-0.015862484195779368,0.00031966305250262516,28.459999084472656
2009-06-11,0.004438830425316729,0.011052057117762033,-0.0017061601941360273,28.110000610351562
2009-06-12,0.002738830919011339,0.008931214327654204,-0.016463478535408964,28.149999618530273
2009-06-15,-0.023195122575530844,0.008962548176932313,-0.011676890623094857,30.809999465942383
2009-06-16,-0.013655510111435091,0.017255240655162724,0.009069633678898644,32.68000030517578
2009-06-17,-0.0009823076853466783,-0.005646050496464768,0.0045582689271499,31.540000915527344
2009-06-18,0.007291328297492944,-0.015250840776808394,-0.008045247432850396,30.030000686645508
2009-06-19,0.0036789279343848904,0.013615856063776587,0.003160603275712481,27.989999771118164
2009-06-22,-0.030445163202229616,0.009659849865221512,-0.01490929384566157,31.170000076293945
2009-06-23,0.0007829511498374588,0.011705289380785291,0.004188226725490046,30.579999923706055
2009-06-24,0.008581274500910363,-0.010085536528109115,0.0058123626209368685,29.049999237060547
2009-06-25,0.02151562124370757,0.018166370273731938,0.00936011008805884,26.360000610351562
2009-06-26,-0.0026097072141008986,0.001692865903570219,-0.00021664835655369304,25.93000030517578
2009-06-29,0.009320198258351169,0.00147891872982734,-0.002712528083375162,25.350000381469727
2009-06-30,-0.00812342835145003,-0.0016902957578541322,-0.009387696981969475,26.350000381469727
2009-07-01,0.004124517469165679,-0.0019858110238732,0.013183162944147444,26.219999313354492
2009-07-02,-0.027673221213753686,0.0023355859811473897,-0.012415748613801528,27.950000762939453
2009-07-06,-0.00011091216897365446,-0.0019101117035243906,-0.005384309013824143,29.0
2009-07-07,-0.019566592981941713,0.0066705442853200025,-0.0005510889148283001,30.850000381469727
2009-07-08,-0.0006818165461594024,0.018301580468841075,-0.01600214694695305,31.299999237060547
2009-07-09,0.0019296923240582611,-0.011988489389230554,0.0026849271616822263,29.780000686645508
2009-07-10,-0.0023850025349761725,0.009186875824517512,0.000781726470917072,29.020000457763672
2009-07-13,0.02403866372468863,-0.005627472322965291,0.006786482027611023,26.309999465942383
2009-07-14,0.00564478868235487,-0.016755985731269834,0.00685080156975785,25.020000457763672
2009-07-15,0.028826471209516424,-0.02605387332118512,0.01562446798435957,25.889999389648438
2009-07-16,-0.001609638278487742,0.010740367375637092,-0.0028226541932032975,25.420000076293945
2009-07-17,0.010895052487522693,-0.015551729595032694,-0.0005437774128025601,24.34000015258789
2009-07-20,0.010568026530164804,0.005247835966761335,0.014578288320425086,24.399999618530273
2009-07-21,0.0046139511383135115,0.01975574005037884,-0.0016093724740910249,23.8700008392334
2009-07-22,-0.00020921975820089003,-0.009020169236336677,0.003323208166328789,23.469999313354492
2009-07-23,0.021842620625502133,-0.01850675843351578,-0.0019282309216242279,23.43000030517578
2009-07-24,0.004087527539720399,0.00482321579556122,0.0016071308030831514,23.09000015258789
2009-07-27,0.0029529764960626714,-0.011547883161953118,0.003206452276499924,24.280000686645508
2009-07-28,-0.004687982049943939,0.008809864686854504,-0.0172213757394612,25.010000228881836
2009-07-29,-0.0024545184426318823,0.005467811301249271,-0.009928658008449049,25.610000610351562
2009-07-30,0.010390505734503584,0.014076488683459062,0.004594754818541675,25.399999618530273
2009-07-31,0.0014184148733611438,0.019276049042865274,0.018706235205377633,25.920000076293945
2009-08-03,0.016361346903716736,-0.015270939970607833,0.005555021966375179,25.559999465942383
2009-08-04,0.0025852873510348634,-0.007983430785030969,0.00859191226069412,24.889999389648438
2009-08-05,-0.0028837598816237636,-0.01506052214626556,0.001055615791092795,24.899999618530273
2009-08-06,-0.0051923693093410455,0.003402791557655253,-0.0019009437320754224,25.670000076293945
2009-08-07,0.013028587919404233,-0.00836416156240649,-0.009025795077514111,24.760000228881836
2009-08-10,-0.0020765830347278646,0.012410037529943204,-0.008785139997340487,24.989999771118164
2009-08-11,-0.012555112122228606,0.011503789060318254,-0.0015076396214322287,25.989999771118164
2009-08-12,0.01067185576375495,-0.010739855178233679,0.0017227961034532154,25.450000762939453
2009-08-13,0.007609908414242013,0.014079070165311444,0.008249945329395655,24.709999084472656
2009-08-14,-0.0077091362409534726,0.003863546718795085,-0.007712133511340266,24.270000457763672
2009-08-17,-0.02491341194902787,0.014675147899191068,-0.015059050463639348,27.889999389648438
2009-08-18,0.007902843115763709,-0.0058222800983160124,0.0049000691797493594,26.18000030517578
2009-08-19,0.008741999528714798,0.008247587392926617,0.0050923911990607956,26.260000228881836
2009-08-20,0.010251053489734565,0.008180055721853402,-0.002813877859599588,25.09000015258789
2009-08-21,0.01941608716411143,-0.020791161221185094,0.014845419974691357,25.010000228881836
2009-08-24,-9.713658657167831e-05,0.017966978765546735,-0.014087067763647543,25.139999389648438
2009-08-25,0.001940941243936035,0.005641124690456047,0.0045381579971108974,24.920000076293945
2009-08-26,9.624936981060136e-05,0.00457150285948149,0.00032334981476544154,24.950000762939453
2009-08-27,0.002226922093582285,-0.003947340738589921,0.004301560763973328,24.68000030517578
2009-08-28,-0.00019337500869102175,0.00456943104266671,0.007270429612602234,24.760000228881836
2009-08-31,-0.008938933082707944,0.0009319592752005213,-0.005019514036492951,26.010000228881836
2009-09-01,-0.022304149779427296,-0.002422331640845453,0.005339040892428647,29.149999618530273
2009-09-02,-0.0037992278548850903,0.014469227897163834,0.024095025081346855,28.899999618530273
2009-09-03,0.008280118519212187,-0.006175955785224599,0.013116600475876481,27.100000381469727
2009-09-04,0.013911910117909387,-0.01718095678305715,0.000717982446260517,25.260000228881836
2009-09-08,0.008585242896984497,-0.007062395776329731,-0.0010258358982360054,25.6200008392334
2009-09-09,0.007645254043845123,-0.0011638781883082613,-0.003598774849809519,24.31999969482422
2009-09-10,0.010166698631228691,0.01825803449451199,0.006366128093033135,23.549999237060547
2009-09-11,-0.00019071137366059052,0.0054955343646992,0.010993614941952026,24.149999618530273
2009-09-14,0.00485611955312483,-0.009976377039141704,-0.008335920016645862,23.860000610351562
2009-09-15,0.004170731435501165,-0.0051309531552295295,0.009550031319132289,23.420000076293945
2009-09-16,0.015020924273450843,0.0017824296651020165,0.010160563341840068,23.690000534057617
2009-09-17,-0.001491941293156152,0.012497781669149145,-0.0057215445842040275,23.649999618530273
2009-09-18,0.0006369863048088073,-0.008940156906028108,-0.0067673425030896645,23.920000076293945
2009-09-21,-0.002532759589987931,0.0022946463962277815,-0.003146706758441258,24.059999465942383
2009-09-22,0.005807369818607024,0.0020814417910492013,0.013230487054918885,23.079999923706055
2009-09-23,-0.008347332961765317,0.003010457749647426,-0.008463489692784069,23.489999771118164
2009-09-24,-0.011079980244788226,0.0028982139542822237,-0.013036122562252067,24.950000762939453
2009-09-25,-0.005346909607262821,0.012632639066859954,-0.00565411984977392,25.610000610351562
2009-09-28,0.01774458808203395,0.008738735224414786,0.000515362556847874,24.8799991607666
2009-09-29,-0.003014243592233614,-0.0009104472798023264,0.0039078335092760045,25.190000534057617
2009-09-30,-0.0038753314094982366,-0.0009113398551799902,0.014469359610812447,25.610000610351562
2009-10-01,-0.025126368289247556,0.013602951357311072,-0.00975914114205605,28.270000457763672
2009-10-02,-0.004672032754812078,-0.006945081883590714,0.00489151440733444,28.68000030517578
2009-10-05,0.01481788059339295,0.00010066354530702544,0.014632653538604653,26.84000015258789
2009-10-06,0.014222167950590187,-0.009946133322180958,0.02434557750386831,25.700000762939453
2009-10-07,0.002744939380252974,0.011661665920294426,0.0007818787663110404,24.68000030517578
2009-10-08,0.0076267544570980065,-0.010540827960425974,0.012427332550376955,24.18000030517578
2009-10-09,0.006078856088749796,-0.0231901902580131,-0.007749003016846714,23.1200008392334
2009-10-12,0.00390774618463065,0.001563195576062928,0.006976784520624898,23.010000228881836
2009-10-13,-0.0020454507209748994,0.005191472017449403,0.006736668520876528,22.989999771118164
2009-10-14,0.017069529116009136,-0.014922273231591131,-0.0007676245830555696,22.860000610351562
2009-10-15,0.003652499245019216,-0.0046357351351720925,-0.01275132896577922,21.719999313354492
2009-10-16,-0.007502049970848929,0.008099622237017459,0.0031061924936279916,21.43000030517578
2009-10-19,0.008231007678653857,0.007826640904492792,0.010124989184004255,21.489999771118164
2009-10-20,-0.005296458862242003,0.005390423335287244,-0.0078016786951705126,20.899999618530273
2009-10-21,-0.00901401108670329,-0.006014009282087232,0.0031858098477671078,22.219999313354492
2009-10-22,0.010111594145485679,-0.004900681945859211,0.001637195631687369,20.690000534057617
2009-10-23,-0.011499067790152289,-0.007555654885141883,-0.004146385704315989,22.270000457763672
2009-10-26,-0.010884233866201794,-0.013037647500554526,-0.015875641589657388,24.309999465942383
2009-10-27,-0.004593479070167873,0.013565306896548451,-9.819975733603636e-05,24.829999923706055
2009-10-28,-0.01906817644905399,0.0047256224773142425,-0.011057424410540882,27.90999984741211
2009-10-29,0.021227223358321765,-0.01095533251056397,0.019271061704086094,24.760000228881836
2009-10-30,-0.029401693406558224,0.014407068718035779,-0.0015593382085453942,30.690000534057617
2009-11-02,0.007312029457009273,-0.0044303972166005075,0.01375455816989644,29.780000686645508
2009-11-03,0.003158227906392431,-0.010045024687419942,0.023859334198798456,28.809999465942383
2009-11-04,0.0025769526227719048,-0.009181144773465624,0.005993644061587079,27.719999313354492
2009-11-05,0.018227804316905676,0.0,-0.001121030724287651,25.43000030517578
2009-11-06,0.0026173608262289798,0.0009654039035734258,0.004197543036965226,24.190000534057617
2009-11-09,0.022520107731829518,0.0011774784819658123,0.0070494877462507185,23.149999618530273
2009-11-10,0.000182615680102963,-0.0018221456485270303,0.001846864931193741,22.84000015258789
2009-11-11,0.005096768148725955,0.004173873224910975,0.011101532395072736,23.040000915527344
2009-11-12,-0.010219646477358717,-0.001816740194683749,-0.012763585468758788,24.239999771118164
2009-11-13,0.005396365259691882,0.00458893102229605,0.014040137041637483,23.360000610351562
2009-11-16,0.014400791977702262,0.01164334153087907,0.01707589425776357,22.889999389648438
2009-11-17,0.001168183856823333,0.005352921945830201,0.0030411827518562703,22.40999984741211
2009-11-18,-0.0006287887155257591,-0.005878773603902194,0.0024975374482029953,21.6299991607666
2009-11-19,-0.013117107338613574,0.0017886483919759713,0.0004453622970806544,22.6299991607666
2009-11-20,-0.0035578646749888304,-0.0002108848962983402,0.005682836942088943,22.190000534057617
2009-11-23,0.012622352462670235,-0.0012620245699932115,0.011882360058537005,21.15999984741211
2009-11-24,0.0015333187331577683,0.006295029946447656,0.0038424851504036766,20.469999313354492
2009-11-25,0.003507206786271659,0.004593260177946415,0.016339238275087858,20.479999542236328
2009-11-27,-0.01638419569865939,0.0037414570679347426,-0.013467099128963782,24.739999771118164
2009-11-30,0.003371418402749089,0.0023828032652832565,0.005028201653515722,24.510000228881836
2009-12-01,0.012294597993131914,-0.011202488951263885,0.014934599861011129,21.920000076293945
2009-12-02,-0.0004494927206315718,0.0008399638496553577,0.015218446148337,21.1200008392334
2009-12-03,-0.007851034805500165,-0.010439493031708108,-0.004035681973678308,22.459999084472656
2009-12-04,0.005691133033066487,-0.010656316098629956,-0.04259621807472385,21.25
2009-12-07,-0.0015322107052701947,0.0012843226717408616,-0.005642255891681633,22.100000381469727
2009-12-08,-0.01115921317973718,0.0014972032037177635,-0.019281180066479105,23.690000534057617
2009-12-09,0.0037334670446693024,-0.004604443553351267,-0.0009919349177228208,22.65999984741211
2009-12-10,0.005619365975239124,-0.011551292755565313,-0.00018042626976952085,22.31999969482422
2009-12-11,0.004239132330786848,-0.00010793711982378788,-0.013627902417121703,21.59000015258789
2009-12-14,0.006817044209939882,0.0011936022980520093,0.008380429619065604,21.149999618530273
2009-12-15,-0.004659084546814001,-0.0044569691496493475,-0.000272159491016775,21.489999771118164
2009-12-16,0.0015255659398408432,-0.0011998759680323418,0.012443778983734818,20.540000915527344
2009-12-17,-0.012088836201065241,0.016337284653244303,-0.03883007474829872,22.510000228881836
2009-12-18,0.005641390815932245,-0.004302116048003279,0.014887700748231638,21.68000030517578
2009-12-21,0.010111499112557482,-0.017942915383801186,-0.018527626386022195,20.489999771118164
2009-12-22,0.003586705156403772,-0.005610431172196482,-0.007319841214939189,19.540000915527344
2009-12-23,0.0019664848823478407,0.00022069602488125582,0.0035728214071417724,19.709999084472656
2009-12-24,0.0047233726861322335,-0.010423740909494866,0.016844635663340383,19.469999313354492
2009-12-28,0.002131427239405332,-0.002791122132438953,0.0017519015886225233,19.93000030517578
2009-12-29,-0.001420416401471211,0.006575091811246619,-0.009999174226535323,20.010000228881836
2009-12-30,-0.00035535160611956963,0.00655384528652285,-0.005037332589067185,19.959999084472656
2009-12-31,-0.009644642960747398,-0.004773245653249013,0.0035474015655265327,21.68000030517578
2010-01-04,0.016817590325158196,-0.0008899717063204069,0.022938737681147854,20.040000915527344
2010-01-05,0.002643242259736127,0.0064383182545349,-0.0009112174071558337,19.350000381469727
2010-01-06,0.0007038177332712956,-0.01347766728106248,0.016364952672508887,19.15999984741211
2010-01-07,0.004212624765934943,0.0016808327066040196,-0.006207031449163178,19.059999465942383
2010-01-08,0.0033221614939000364,-0.0004476760444868651,0.00495075538137829,18.1299991607666
2010-01-11,0.001395603258745002,-0.005503135070712537,0.013201473675458084,17.549999237060547
2010-01-12,-0.009369970840824365,0.016972544794692318,-0.02113448995131151,18.25
2010-01-13,0.008410547182516721,-0.011693494471490798,0.009458279378539308,17.850000381469727
2010-01-14,0.0027010157772718348,0.013904871705460882,0.004383402504944763,17.6299991607666
2010-01-15,-0.011287503444448318,0.006167203833745228,-0.010498532177150062,17.90999984741211
2010-01-19,0.012417874088348378,-0.002858403315868357,0.005935767413319545,17.579999923706055
2010-01-20,-0.010220615971115508,0.010079582220694128,-0.023406622544498178,18.68000030517578
2010-01-21,-0.019416335620583706,0.0045676104468423545,-0.01451645533950801,22.270000457763672
2010-01-22,-0.02254400343230758,-0.0017381663173685928,-0.0018644973871885428,27.309999465942383
2010-01-25,0.005114542844014147,-0.004575173494847141,0.002888473341000015,25.40999984741211
2010-01-26,-0.004199494235230251,0.00032709677363674725,0.0007439937221865503,24.549999237060547
2010-01-27,0.004746008940768372,-0.000545845171106619,-0.009622184538243794,23.139999389648438
2010-01-28,-0.01153878277934512,-0.0005464110384227663,-0.0004694185510533905,23.729999542236328
2010-01-29,-0.010927563720147967,0.008704229101563118,-0.004895549849721357,24.6200008392334
2010-02-01,0.015430910415553596,-0.009118067263541392,0.022305058135940522,22.59000015258789
2010-02-02,0.01203056183667764,0.002847936730817542,0.007173093057516182,21.479999542236328
2010-02-03,-0.004995125752738156,-0.011664133589355198,-0.003948040904900219,21.600000381469727
2010-02-04,-0.031352366586986785,0.01570290063411612,-0.0406494619043355,26.079999923706055
2010-02-05,0.002064787534481126,0.002177345566608644,0.0029657764294868027,26.110000610351562
2010-02-08,-0.007245293308407355,0.0013033798161327511,-0.006132631197052165,26.510000228881836
2010-02-09,0.012482459918888779,-0.010039344067513625,0.01308209362845793,26.0
2010-02-10,-0.0019605102804984348,-0.009586560800153236,-0.002754962144308314,25.399999618530273
2010-02-11,0.010411541295836955,-0.005440357904847044,0.018940443772260875,23.959999084472656
2010-02-12,-0.0008326378656539321,0.00410997767917878,-0.0008404197035730865,22.729999542236328
2010-02-16,0.015612088730592702,0.0018829111329220064,0.023817259740401706,22.25
2010-02-17,0.00472745615572103,-0.011463757833780728,-0.00338103069775341,21.719999313354492
2010-02-18,0.005877903545178275,-0.004038680778035439,0.006659727627096444,20.6299991607666
2010-02-19,0.0020714759575766097,0.005381177431713783,-0.004648011335301192,20.020000457763672
2010-02-22,0.00017998953137015738,-0.004145212410991915,-0.003660675124824127,19.940000534057617
2010-02-23,-0.01221906396456386,0.015483167574517662,-0.010877691236587123,21.3700008392334
2010-02-24,0.009155839422112148,0.002429090533213483,-0.0049245049976189585,20.270000457763672
2010-02-25,-0.0013543978145363546,0.005608002183407896,0.008809784398268496,20.100000381469727
2010-02-26,0.0006322192154319885,0.0051404765462698555,0.010287614912394953,19.5
2010-03-01,0.010331398584677616,-0.0004384401445096453,0.0,19.260000228881836
2010-03-02,0.002766461936214369,-0.0013148073889069126,0.01442525680569016,19.059999465942383
2010-03-03,0.0008909468297708121,-0.0025238643816375035,0.0054794713974865225,18.829999923706055
2010-03-04,0.0030230057409340776,0.005260721377573399,-0.007192294113451878,18.719999313354492
2010-03-05,0.014192052854136173,-0.013205712686712563,-0.0001805113929827648,17.420000076293945
2010-03-08,0.0001752689141865216,-0.005219641941722547,-0.008428164684993255,17.790000915527344
2010-03-09,0.0016612081492581,0.00022215663231454864,-0.0014571590358533955,17.920000076293945
2010-03-10,0.004446126001309024,-0.002563660721017472,-0.011458028889065516,18.56999969482422
2010-03-11,0.004166285852984748,0.003676004913138314,0.0011977451434267712,18.059999465942383
2010-03-12,8.619750149159039e-05,0.006209229743234797,-0.006003264758673447,17.579999923706055
2010-03-15,0.0002596074185302737,-0.0013272448781448778,0.0037908941588112085,18.0
2010-03-16,0.007934438650735669,0.007936371799606717,0.018651124814839434,17.690000534057617
2010-03-17,0.005910242975928115,0.004272497139303196,-0.007364051605517102,16.90999984741211
2010-03-18,-0.0005127505100378565,-0.003284514376546516,0.006820378596121279,16.6200008392334
2010-03-19,-0.00507432792380887,0.0009866075671466394,-0.018846021182444456,16.969999313354492
2010-03-22,0.005331650579701069,0.001095267808017162,-0.004906724488664302,16.8700008392334
2010-03-23,0.007008602061690511,-0.004718534475730201,0.005276077362753657,16.350000381469727
2010-03-24,-0.0048666149308452715,-0.01842441678296051,-0.018824492289792633,17.549999237060547
2010-03-25,-0.0016273662709693733,-0.006405471802379251,0.004505317583276473,18.399999618530273
2010-03-26,-0.0006003296507235323,0.0028145025854370413,0.016808656864527635,17.770000457763672
2010-03-29,0.0063277122250525964,-0.0038298745685869814,0.0014723814641710547,17.59000015258789
2010-03-30,0.0006813154652794776,0.003155433649458628,-0.007198247903797274,17.1299991607666
2010-03-31,-0.00341261743794754,0.0068388620078408575,0.009035611315005328,17.59000015258789
2010-04-01,0.006814231943391781,-0.002447974973344328,0.011952199156018703,17.469999313354492
2010-04-05,0.008116528787479947,-0.016777658323954406,0.005697480924987118,17.020000457763672
2010-04-06,0.002354658834971251,0.0015989903939166697,0.0012617106108131124,16.229999542236328
2010-04-07,-0.005728557747542852,0.012702413066012603,0.013063885742510774,16.6200008392334
2010-04-08,0.00345811994777826,0.0004504113204385992,0.001421370609229975,16.479999542236328
2010-04-09,0.006545528830222412,0.002363551041681083,0.008749871191504223,16.139999389648438
2010-04-12,0.0015880913233783018,0.005268053908064314,-0.00555922233998455,15.579999923706055
2010-04-13,0.0007515349914760341,0.003236952115324992,-0.0028356216460236707,16.200000762939453
2010-04-14,0.011285292506427931,-0.007044692085776229,0.003012551773767293,15.59000015258789
2010-04-15,0.0008247664233221811,0.0011212574977149063,0.005470304321850955,15.890000343322754
2010-04-16,-0.016040132459389306,0.007259341282059455,-0.021433553562709227,18.360000610351562
2010-04-19,0.0037630297994312757,-0.0024508765763589665,-0.0008093560236553409,17.34000015258789
2010-04-20,0.008891203623129295,0.0035629165059342864,0.0027851197891251185,15.729999542236328
2010-04-21,-0.0018218506054313603,0.008192608974936776,0.007597109309406448,16.31999969482422
2010-04-22,0.0029790571360534313,-0.002980987265949931,-0.004193637495525288,16.469999313354492
2010-04-23,0.006506846809199715,-0.0035454397792187555,0.011998598472109824,16.6200008392334
2010-04-26,-0.0037834701386932055,0.00110895643365856,-0.0038948658306392175,17.469999313354492
2010-04-27,-0.023934935581025173,0.01398050469529121,0.016536547783718297,22.809999465942383
2010-04-28,0.007567707346353969,-0.008563034083781168,-0.002795491486585349,21.079999923706055
2010-04-29,0.012321136422684334,0.004180700307546443,-0.00026246799903482677,18.440000534057617
2010-04-30,-0.017107420556294765,0.011462112330621445,0.00940611214659533,22.049999237060547
2010-05-03,0.012878765805955124,-0.0013083727140336615,0.003202242039102839,20.190000534057617
2010-05-04,-0.02379606673693365,0.01783607172623164,-0.007458842798920333,23.84000015258789
2010-05-05,-0.005973491427829285,0.005875356401776381,0.0019133210932084476,24.90999984741211
2010-05-06,-0.033778113719754206,0.030419149595133234,0.029114151638993547,32.79999923706055
2010-05-07,-0.014986589805536691,-0.012579088750270803,-0.0018584329204847005,40.95000076293945
2010-05-10,0.04309858914050169,-0.02093289425007112,-0.005936219595425441,28.84000015258789
2010-05-11,-0.002845142167307285,-0.002568252468626416,0.025942805079309364,28.31999969482422
2010-05-12,0.013889468887573652,-0.007633980128307129,0.006114187831152085,25.520000457763672
2010-05-13,-0.012508740376099179,0.006561973743032764,-0.006943357126726535,26.68000030517578
2010-05-14,-0.01827161845784639,0.01722221417896388,-0.0015771788582184835,31.239999771118164
2010-05-17,0.000527263618836538,-0.0036953535833483832,-0.008426213640485862,30.84000015258789
2010-05-18,-0.013695579623249642,0.015222164026981951,0.001088526414774818,33.54999923706055
2010-05-19,-0.0057103881981910055,0.0033289023365128713,-0.024226160830335432,35.31999969482422
2010-05-20,-0.038490787379885906,0.020860818255010655,-0.006796610129532807,45.790000915527344
2010-05-21,0.01449375389836208,0.001015961925540144,-0.005366542125113491,40.099998474121094
2010-05-24,-0.012913987036154104,-0.0034601529875334814,0.013962091277818433,38.31999969482422
2010-05-25,0.0010204306077014114,0.00488180974139281,0.004440692858806834,34.61000061035156
2010-05-26,-0.0060469140327737885,-0.002844784333418628,0.009413635235164157,35.02000045776367
2010-05-27,0.03294951108719279,-0.022949620045407324,0.0018552983674487234,29.68000030517578
2010-05-28,-0.012629197649148598,0.004570127693762407,0.0015994852276123958,32.06999969482422
2010-06-01,-0.01696680208776988,0.007004521527792601,0.00862693406619541,35.540000915527344
2010-06-02,0.02570639366005854,-0.009544891232342086,-0.0010847752867185415,30.170000076293945
2010-06-03,0.003438055915115633,-0.007323848517319456,-0.01531114045936818,29.459999084472656
2010-06-04,-0.035769398017580264,0.026527504732348776,0.01037330279219341,35.47999954223633
2010-06-07,-0.012528720327036646,0.007639992300541374,0.019113058305128095,36.56999969482422
2010-06-08,0.010655327703424344,-0.004985084715614287,-0.004041391686318541,33.70000076293945
2010-06-09,-0.005360725974736374,-0.0011227365129608678,-0.003643011529050801,33.72999954223633
2010-06-10,0.028812560465966995,-0.01802851120561611,-0.01327616331865957,30.56999969482422
2010-06-11,0.004843776857861024,0.012603414922809485,0.008703719694756393,28.790000915527344
2010-06-14,-0.0015513705839810587,-0.005146988991145405,-0.003422261685440584,28.579999923706055
2010-06-15,0.022483243593293446,-0.004135502873834876,0.011555051138783462,25.8700008392334
2010-06-16,-0.00035711500788514867,0.005682445116379695,-0.005469896230116363,25.920000076293945
2010-06-17,0.0016062858482102742,0.008106429772897215,0.01296306533767651,25.049999237060547
2010-06-18,0.0010834465226984681,-0.0016366834470884287,0.00760025145353973,23.950000762939453
2010-06-21,-0.002868065560185722,-0.002869699577208225,-0.020064832581080997,24.8799991607666
2010-06-22,-0.016653426772700094,0.0118376338419592,0.008766162443343445,27.049999237060547
2010-06-23,-0.0031077819365635823,0.006774475312986874,-0.004125418496021565,26.90999984741211
2010-06-24,-0.016709531940052563,-0.005963470985073327,0.002889629284295153,29.739999771118164
2010-06-25,0.004180442649653696,0.004047555559386218,0.011964406044451084,28.530000686645508
2010-06-28,-0.00315674325363505,0.009344255443568754,-0.01369720662981477,29.0
2010-06-29,-0.03136204043779237,0.010844036110587436,0.0014853964638133306,34.130001068115234
2010-06-30,-0.009545332014982207,0.006705034510564201,0.0033752134718408188,34.540000915527344
2010-07-01,-0.0044665456063356064,0.00157627238265107,-0.03887888592484208,32.86000061035156
2010-07-02,-0.005464345460601855,-0.008004107935075925,0.012312786265651068,30.1200008392334
2010-07-06,0.0065340501562394,0.008201292264014769,-0.0168514262328477,29.649999618530273
2010-07-07,0.03101054798560223,-0.011779747138498173,0.010416771036920415,26.84000015258789
2010-07-08,0.009846756177381016,-0.006393495211084652,-0.004426705679849722,25.709999084472656
2010-07-09,0.007437741551461326,-0.0057282210059511245,0.009763642764658647,24.979999542236328
2010-07-12,0.0006480786100495232,-0.0004026185142363391,-0.008655160400420137,24.43000030517578
2010-07-13,0.014975856827805568,-0.008608321865082435,0.008655160400420107,24.559999465942383
2010-07-14,-9.115475803040655e-05,0.01001871195062701,-0.0005070359076372465,24.889999389648438
2010-07-15,0.00027371579311012847,0.009918195270674484,-0.0005918885128414277,25.139999389648438
2010-07-16,-0.027921182913794584,0.0048730576572785815,-0.013282487126809137,26.25
2010-07-19,0.005889377984973287,-0.006170352961527262,-0.008089500274875386,25.969999313354492
2010-07-20,0.01103027338890179,0.0014964767940361294,0.007918090681685528,23.93000030517578
2010-07-21,-0.013083025066165974,0.016802224515480194,-0.0068817738410447155,25.639999389648438
2010-07-22,0.022076304130374695,-0.011632799407868323,0.00868040464199568,24.6299991607666
2010-07-23,0.008641471351172441,-0.010666025986086698,-0.0066109215447102,23.469999313354492
2010-07-26,0.010362005656117336,-0.001705312245285364,-0.0049220747193229565,22.729999542236328
2010-07-27,-8.933041514507892e-05,-0.009684579551544075,-0.01755268849818397,23.190000534057617
2010-07-28,-0.00647546733906362,0.003238585169511394,0.002375791006871298,24.25
2010-07-29,-0.004884634069382139,-0.0003024385082954386,0.004472337326195603,24.1299991607666
2010-07-30,-0.00018145964538505768,0.015444526974235566,0.01044484170982206,23.5
2010-08-02,0.02232994797101972,-0.014137528399283218,0.0004328706471263803,22.010000228881836
2010-08-03,-0.004800559003486068,0.005755874973438134,0.0038871637993980568,22.6299991607666
2010-08-04,0.006660904038213514,-0.007681440660751142,0.006273952596501684,22.209999084472656
2010-08-05,-0.0010625025447409545,0.004656388770244207,0.0022250940386060744,22.100000381469727
2010-08-06,-0.0040844359025640825,0.010846753652001336,0.007324732365886041,21.739999771118164
2010-08-09,0.005324151029826307,-0.0037029896948590512,-0.003740820686149912,22.139999389648438
2010-08-10,-0.005413181440155252,0.0021041688732029167,0.002806975212677366,22.3700008392334
2010-08-11,-0.02778988500364977,0.013318630853454892,-0.003318223315611171,25.389999389648438
2010-08-12,-0.006148754161384434,-0.002471399250335947,0.012113149233667235,25.729999542236328
2010-08-13,-0.0029500334394343347,0.012393934524659141,-0.000252610670289372,26.239999771118164
2010-08-16,-0.0004612601743121356,0.024719537936546864,0.008303024914577904,26.100000381469727
2010-08-17,0.012209903325140917,-0.005739245284564599,0.0001670005247416709,24.329999923706055
2010-08-18,0.0018235278222600501,0.0026824140510131036,0.003917171473901901,24.59000015258789
2010-08-19,-0.017550269637584152,0.015472830576962627,0.0014130601122222405,26.440000534057617
2010-08-20,-0.003249214765659337,-0.0011299494213771598,-0.0034947461752424026,25.489999771118164
2010-08-23,-0.003820275984578872,0.00018741698658662225,-0.00158500505680003,25.65999984741211
2010-08-24,-0.014954467046007931,0.015902250147525138,0.004830540187787872,27.459999084472656
2010-08-25,0.0038778194328568734,-0.0032529685845838078,0.00827408323664724,26.700000762939453
2010-08-26,-0.006724456705705399,0.009359324210124463,-0.0033014352071624076,27.3700008392334
2010-08-27,0.015370721768623434,-0.028725027009368066,0.00041329960092031443,24.450000762939453
2010-08-30,-0.014610819420066532,0.018992983257689378,-0.0008267069892494204,27.209999084472656
2010-08-31,0.0,0.011022287667396826,0.00963008506090663,26.049999237060547
2010-09-01,0.029473160398391415,-0.020893532425555833,-0.003199735123742887,23.889999389648438
2010-09-02,0.009269076201491443,-0.01062319053164612,0.004918433276591497,23.190000534057617
2010-09-03,0.012887616061261925,-0.012471886292066067,-0.0035224308588275117,21.309999465942383
2010-09-07,-0.01133601692466868,0.020260600649490684,0.006869477016185955,23.799999237060547
2010-09-08,0.006998189917771034,-0.007979043314809375,8.151368239033065e-05,23.25
2010-09-09,0.004608573703056672,-0.019937556405146755,-0.00941589256292237,22.809999465942383
2010-09-10,0.005035754644572733,-0.004583297780191491,0.0013975570337529687,21.989999771118164
2010-09-13,0.011061823132641473,0.0048749318025680605,-0.0009040527231121419,21.209999084472656
2010-09-14,-0.0006211053587599125,0.00958203446425754,0.019541363578779912,21.559999465942383
2010-09-15,0.0038101503032146183,-0.014945874064496706,-0.0006452186217994567,22.100000381469727
2010-09-16,-0.00026557425314048376,-0.009924356279758876,0.0055517285681441755,21.719999313354492
2010-09-17,0.00037335707568376676,0.004040619524046712,-0.0007223690048194798,22.010000228881836
2010-09-20,0.015174938799706508,0.005786439848055517,0.0026462613270077863,21.5
2010-09-21,-0.0020160493323429104,0.013790835329308825,0.009088067711881243,22.350000381469727
2010-09-22,-0.004925238305719969,0.008929659220297976,0.0015066400907301708,22.510000228881836
2010-09-23,-0.008144466531617066,0.0028639677940855432,0.0007921275940184022,23.8700008392334
2010-09-24,0.020412156259696508,-0.013531553501394598,0.003083123365456964,21.709999084472656
2010-09-27,-0.004801579990809748,0.017241539439529645,0.00023676081451782575,22.540000915527344
2010-09-28,0.0034942473358236144,0.006814637271857054,0.00887775210309078,22.600000381469727
2010-09-29,-0.0017455974481327674,-0.004158665641893092,0.0007818489523424245,23.25
2010-09-30,-0.0029744562684628365,-0.0006637559014686794,-0.0003126185129611772,23.700000762939453
2010-10-01,0.004196975039907639,-0.00484374479689158,0.0077875946216159906,22.5
2010-10-04,-0.007532162090018529,0.002576737685733922,-0.0034968907693697037,23.530000686645508
2010-10-05,0.019931880454972708,-0.0060245730657778876,0.019503402251400258,21.760000228881836
2010-10-06,-8.594396060533231e-05,0.012487007588323627,0.0062404468569036255,21.489999771118164
2010-10-07,-0.0012076349649325557,-0.008370491295841208,-0.010984948981022643,21.559999465942383
2010-10-08,0.0055931181554826495,-0.0044043352030085125,0.009846345633438466,20.709999084472656
2010-10-11,0.0009436883495756722,0.0001921545416506325,0.004773561868528394,18.959999084472656
2010-10-12,0.0030813637131003506,-0.009930872275574666,-0.002497534484728762,18.93000030517578
2010-10-13,0.007747038495993639,-0.0015507519873701253,0.015863209004852077,19.06999969482422
2010-10-14,-0.003908680901784751,-0.015056418228583156,0.005059103545827353,19.8799991607666
2010-10-15,0.0020411100861581445,-0.01229176098435775,-0.007972380291158545,19.030000686645508
2010-10-18,0.0049157138196899005,0.008046068527404195,0.004478333523156747,19.09000015258789
2010-10-19,-0.013191215940336959,0.006016457314047866,-0.03154691181467764,20.6299991607666
2010-10-20,0.00971893893836429,0.002161353380334159,0.009256897200788577,19.790000915527344
2010-10-21,0.0022031265180984232,-0.01194431523330823,-0.014187944908196784,19.270000457763672
2010-10-22,0.0018606943805180977,0.006730485553676279,0.0020061311504169905,18.780000686645508
2010-10-25,0.002952905437407493,0.0028558534423444378,0.008596340971850403,19.850000381469727
2010-10-26,0.00016869211569492152,-0.015562374573517678,0.0002292345407023127,20.219999313354492
2010-10-27,-0.0028679917158534376,-0.008830514665188041,-0.01044556780572793,20.709999084472656
2010-10-28,0.00016914804281184311,0.0027172445717755078,0.01319240759250659,20.8799991607666
2010-10-29,0.000759794226706252,0.00930486173695442,0.010460109173882851,21.200000762939453
2010-11-01,0.00033744456724407057,-0.004314940903279095,-0.005292194751345636,21.829999923706055
2010-11-02,0.007899278615247338,0.013057989159892041,0.00431154796969714,21.56999969482422
2010-11-03,0.0040093371044366295,-0.020610928367432797,-0.006968127295408858,19.559999465942383
2010-11-04,0.01907537255479691,0.007754296288376939,0.03333635562596672,18.520000457763672
2010-11-05,0.0037550190285017626,-0.017302994812067398,0.00256970222394171,18.260000228881836
2010-11-08,-0.0018757880300193572,0.004481184564374499,0.010213058409749015,18.290000915527344
2010-11-09,-0.0072103019155078055,-0.02229520971072521,-0.01602260183973123,19.079999923706055
2010-11-10,0.004021260660453978,0.0013497507464877783,0.012095658550698336,18.469999313354492
2010-11-11,-0.003774617698033456,-0.0005186733269371451,0.0030556455565671583,18.639999389648438
2010-11-12,-0.011908607679560857,-0.005412721007164926,-0.029263198316056956,20.610000610351562
2010-11-15,-0.0014155205677117357,-0.021096051232975654,-0.009545029587657348,20.200000762939453
2010-11-16,-0.01570221118560642,0.02453435820613795,-0.011010377007280064,22.579999923706055
2010-11-17,0.0005077926287464238,-0.005528220531174977,-0.004514997714772795,21.760000228881836
2010-11-18,0.014611072846249488,0.004069948682246357,0.013030179764404218,18.75
2010-11-19,0.0027473704649667603,0.0061277006343436755,0.0008324236217627286,18.040000915527344
2010-11-22,-0.0008321427100285194,0.004235741680008979,0.009635717541740217,18.3700008392334
2010-11-23,-0.014582486900012551,0.004936479790499318,0.006943235453942185,20.6299991607666
2010-11-24,0.014666125423396412,-0.018010905496707398,-0.001712729779152155,19.559999465942383
2010-11-26,-0.011715371448300087,0.013796432146127614,-0.008006268905469849,22.219999313354492
2010-11-29,0.003025259977012563,0.008514197359815819,0.003000481613543358,21.530000686645508
2010-11-30,-0.005638285736271961,0.005196222784595267,0.014204706278409088,23.540000915527344
2010-12-01,0.021044269197235982,-0.022480633916662465,-0.00029537138827830117,21.360000610351562
2010-12-02,0.012727612858850873,-0.002610008930927924,-0.0013305341112288544,19.389999389648438
2010-12-03,0.0026890839690352905,-0.007873452317073058,0.021005714938510268,18.010000228881836
2010-12-06,-0.001058616977524796,0.014022524987843663,0.007504135483824827,18.020000457763672
2010-12-07,0.0005699623145766616,-0.021638803165992163,-0.01894037683401103,17.989999771118164
2010-12-08,0.003657471957524917,-0.009711119074533045,-0.012606652684668887,17.739999771118164
2010-12-09,0.0038856673008700955,0.004920547228862011,0.004293772187225958,17.25
2010-12-10,0.005800619926410412,-0.0061000957623899045,0.00029550591176138747,17.610000610351562
2010-12-13,0.0006427192289540223,0.0037496903064748676,0.004715247621070945,17.549999237060547
2010-12-14,0.0008825509294046845,-0.01465146852513822,0.0009549986110493081,17.610000610351562
2010-12-15,-0.004582564594608938,-0.013110028287759931,-0.010927425511095372,17.940000534057617
2010-12-16,0.005785177317260934,0.006905007601505467,-0.0066291956887806385,17.389999389648438
2010-12-17,0.0010706815385730557,0.018072609196954675,0.002910336725632516,16.110000610351562
2010-12-20,0.002410528674827023,-0.001072673062340979,0.006758064192099476,16.40999984741211
2010-12-21,0.006320247977089055,0.006954098396227066,0.001553132048372285,16.489999771118164
2010-12-22,0.0031057330238908427,-0.007169696785126694,-0.001997295201813413,15.449999809265137
2010-12-23,-0.0014321432789528247,-0.002041834600264372,-0.0028919925235061706,16.469999313354492
2010-12-27,0.0003977845910806378,0.008891585837620307,0.002669836944532674,17.670000076293945
2010-12-28,0.0014314151652106602,-0.019779747980203138,0.0161625389018061,17.520000457763672
2010-12-29,0.0007148605408824106,0.01677885375945205,0.003564587333997068,17.280000686645508
2010-12-30,-0.001589149799292378,-0.0007522173897664878,-0.004950202442879679,17.520000457763672
2010-12-31,0.0002383665199939752,0.011003759803879968,0.012257650782176114,17.75
2011-01-03,0.010284382414720948,-0.0075719558768224966,-0.005203836674790001,17.610000610351562
2011-01-04,-0.0005504262320415974,0.0011768478678121513,-0.023832475368098148,17.3799991607666
2011-01-05,0.00518399062810204,-0.022274292598829026,-0.0028240572403502554,17.020000457763672
2011-01-06,-0.0019605425167725224,0.004365214000691037,-0.004026801058528414,17.399999618530273
2011-01-07,-0.0019641578272157696,0.005320074992495018,-0.0018697884851869347,17.139999389648438
2011-01-10,-0.0012592902841136175,0.005398953798104319,0.004034322186689475,17.540000915527344
2011-01-11,0.003537484360725731,-0.005616674096686299,0.005873031403827585,16.889999389648438
2011-01-12,0.008984076603800245,-0.007828564260330588,0.004068526754664966,16.239999771118164
2011-01-13,-0.0016350046023585365,0.008911536018991181,-0.010463555902437563,16.389999389648438
2011-01-14,0.007218891124038397,-0.006404016061980141,-0.01019728850011685,15.460000038146973
2011-01-18,0.0017002358166918706,-0.004693220704875169,0.005561341914815331,15.869999885559082
2011-01-19,-0.009854004254839146,0.007195043862189939,0.0021711298182139015,17.309999465942383
2011-01-20,-0.0013263824079677944,-0.013890005024503634,-0.01902521743105847,17.989999771118164
2011-01-21,0.002261259722076915,0.007897543072432522,-0.0012965579493562846,18.469999313354492
2011-01-24,0.005671005403087589,0.00043757511075813535,-0.005126436648875738,17.649999618530273
2011-01-25,0.0005423190377433432,0.009457079745978364,-0.001996426218916223,17.59000015258789
2011-01-26,0.003863216690301503,-0.015263114237414305,0.008114547464887574,16.639999389648438
2011-01-27,0.0024647692725735183,0.0044947933315255565,-0.02493473818294468,16.149999618530273
2011-01-28,-0.0176172101038143,0.005235256046327286,0.018202729323755898,20.040000915527344
2011-01-31,0.0074885874562782,-0.0076437803431321965,-0.0031520585138855306,19.530000686645508
2011-02-01,0.015881298672465138,-0.004962727410178068,0.00713554983027548,17.6299991607666
2011-02-02,-0.0019135519044663747,0.0002211412752415042,-0.002679474165923171,17.299999237060547
2011-02-03,0.0022196192678306617,-0.00832488148215723,0.013325916144528013,16.690000534057617
2011-02-04,0.002825280394522522,-0.01019455209066165,-0.004093034478557125,15.930000305175781
2011-02-07,0.006232674361540796,0.005165732724775267,0.0001518114527852543,16.280000686645508
2011-02-08,0.00453656510393923,-0.00922767792757991,0.011026520280860727,15.8100004196167
2011-02-09,-0.002265747804062793,0.00866821754391577,-0.0005258409922787546,15.869999885559082
2011-02-10,0.00037795612213094326,-0.011612250718568917,-0.0016546424472632221,16.09000015258789
2011-02-11,0.005952749948796679,0.014298362735720934,-0.003997431521033765,15.6899995803833
2011-02-14,0.00240099829099288,0.0006700910481732972,0.004749808107153751,15.949999809265137
2011-02-15,-0.0031524893302814355,0.004458008658974792,0.007642808665807496,16.3700008392334
2011-02-16,0.00629559468628505,-0.003229779421422246,0.0009699324016305088,16.719999313354492
2011-02-17,0.0029838405704699688,0.0015607134838930114,0.006985145327737571,16.59000015258789
2011-02-18,0.00208363398632672,-0.0031239321177816315,0.002736258909305569,16.43000030517578
2011-02-22,-0.020274168918252535,0.014862730690048254,0.006477679138460114,20.799999237060547
2011-02-23,-0.006163058463055192,0.003626288956908333,0.008911682609680623,22.1299991607666
2011-02-24,-0.0006874827712908968,0.006342862492162298,-0.007518549348772146,21.31999969482422
2011-02-25,0.010636333941435205,0.005868401952821282,0.006572791889415744,19.219999313354492
2011-02-28,0.006177191304000054,0.0012997077265398218,0.002036059244667372,18.350000381469727
2011-03-01,-0.016813525245435425,0.0028951829026799395,0.017069773077460833,21.010000228881836
2011-03-02,0.002136489005040522,-0.01549297520326257,-0.0007858590263391696,20.700000762939453
2011-03-03,0.017077763815164515,-0.009833291343384532,-0.013165197646376121,18.600000381469727
2011-03-04,-0.007520858803650204,0.008293228035245126,0.009083177750322635,19.059999465942383
2011-03-07,-0.007881322724498969,-0.0064073805053431266,0.002651630947559652,20.65999984741211
2011-03-08,0.008711533947059126,-0.006114210035938009,-0.00257991119154468,19.81999969482422
2011-03-09,-0.001434324542684641,0.009654049557576573,0.000358740549755809,20.219999313354492
2011-03-10,-0.01867887137195383,0.016647462977420785,-0.011833598965568962,21.8799991607666
2011-03-11,0.006902017105706048,-0.005663611854576001,0.0032609684267887263,20.079999923706055
2011-03-14,-0.006055956008678629,-0.00043794208531280416,0.004619608225729074,21.1299991607666
2011-03-15,-0.011523428348848432,0.014859424677342326,-0.018827992605934686,24.31999969482422
2011-03-16,-0.018686505921881733,0.011242576635594062,-0.0002201664404463368,29.399999618530273
2011-03-17,0.013148297885290237,-0.007694517725256561,0.005343855984731355,26.3700008392334
2011-03-18,0.0036307559942070043,0.0026780855586997936,0.010169288734282928,24.440000534057617
2011-03-21,0.015379296733930148,-0.0059022152201783605,0.005549394715688909,20.610000610351562
2011-03-22,-0.0034747377910211074,0.003331400932789531,-0.0006470134817238508,20.209999084472656
2011-03-23,0.002857890107155244,-0.0012885175314166816,0.009234421102419529,19.170000076293945
2011-03-24,0.009517767470724674,-0.007547431045902544,-0.008012599220911064,18.0
2011-03-25,0.003051001737807178,-0.0024917250168337898,0.0002872255603370287,17.90999984741211
2011-03-28,-0.0024399954309847196,0.0014090272568096428,-0.005183605936138139,19.440000534057617
2011-03-29,0.006696166935046876,-0.007722330282510639,-0.0023847279396549065,18.15999984741211
2011-03-30,0.006877311760117658,0.007939609323022515,0.003322680368145147,17.709999084472656
2011-03-31,-0.0013563789214357982,-0.0020603504598207412,0.008544930078369888,17.739999771118164
2011-04-01,0.004214549259460717,0.004849316833146559,-0.0047302006629672795,17.399999618530273
2011-04-04,0.0008256146560529311,0.0010836744535815464,0.004587159742600465,17.5
2011-04-05,-0.00015004747670792858,-0.004017045090724268,0.01568024406451237,17.25
2011-04-06,0.0031473216316476116,-0.01512746499112093,0.0023204441860725563,16.899999618530273
2011-04-07,-0.002547042706186912,-0.001988843997854943,0.0009125601693485474,17.110000610351562
2011-04-08,-0.003456366381870866,-0.005326996419892457,0.008037287998853247,17.8700008392334
2011-04-11,-0.0030148983531600973,0.0008897733419069958,-0.007125452862238653,16.59000015258789
2011-04-12,-0.007502120880094218,0.010724662030043203,-0.0072471647308646366,17.09000015258789
2011-04-13,-7.611811550821212e-05,0.006249425989952862,0.00204573660814561,16.920000076293945
2011-04-14,0.000760466443930955,-0.0007645411108994756,0.013370425768477334,16.270000457763672
2011-04-15,0.003641365844536953,0.013470212803021473,0.008585564685085078,15.319999694824219
2011-04-18,-0.011271646368357976,0.002263559965598535,0.006048472882944081,16.959999084472656
2011-04-19,0.005727801497007342,0.00429796030826254,0.0,15.829999923706055
2011-04-20,0.01354012456082228,-0.006453322407803198,0.003898423967414405,15.069999694824219
2011-04-21,0.005095703945781341,-0.0008641511754386012,0.001636922263399478,14.6899995803833
2011-04-25,-0.0010467933631512498,0.0037728126121599494,0.0008854577994363184,15.770000457763672
2011-04-26,0.008568196494509829,0.009636498579326183,-0.0033417949897760106,15.619999885559082
2011-04-27,0.006507507344867304,-0.010281969974336006,0.019081653785337462,15.350000381469727
2011-04-28,0.0032379418906303636,0.007614839425900242,0.004146955091005261,14.619999885559082
2011-04-29,0.002348285796626333,0.0030936682683070384,0.01687711902897774,14.75
2011-05-02,-0.0015406916774196857,0.0016019205410497113,-0.012946818420868185,15.989999771118164
2011-05-03,-0.0036031538883020556,0.005644844888494027,-0.003529916511002363,16.700000762939453
2011-05-04,-0.006653193305576662,0.004449904979946616,-0.014448752090855678,17.079999923706055
2011-05-05,-0.009089555753846224,0.00946949728008058,-0.029260291794056918,18.200000762939453
2011-05-06,0.004405945671125016,-0.004407385307021767,0.01267462896066856,18.399999618530273
2011-05-09,0.0038676130688591924,-0.001052854048655501,0.014213726890232377,17.15999984741211
2011-05-10,0.008499873147257836,-0.007185502569805602,0.0035220099792790545,15.90999984741211
2011-05-11,-0.010580444072118092,0.005710778735349179,-0.009237945533017843,16.950000762939453
2011-05-12,0.0047492036263190015,-0.006347436874703152,0.0003411664040718726,16.030000686645508
2011-05-13,-0.007729061947583645,0.008979971053853711,-0.006570357296572971,17.06999969482422
2011-05-16,-0.00636170564740507,0.005558676450101951,-0.0017870091740066025,18.239999771118164
2011-05-17,-0.00014997681219124868,0.0101973283889537,-0.0043431154594507256,17.549999237060547
2011-05-18,0.008896264236221668,-0.013340910997858196,0.005924110292412172,16.229999542236328
2011-05-19,0.0023789090707253603,-0.00041899988079492444,0.0003432638177482088,15.520000457763672
2011-05-20,-0.00797662034120996,0.0005246647264727499,0.012553972615642393,17.43000030517578
2011-05-23,-0.011668889907435594,0.004814370034366399,0.0023025631834914487,18.270000457763672
2011-05-24,-0.0008330445489990645,0.003750893273424002,0.005127833323306366,17.81999969482422
2011-05-25,0.003328849805662277,-0.004691106687523763,-6.726457516765322e-05,17.06999969482422
2011-05-26,0.004597172771700379,0.008533005748204875,-0.0024258812883911256,16.09000015258789
2011-05-27,0.003827266778356775,-0.000414989972026816,0.009935606280794308,15.979999542236328
2011-05-31,0.010357447296648609,0.0022785186442834987,-0.00040086563861292825,15.449999809265137
2011-06-01,-0.022717551956196683,0.013423548534340211,0.0018027330517969423,18.299999237060547
2011-06-02,-0.0010620388622001608,-0.019232835662606324,-0.0027387456222016378,18.09000015258789
2011-06-03,-0.009994390770821817,0.005726397478765397,0.004804501553227066,17.950000762939453
2011-06-06,-0.01063736365193016,-0.007607799393850292,0.0017292622165884623,18.489999771118164
2011-06-07,-0.0006201178654187013,0.004592615010343637,-0.0003987873752467306,18.06999969482422
2011-06-08,-0.0041960779643787065,0.007777640425366362,-0.004063560992703724,18.790000915527344
2011-06-09,0.007602054227360228,-0.004037299648054796,0.004993851388959323,17.770000457763672
2011-06-10,-0.014007946992495907,0.007647439709933891,-0.008805874461023683,18.860000610351562
2011-06-13,0.0007831502664932403,-0.005056503183598903,-0.00989874533208827,19.610000610351562
2011-06-14,0.012606173563418307,-0.015221512967772213,0.006072032480570563,18.260000228881836
2011-06-15,-0.01794545463799403,0.01801052500631811,0.003022245884073787,21.31999969482422
2011-06-16,0.0022022111498803914,0.004529496585109638,-0.0010063666073081164,22.729999542236328
2011-06-17,0.0029799430366903063,-0.004735399812273958,0.006490278771680714,21.850000381469727
2011-06-20,0.005102679531801063,0.0012372833630845742,0.0006000356050579211,19.989999771118164
2011-06-21,0.013610897607303635,-0.004441868008303464,0.004853865999923359,18.860000610351562
2011-06-22,-0.006043599846907579,0.0006214758338372904,0.0015245138749051255,18.520000457763672
2011-06-23,-0.0028795070673231942,0.00762707447087709,-0.01770673421621351,19.290000915527344
2011-06-24,-0.011681671483210998,-0.004218582798027074,-0.014121089335867159,21.100000381469727
2011-06-27,0.008871603958254254,-0.013809319933019324,-0.003630257057320092,20.559999465942383
2011-06-28,0.012968667668765895,-0.008082261348235153,0.0034935800405475424,19.170000076293945
2011-06-29,0.008527832506768324,-0.006662256821901533,0.006407132466265777,17.270000457763672
2011-06-30,0.00951652862268774,-0.0015929233493259547,-0.008049656026433037,16.520000457763672
2011-07-01,0.014668178327388637,-0.0016010572741591285,-0.0073558050101630275,15.869999885559082
2011-07-05,-0.0008217100052682755,0.002240996134700936,0.018458359922485637,16.059999465942383
2011-07-06,0.0011950385240138668,0.005101771036540112,0.008632944574224394,16.34000015258789
2011-07-07,0.010321840176917414,-0.0029730424438475468,0.0016103488438778855,15.949999809265137
2011-07-08,-0.007117559788122976,0.0140438411123,0.007348103376555757,15.949999809265137
2011-07-11,-0.018245787234928673,0.014882998979541007,0.008878910398621733,18.389999389648438
2011-07-12,-0.004328331484605239,0.0034031582229624023,0.007754066530314864,19.8700008392334
2011-07-13,0.0033430559658808577,0.002775394623494381,0.008927726045871467,19.90999984741211
2011-07-14,-0.006926060950235229,-0.01437330900929412,0.002591642671108347,20.799999237060547
2011-07-15,0.005787319857817306,0.0016646158736515345,0.004261669024496625,19.530000686645508
2011-07-18,-0.008234573137155586,-0.009716687274073276,0.008788653016896502,20.950000762939453
2011-07-19,0.01610110731120048,0.02057621020562503,-0.012274058243285656,19.209999084472656
2011-07-20,-0.0006029603481449257,-0.01189893921601383,0.008755048684885084,19.09000015258789
2011-07-21,0.013775825510334523,-0.007732674956982911,-0.007656478889253896,17.559999465942383
2011-07-22,0.0006691474320438987,0.007524038953181616,0.008297158381419902,17.520000457763672
2011-07-25,-0.0055887982351476885,-0.010992292043591177,0.007784134589571454,19.350000381469727
2011-07-26,-0.003742971842212601,0.006818285470066609,0.0027292577237113358,20.229999542236328
2011-07-27,-0.020687970495572708,0.00010527106677758134,-0.003683023077966326,22.979999542236328
2011-07-28,-0.00291381372795113,0.003755370267112407,0.0008267138480823339,23.739999771118164
2011-07-29,-0.006857993238864344,0.019594949488938758,0.006146757162875088,25.25
2011-08-01,-0.0042620697164922694,0.010042379252259951,-0.0036074345335545903,23.65999984741211
2011-08-02,-0.025879125255306126,0.029584772241812576,0.023807683707060965,24.790000915527344
2011-08-03,0.005403998241706454,0.0019673073219090556,-0.00018574519969141986,23.3799991607666
2011-08-04,-0.04797414451858007,0.03496262615653991,-0.0052774225526159586,31.65999984741211
2011-08-05,-0.0014977788005590233,-0.029277957618682876,0.006886100677144776,32.0
2011-08-08,-0.06734029201295724,0.031079684750813852,0.032660154649896335,48.0
2011-08-09,0.04545014522260716,0.0030268499591508797,0.00887627137888437,35.060001373291016
2011-08-10,-0.04518328551642403,0.029319676128118765,0.03479474038575463,42.9900016784668
2011-08-11,0.04390534743452269,-0.051766476368345596,-0.022182601344645846,39.0
2011-08-12,0.006710761849715546,0.019609560026215857,-0.004578540379765363,36.36000061035156
2011-08-15,0.020944110437871494,-0.010187872463028495,0.010709069242453939,31.8700008392334
2011-08-16,-0.008575982722525225,0.01641994329261377,0.0122643855311679,32.849998474121094
2011-08-17,0.000668785519992885,0.01735769136090399,0.002870760456120654,31.579999923706055
2011-08-18,-0.04407569617193564,0.0203296601817077,0.01874311163551858,42.66999816894531
2011-08-19,-0.01646534337211032,0.008036680262752503,0.012469732629723616,43.04999923706055
2011-08-22,0.000798985268839433,-0.0025212187245241846,0.02545811201523618,42.439998626708984
2011-08-23,0.032380421805096135,-0.013889418769483814,-0.03820924283947076,36.27000045776367
2011-08-24,0.01398612024775235,-0.02884360366504326,-0.03447040239609572,35.900001525878906
2011-08-25,-0.015361450641280902,0.01076339990286336,0.004127831942992827,39.7599983215332
2011-08-26,0.01442937588408709,0.00981781623364033,0.029216271136055655,35.59000015258789
2011-08-29,0.028330897002154572,-0.013921826629431365,-0.02037867554084576,32.279998779296875
2011-08-30,0.002633455420369386,0.01594777812353163,0.029521431261488856,32.88999938964844
2011-08-31,0.004428082575281731,-0.015574554562040027,-0.007735058209084623,31.6200008392334
2011-09-01,-0.01052830668793077,0.02097694517474035,0.0008436339994106385,31.81999969482422
2011-09-02,-0.02588189836558374,0.03196901275626322,0.029743880060709684,33.91999816894531
2011-09-06,-0.0073238412233035035,0.010345405378627506,-0.0018572769704758563,37.0
2011-09-07,0.027817073246525062,-0.019273672862169685,-0.032337903821831236,33.380001068115234
2011-09-08,-0.010446157353844174,0.008928267483542304,0.026360554098634244,34.31999969482422
2011-09-09,-0.026559594455589634,0.010609228682715612,-0.006123991593192474,38.52000045776367
2011-09-12,0.00644959163598664,0.001054899123785147,-0.022554605449326134,38.59000015258789
2011-09-13,0.009128865066746816,-0.01433391175495853,0.010529052886616642,36.90999984741211
2011-09-14,0.013749517573615528,0.00843078760496608,-0.007477120273184911,34.599998474121094
2011-09-15,0.017109840683758544,-0.015406158893188896,-0.015984031396099732,31.969999313354492
2011-09-16,0.0059010597885971,0.007242140860099079,0.00930295164559379,30.979999542236328
2011-09-19,-0.010006721250874073,0.018887900281587034,-0.015572543748898304,32.72999954223633
2011-09-20,-0.0011644895255353354,0.004187509953942114,0.014151321817653911,32.86000061035156
2011-09-21,-0.02990097389373681,0.032547794004576976,-0.012537030407863034,37.31999969482422
2011-09-22,-0.032858544215366554,0.0368974512047136,-0.026501628577849823,41.349998474121094
2011-09-23,0.006007456507340136,-0.018775633133353304,-0.0562714947767603,41.25
2011-09-26,0.023502078244801376,-0.016185744461751982,-0.013989774992148278,39.02000045776367
2011-09-27,0.011121391339748493,-0.015426056645340068,0.019170336530176878,37.709999084472656
2011-09-28,-0.020629867661298353,-0.00034194227058099053,-0.0278383359714093,41.08000183105469
2011-09-29,0.00787222574972757,0.00689727682763048,0.009429196621174493,38.84000015258789
2011-09-30,-0.025306746603547963,0.024808664373283367,0.0022802177134303657,42.959999084472656
2011-10-03,-0.02887079534983059,0.02714836718103125,0.01818123629201861,45.45000076293945
2011-10-04,0.02168618084883578,-0.0127623560836829,-0.02084198016777855,40.81999969482422
2011-10-05,0.018345968773594554,-0.007224656001766672,0.011479200723122179,37.810001373291016
2011-10-06,0.01792956682196324,-0.01863002209595868,0.006438520382399495,36.27000045776367
2011-10-07,-0.006718385125250807,-0.007414489579876905,-0.008196078194995479,36.20000076293945
2011-10-10,0.032898570261985345,-0.014224797439483771,0.025369706940620972,33.02000045776367
2011-10-11,0.0010030807983240956,-0.0033512528960164454,-0.007191831911733941,32.86000061035156
2011-10-12,0.008733872589716382,-0.01465329372998555,0.00713052198207639,31.260000228881836
2011-10-13,-0.001990188140309891,0.009907710297762513,-0.00589749505275014,30.700000762939453
2011-10-14,0.016949868305367214,-0.01463531982269645,0.006754651748949264,28.239999771118164
2011-10-17,-0.019275678514617246,0.017140872563905358,-0.004784984318897891,33.38999938964844
2011-10-18,0.019357300562683574,-0.006230589725733702,-0.004807990522259361,31.559999465942383
2011-10-19,-0.01189952403006087,-0.0003477029629741482,-0.012247215797121397,34.439998626708984
2011-10-20,0.0043661571733494145,-0.0071458551019321455,-0.013222651084731378,34.779998779296875
2011-10-21,0.018809169413061964,-0.010638229093185991,0.01103102964708361,31.31999969482422
2011-10-24,0.012186422286084452,0.0016776630053931458,0.009359274408804371,29.260000228881836
2011-10-25,-0.01963492602622399,0.02509693757840429,0.02798622413330745,32.220001220703125
2011-10-26,0.010107229864137875,-0.017623801515891005,0.010871290055837372,29.860000610351562
2011-10-27,0.03424204136057858,-0.0344851945144208,0.012761764976101417,25.459999084472656
2011-10-28,-0.0002332900459571653,0.010461869762006023,0.00041272557597136334,24.530000686645508
2011-10-31,-0.024401253738625565,0.0388895565065488,-0.013532963163571735,29.959999084472656
2011-11-01,-0.028284728323706737,0.03292645289617594,0.00023905679353779965,34.77000045776367
2011-11-02,0.016179978236544136,-0.012552911822099007,0.009986961282971352,32.7400016784668
2011-11-03,0.018063112861316965,-0.013828166303238526,0.015611583405325672,30.5
2011-11-04,-0.006117579200316003,0.0012025099736934438,-0.005079236179332056,30.15999984741211
2011-11-07,0.006196509887073743,0.006333627453062473,0.023885642975553973,29.850000381469727
2011-11-08,0.012749303138217885,-0.012879663762344765,-0.008321169193389317,27.479999542236328
2011-11-09,-0.03760806777595831,0.020527618384783983,-0.008449074737466438,36.15999984741211
2011-11-10,0.00937462206910605,-0.015013166169300386,-0.0054194819068881525,32.810001373291016
2011-11-11,0.018647245255986447,-0.006119475203077996,0.016343494900231577,30.040000915527344
2011-11-14,-0.009519247187477094,0.01595524843777478,-0.004378447815266984,31.1299991607666
2011-11-15,0.004929669077316686,-0.0013632597607430494,0.0009233822403350991,31.219999313354492
2011-11-16,-0.015990093480350596,0.009077252025360744,-0.01072881883307553,33.5099983215332
2011-11-17,-0.016004189088800504,0.007990107150616177,-0.026049069788272285,34.5099983215332
2011-11-18,-0.0010653715118478947,-0.0002513634718056634,0.0031070114130365514,32.0
2011-11-21,-0.019202668414600645,0.005931958991363371,-0.024886493203201684,32.90999984741211
2011-11-22,-0.003935363515145006,0.011100162942005855,0.011009493958958352,31.969999313354492
2011-11-23,-0.022313002772214444,0.00975529776346113,-0.002907833444255293,33.97999954223633
2011-11-25,-0.0018892035749528712,-0.01462775641028634,-0.00871350577932607,34.470001220703125
2011-11-28,0.02855553457628057,-0.0004963656556028944,0.019574669781168473,32.130001068115234
2011-11-29,0.002836058630935446,-0.0082333586966755,0.0014992056580314238,30.639999389648438
2011-11-30,0.040325303392877265,-0.015739185034760125,0.019287858882640098,27.799999237060547
2011-12-01,-0.00016002390691939442,-0.005030127982738888,-0.0029432561018175956,27.40999984741211
2011-12-02,-0.000880313213499395,0.013919536619499268,0.0011194724078150643,27.520000457763672
2011-12-05,0.010833032951186077,-0.0020244984356190734,-0.014830905352806206,27.84000015258789
2011-12-06,0.00031677534985945205,-0.009590135456541797,0.005126600507155191,28.1299991607666
2011-12-07,0.0037156437366455634,0.003575638659154904,0.007227955332883408,28.670000076293945
2011-12-08,-0.022180660588322132,0.01241238263637679,-0.020395472758271072,30.59000015258789
2011-12-09,0.016800297806319715,-0.020775061120874697,0.002527218277842403,26.3799991607666
2011-12-12,-0.014704738072992435,0.01107818991458801,-0.026859852864766727,25.670000076293945
2011-12-13,-0.00938256378269652,0.00927723830603507,-0.022095571965698058,25.40999984741211
2011-12-14,-0.010703399601450309,0.018714469533250528,-0.03572036229643507,26.040000915527344
2011-12-15,0.003607624699490957,-0.0037149990058382176,-0.0036694724115009882,25.110000610351562
2011-12-16,0.0014818032015058383,0.011593858860647583,0.018858628346003374,24.290000915527344
2011-12-19,-0.010749569963753463,0.012592227439968042,-0.0023218367153054562,24.920000076293945
2011-12-20,0.029811240549463255,-0.02526244438141773,0.013532357682449965,23.219999313354492
2011-12-21,0.001934887723852339,-0.014007155452666302,0.0011460365099759205,21.43000030517578
2011-12-22,0.008819739191979266,0.004190200543438129,-0.007152076380172022,21.15999984741211
2011-12-23,0.008901357390720588,-0.011183407223615997,0.0017288576765001683,20.729999542236328
2011-12-27,0.0007905441574646434,0.004739326761802213,-0.008996872529867412,21.90999984741211
2011-12-28,-0.01321037404558934,0.018319951646700198,-0.025365842262780703,23.520000457763672
2011-12-29,0.010280952275508756,0.0018223941357689208,-0.0045791131052559195,22.649999618530273
2011-12-30,-0.004928186281169999,0.0032212467350716993,0.010915393959510784,23.399999618530273
2012-01-03,0.01581083863608887,-0.015124147182145487,0.025528278105768725,22.969999313354492
2012-01-04,0.0015670224497233924,-0.011960487828124793,0.005053962921992179,22.219999313354492
2012-01-05,0.0026591723568479423,-0.001781454096800644,0.006804643552456634,21.479999542236328
2012-01-06,-0.00258055586290592,0.007863382417392466,-0.003682789348313295,20.6299991607666
2012-01-09,0.002424257539351875,-0.0017703563846009223,-0.004462850601680474,21.06999969482422
2012-01-10,0.008633080499627325,-0.001688972550178096,0.01358147038393252,20.690000534057617
2012-01-11,0.0005421992263738176,0.012931624345168466,0.006471693519725533,21.049999237060547
2012-01-12,0.0023964844672530626,-0.0014191964872778977,0.004436855940286991,20.469999313354492
2012-01-13,-0.005186673681860027,0.009893741042988308,-0.00700797748665459,20.90999984741211
2012-01-17,0.00387317641754366,0.0046212475499791805,0.007755890232572322,22.200000762939453
2012-01-18,0.010995748087151019,-0.012178155682746954,0.006830241286203655,20.889999389648438
2012-01-19,0.005262401961555243,-0.013849260768110992,-0.0023542844291586738,19.8700008392334
2012-01-20,0.0037202684486206433,-0.01138923789814722,0.005258486434611419,18.280000686645508
2012-01-23,-0.002579826211015762,-0.006346506363196125,0.006702951032527608,18.670000076293945
2012-01-24,-0.0011404422376048468,0.0018050499028917878,-0.007073309078255219,18.90999984741211
2012-01-25,0.008332752722266993,-0.0024070684549507247,0.026856674653672707,18.309999465942383
2012-01-26,-0.0051429348118831745,0.01316918777997465,0.00509459639654765,18.56999969482422
2012-01-27,-0.0004551613251039107,0.0031385143068227727,0.01011189273071679,18.530000686645508
2012-01-30,-0.0034194721832646407,0.011702546693033394,-0.005578663971878356,19.399999618530273
2012-01-31,-0.0003810702257857828,0.011484713372313623,0.007588812095342065,19.440000534057617
2012-02-01,0.008719211807624817,-0.011520696411427854,0.00147549236555642,18.549999237060547
2012-02-02,0.0015840948139463728,-0.00041958204183121123,0.008749097178977205,17.979999542236328
2012-02-03,0.013921209923545803,-0.021722866017667715,-0.020137109848909707,17.100000381469727
2012-02-06,-0.0006690603404143964,0.009901271764544816,-0.002747786955391367,17.760000228881836
2012-02-07,0.002525983022261245,-0.012478488344594989,0.014961121796296195,17.649999618530273
2012-02-08,0.002962908372657219,0.0007733970819728388,-0.0070964044645123875,18.15999984741211
2012-02-09,0.0012569841742922827,-0.007505059726813619,-0.002852704427427749,18.6299991607666
2012-02-10,-0.007415675451189732,0.01290466391317147,-0.005251264443437007,20.790000915527344
2012-02-13,0.007415675451189765,0.0012817011251770847,0.0022112372609914763,19.040000915527344
2012-02-14,-0.0012569841742923315,0.005278933252112834,-0.002330930151636942,19.540000915527344
2012-02-15,-0.004671324981643158,-0.0017846155188462997,0.0059064426447289235,21.139999389648438
2012-02-16,0.011012502152010854,-0.008028946953636805,-0.0006545512723762022,19.219999313354492
2012-02-17,0.0026426617819000644,-0.0002579542730587042,-0.0038765152743636634,17.780000686645508
2012-02-21,0.0004394185574754112,-0.011126382413054943,0.02169306958114338,18.190000534057617
2012-02-22,-0.003228815831346976,0.01249824450384274,0.011164193939316386,18.190000534057617
2012-02-23,0.00440104152208909,0.0,0.0004624917963242474,16.799999237060547
2012-02-24,0.0021930639751286426,0.006489541927461301,-0.0045764514047417675,17.309999465942383
2012-02-27,0.0016785145163532448,0.008811769617085229,-0.003082017911286478,18.190000534057617
2012-02-28,0.0029119293076223613,-0.0032954284802830447,0.01037124237129815,17.959999084472656
2012-02-29,-0.003933354166807063,-0.006112975846608149,-0.054486874448655936,18.43000030517578
2012-03-01,0.0051685530910177985,-0.009457985466291424,0.014022637552039158,17.260000228881836
2012-03-02,-0.0030546958326158314,0.009347170134929904,-0.0016218911795983044,17.290000915527344
2012-03-05,-0.0040862080728167076,-0.007970263437090898,-0.00415677252468325,18.049999237060547
2012-03-06,-0.014733157627981263,0.012059306753721629,-0.017969096432021343,20.8700008392334
2012-03-07,0.006951745755683615,-0.006139659592702837,0.00569981581334447,19.06999969482422
2012-03-08,0.009899509570951703,-0.010058791981267091,0.010033186704286951,17.950000762939453
2012-03-09,0.0038602329053465693,0.001985498422606048,0.0066333602174327025,17.110000610351562
2012-03-12,7.276273634111981e-05,-0.00017177363113091233,-0.007904687473264298,15.640000343322754
2012-03-13,0.017865240150503878,-0.01775069838712792,-0.01692317740609355,14.800000190734863
2012-03-14,-0.0010718113138158984,-0.025518221587096733,-0.01696375000167828,15.3100004196167
2012-03-15,0.005773123192017528,0.0015300375128420947,0.009418404028557977,15.420000076293945
2012-03-16,0.0013834903217272861,0.0019763598909772755,0.0013648567003107786,14.470000267028809
2012-03-19,0.003912573219125286,-0.012007989305416343,0.0017962362702596962,15.039999961853027
2012-03-20,-0.0029151997521851365,0.0039885546664118615,-0.009076224493998303,15.579999923706055
2012-03-21,-0.0016390081973025857,0.01124468266377152,0.0004994807381019333,15.130000114440918
2012-03-22,-0.007229387761520577,0.0032158832416174093,-0.004002753243231974,15.569999694824219
2012-03-23,0.0032274141569240545,0.00940654937017638,0.012208133046479623,14.819999694824219
2012-03-26,0.01393756656108041,-0.005136195764719893,0.017611569127534244,14.260000228881836
2012-03-27,-0.0031117935131076105,0.007165622392045167,-0.0070809013076213,15.59000015258789
2012-03-28,-0.004971009279465866,-0.0014112697897977304,-0.010654517949322703,15.470000267028809
2012-03-29,-0.0017100068168796393,0.007475842569985504,-0.0014250489249673808,15.479999542236328
2012-03-30,0.004127718083278077,-0.017055570959261617,0.005194794327439433,15.5
2012-04-02,0.007287771468312774,0.005525170641734008,0.0050452782243641,15.640000343322754
2012-04-03,-0.004097338890019474,-0.017480527726095048,-0.01889597488595619,15.65999984741211
2012-04-04,-0.009960473070972684,0.013651742820717721,-0.016903541070223595,16.440000534057617
2012-04-05,-0.0005002119309430766,0.007200136321556545,0.006972586754221729,16.700000762939453
2012-04-09,-0.011294689327431136,0.023112416076629422,0.006673391569320288,18.809999465942383
2012-04-10,-0.016927420580191397,0.0112726286758344,0.01079681583610527,20.389999389648438
2012-04-11,0.008061739023563011,-0.012052531625669475,-0.0001862294945727839,20.020000457763672
2012-04-12,0.01298099888925129,-0.0041655210851964785,0.010068896893171232,17.200000762939453
2012-04-13,-0.011960111448202334,0.016047355238273404,-0.011435703837606927,19.549999237060547
2012-04-16,-0.0006560685596825712,-0.0014562454005732609,-0.0024275594635374416,19.549999237060547
2012-04-17,0.014703546768621805,-0.0005999867587828997,-0.0013096363661056385,18.459999084472656
2012-04-18,-0.0033850934325020186,0.0029116372051381316,-0.005883121540853622,18.639999389648438
2012-04-19,-0.0064416440317693864,0.0009395926557130152,0.0007529342193186616,18.360000610351562
2012-04-20,0.001668333972171989,0.0001709669692525704,0.0006897239210806605,17.440000534057617
2012-04-23,-0.008444212578518519,0.007234637108690222,-0.0029502294460589935,18.969999313354492
2012-04-24,0.0037939707940366518,-0.007063891197088385,0.0014448331190362385,18.100000381469727
2012-04-25,0.013598781075880922,-0.005137512418437576,0.002006723784330158,16.81999969482422
2012-04-26,0.0069452338364839545,0.005990996606870022,0.00879471559167779,16.239999771118164
2012-04-27,0.0016397308720648898,0.0008533308919220986,0.0021711872276646304,16.31999969482422
2012-04-30,-0.003711066422123297,0.0002554361332127403,0.0030934874938505622,17.149999618530273
2012-05-01,0.006200694580746163,-0.005199006002861569,-0.0034653347638567127,16.600000381469727
2012-05-02,-0.002988506942400532,0.007017914501527746,-0.00453550513766278,16.8799991607666
2012-05-03,-0.007655289357756608,-0.0002556409335861564,-0.010138997417698532,17.559999465942383
2012-05-04,-0.016289298016302474,0.00781706540703666,0.0031403115630244814,19.15999984741211
2012-05-07,0.0007293624557234998,0.00017002413805273028,-0.0024485925648660245,18.940000534057617
2012-05-08,-0.0040196638707612736,0.005317296291593585,-0.01955122460022864,19.049999237060547
2012-05-09,-0.005949057455735796,0.0006731876233841374,-0.009856096620851877,20.079999923706055
2012-05-10,0.0020604453418855135,-0.002949067355020003,0.001940260901209398,18.829999923706055
2012-05-11,-0.0030191600907466458,0.008235345756101473,-0.007848817296009933,19.889999389648438
2012-05-14,-0.011122479658751933,0.013877584068953543,-0.01462845943520308,21.8700008392334
2012-05-15,-0.005758226560332123,0.004036000374252165,-0.010562401311462568,21.969999313354492
2012-05-16,-0.0038322609326247995,0.0028724183543319595,-0.001871650064246415,22.270000457763672
2012-05-17,-0.014941949140704808,0.017548831503806317,0.022101053281684286,24.489999771118164
2012-05-18,-0.008595830660243201,0.00024151452549392877,0.011387791619555667,25.100000381469727
2012-05-21,0.017042217982150595,-0.00209554838285746,0.0006467713402268693,22.010000228881836
2012-05-22,0.001741256339967811,-0.011196700410494522,-0.016757749444190322,22.479999542236328
2012-05-23,0.0005295867536669985,0.006911497420771635,-0.0030293517963689474,22.329999923706055
2012-05-24,0.0019634599002794862,-0.0038157877424923716,-0.0013859452168922916,21.540000915527344
2012-05-25,-0.003249527055718364,0.0037345319657405784,0.008352766698997548,21.760000228881836
2012-05-29,0.012038975241840675,-0.0030842434718344755,-0.010931873240010203,21.030000686645508
2012-05-30,-0.014616008105666213,0.025045654762651606,0.005875957660694494,24.139999389648438
2012-05-31,-0.002203607797575377,0.011508202779128495,-0.001910905902789609,24.059999465942383
2012-06-01,-0.025498921985015622,0.023462792282100197,0.03804809984180762,26.65999984741211
2012-06-04,-0.00046861574987083456,-0.007932897131366403,-0.0011434641458968186,26.1200008392334
2012-06-05,0.007544163909597022,-0.013466616981103513,-0.0011448702562414747,24.68000030517578
2012-06-06,0.02221923854849459,-0.02018723039003044,0.0004454100462342761,22.15999984741211
2012-06-07,0.0006060625498138125,0.0015186312618546995,-0.017388437571983575,21.719999313354492
2012-06-08,0.007920232918580827,-0.0002396400125645128,0.0014875385514176553,21.229999542236328
2012-06-11,-0.012778529840975139,0.004541413497522068,0.004063373582424457,23.559999465942383
2012-06-12,0.011425361368726772,-0.009184282113182009,0.007055420696368892,22.09000015258789
2012-06-13,-0.006415458503045055,0.009820448564981514,0.004209384361180728,24.270000457763672
2012-06-14,0.010544524610514909,-0.001271848395897597,0.004001687892130676,21.68000030517578
2012-06-15,0.010175313165461507,0.005553715994521104,0.0005703370916346761,21.110000610351562
2012-06-18,0.001936250321818331,0.005365128449796195,0.0005700119926437334,18.31999969482422
2012-06-19,0.009626484150255254,-0.013148657216208282,-0.004887432513551658,18.3799991607666
2012-06-20,-0.001622459164149203,0.004930337969307088,-0.007600729101789924,17.239999771118164
2012-06-21,-0.02269433856405857,0.005302329049929068,-0.025651569647767526,20.079999923706055
2012-06-22,0.007671824864232632,-0.013427134152242058,0.004070084458850245,18.110000610351562
2012-06-25,-0.016164442098409275,0.014452466546837479,0.00731070579506714,20.3799991607666
2012-06-26,0.005013425050979282,-0.003949584973551052,-0.007441769628189937,19.719999313354492
2012-06-27,0.008975661275320899,0.0015819537868797787,0.001375064652515789,19.450000762939453
2012-06-28,-0.0028574414242855937,0.0024462559791537976,-0.011715276484427288,19.709999084472656
2012-06-29,0.024621234276218106,-0.013093090640489182,0.027039260378949704,17.079999923706055
2012-07-02,0.0030078888326261185,0.0102658559320162,-0.000644618456697509,16.799999237060547
2012-07-03,0.006571361395625281,-0.007715504535418766,0.01516593043631744,16.65999984741211
2012-07-05,-0.0045225082790590265,0.005096781480904472,-0.011368929003809548,17.5
2012-07-06,-0.009548694055287962,0.009251331817952747,-0.012734817475435407,17.100000381469727
2012-07-09,-0.0012556753780912618,0.0087757130343255,0.0021445114458555955,17.979999542236328
2012-07-10,-0.00875857120373488,0.0020263015638664816,-0.012345429133629288,18.719999313354492
2012-07-11,0.00014927020350019395,0.0012456177880414234,0.0055057594568082525,17.950000762939453
2012-07-12,-0.004856764701136833,0.007050965357363874,-0.002618033780691079,18.329999923706055
2012-07-13,0.016638502153656334,-0.0026288963521704377,0.010106714486149358,16.739999771118164
2012-07-16,-0.0023599544428867963,0.004634323111917384,0.0004540770166103946,17.110000610351562
2012-07-17,0.0068434663474865425,-0.007890655718165744,-0.004810237265713993,16.479999542236328
2012-07-18,0.007379217415034683,0.0005430837073619322,-0.002740430809986751,16.15999984741211
2012-07-19,0.0026177704143390723,-0.0025648474066836137,0.002153848840418498,15.449999809265137
2012-07-20,-0.00919069989226891,0.012144952617494225,0.001888899980288932,16.270000457763672
2012-07-23,-0.01016322456510883,0.005597114918514358,-0.0041734615256850535,18.6200008392334
2012-07-24,-0.00862394872473386,0.007843979832611404,0.00319690690338272,20.469999313354492
2012-07-25,0.0002236685033515661,0.002576284147107339,0.013907490755906015,19.34000015258789
2012-07-26,0.016363153594879894,-0.00919812167395058,0.007041420048145291,17.530000686645508
2012-07-27,0.018264533944632358,-0.019042011594960342,0.00489956132478139,16.700000762939453
2012-07-30,0.0,0.00744426021505096,-0.0006984831553893457,18.030000686645508
2012-07-31,-0.007019376800766237,0.0020068540429278936,-0.005988723225470398,18.93000030517578
2012-08-01,-0.000871368599590074,-0.005011868801806532,-0.00866421414888581,18.959999084472656
2012-08-02,-0.006928691393977713,0.0056522461948851814,-0.006531497290067034,17.56999969482422
2012-08-03,0.01963920554006475,-0.016269182114133317,0.009170809124329653,15.640000343322754
2012-08-06,0.0019355000689137306,0.0003921440725881825,0.004810013989643127,15.949999809265137
2012-08-07,0.005001618331515566,-0.012948586487092585,-0.00012799457656319368,15.989999771118164
2012-08-08,0.0012108899750855997,-0.005339088060229858,0.0012789166070782496,15.319999694824219
2012-08-09,0.0008531820617072205,-0.0007192533423154257,0.0032539650598126992,15.279999732971191
2012-08-10,0.001634542600574728,0.005024828998851192,0.0012094547976165897,14.739999771118164
2012-08-13,-0.0004971327806209381,-0.0016727897292846152,-0.007599660994752833,13.699999809265137
2012-08-14,0.00014203362471817228,-0.013639056608936556,-0.005528431293767677,14.850000381469727
2012-08-15,0.0011358874929025711,-0.014156351835333742,0.003217920039555506,14.630000114440918
2012-08-16,0.007351813997366217,-0.008556825271548944,0.005957880902347246,14.289999961853027
2012-08-17,0.0013365508862527356,0.00486398204715937,0.0010214739315963608,13.449999809265137
2012-08-20,7.055388555942093e-05,0.0020531309536828677,0.0034396702075541645,14.020000457763672
2012-08-21,-0.0030284658952252795,0.004421731507263104,0.009934007742546973,15.020000457763672
2012-08-22,0.000422860356875477,0.01637000410339344,0.010708631507447481,15.109999656677246
2012-08-23,-0.008212883552151868,0.004171438416887946,0.008373997600348033,15.960000038146973
2012-08-24,0.006024669499703774,-0.0009613021810026136,0.00049405195165326,15.180000305175781
2012-08-27,0.0002118261084215741,0.005831600208314937,-0.0037732430064034606,16.350000381469727
2012-08-28,-0.0009893862446701675,0.0023874007165528084,0.0017337390057776023,16.489999771118164
2012-08-29,0.0007775601362486521,-0.004380390715991228,-0.006517126164973718,17.059999465942383
2012-08-30,-0.007233612177661914,0.0051747197686210205,-0.0004359382542126009,17.829999923706055
2012-08-31,0.004757268222197394,0.014034532059698363,0.02278842769888954,17.469999313354492
2012-09-04,-0.0009208477978230485,-0.0010052097148054188,0.0015819565772519967,17.979999542236328
2012-09-05,-0.000851328040493927,-0.004723409521900766,-0.00103408368603259,17.739999771118164
2012-09-06,0.02009317130105338,-0.016791045238937367,0.0035237086061065126,15.600000381469727
2012-09-07,0.0038872065412861746,-0.00466505058948405,0.021301036576637185,14.380000114440918
2012-09-10,-0.00569728476941474,0.00241611476624804,-0.0068508245778626286,16.280000686645508
2012-09-11,0.002782892882431083,-0.006294063864254851,0.0036397345213229062,16.40999984741211
2012-09-12,0.003330060286233031,-0.012543049826459872,0.0001191368766436192,15.800000190734863
2012-09-13,0.01512186173119908,-0.0039416414425326235,0.019987101882923578,14.050000190734863
2012-09-14,0.004424557625352443,-0.026937443578112476,0.002856260822614609,14.510000228881836
2012-09-17,-0.003401883882298815,0.011932189146780839,-0.008182448737126974,14.59000015258789
2012-09-18,-0.000817592118822861,0.0049988033826400225,0.007716671888582333,14.180000305175781
2012-09-19,0.0005448931879258549,0.006545228258341933,0.00011648676464511073,13.880000114440918
2012-09-20,6.864461021487099e-05,0.0024731055414251605,-0.0015734059198807039,14.069999694824219
2012-09-21,-0.00041848788379960045,0.001152647641166802,0.00285359936146375,13.979999542236328
2012-09-24,-0.0015093862800195901,0.007785626322889913,-0.0053060014063377545,14.149999618530273
2012-09-25,-0.010698889796694007,0.009828796047443248,-0.0016382823469836482,15.430000305175781
2012-09-26,-0.005636751900541111,0.010694207665707577,-0.0056374963370224036,16.809999465942383
2012-09-27,0.00937703412042077,-0.007143982020999069,0.014789097981363655,14.84000015258789
2012-09-28,-0.004642569203578246,0.0005643963231735284,-0.0026145147730523375,15.729999542236328
2012-10-01,0.002635632210741502,0.003703914246578665,0.0023243307866659033,16.31999969482422
2012-10-02,0.0010382996767537176,-0.0013676863435395207,-0.0011033258934751609,15.710000038146973
2012-10-03,0.004074943411821515,0.00032205033398683124,0.0017996437460312752,15.430000305175781
2012-10-04,0.007143031899337969,-0.012549389650064267,0.006936025341043228,14.550000190734863
2012-10-05,6.808417570868055e-05,-0.013039261701077854,-0.00571878926447531,14.329999923706055
2012-10-08,-0.0034275916745591124,0.008384958913573475,-0.0033074685239183545,15.109999656677246
2012-10-09,-0.009936681738189054,-0.001802620622421598,-0.006180042594964688,16.3700008392334
2012-10-10,-0.00640042950780159,0.0070269678997572724,-0.0008776828487819255,16.290000915527344
2012-10-11,0.000558469154583494,0.006898148101462791,0.002805770961490514,15.59000015258789
2012-10-12,-0.003284181488538309,0.002502869334744159,-0.0073818938973548055,16.139999389648438
2012-10-15,0.008294208072097358,-0.0022606626604526224,-0.010106119739498041,15.270000457763672
2012-10-16,0.010081910552269847,-0.013921629184403563,0.006335646333619325,15.220000267028809
2012-10-17,0.004524552585692067,-0.009306761967558226,0.0007080193841468657,15.069999694824219
2012-10-18,-0.0026029658007840975,-0.006142612217165604,-0.00443354865538353,15.029999732971191
2012-10-19,-0.016804464400407122,0.013480039465106277,-0.010841136052605957,17.059999465942383
2012-10-22,0.00013930387520816022,-0.006427552671838024,0.003646697239812837,16.6200008392334
2012-10-23,-0.013973363720446417,0.01420076945039672,-0.012912759766492157,18.829999923706055
2012-10-24,-0.0028325045646726073,-0.009910873459515607,-0.003451467757776219,18.329999923706055
2012-10-25,0.002903402128197276,-0.005116386723999755,0.007011656174181994,18.1200008392334
2012-10-26,-0.0005656827568877797,0.01461947513480897,-0.0005423202272228979,17.809999465942383
2012-10-31,0.0,0.005853263719482631,0.005409372308871991,18.600000381469727
2012-11-01,0.01041597766936543,-0.008220288315685198,-0.004565910521291634,16.690000534057617
2012-11-02,-0.008931810550922901,-0.0007362097875874897,-0.02111619567115675,17.59000015258789
2012-11-05,0.00204672380553645,0.0056276170033309385,0.003866988340753932,18.420000076293945
2012-11-06,0.007794909789768081,-0.009479652509078604,0.018633181558340834,17.579999923706055
2012-11-07,-0.022924654022623753,0.017983781257081884,0.0011418760009174647,19.079999923706055
2012-11-08,-0.012097033368098743,0.014729599249982737,0.008969205970755553,18.489999771118164
2012-11-09,0.0008693677569384119,0.0011115263260401008,-0.0010124664362506366,18.610000610351562
2012-11-12,0.0007955416574974892,0.0016659427578675737,-0.002207239069899678,16.68000030517578
2012-11-13,-0.0034777704730657,0.003322356601454123,-0.0020923088878503668,16.649999618530273
2012-11-14,-0.013590485913607437,0.0009474958018585964,0.0002393087940783899,17.920000076293945
2012-11-15,-0.0016934524693986586,-0.0019745984694234716,-0.0063019928595901085,17.989999771118164
2012-11-16,0.0049251623873441805,-0.0008697968881327142,-0.0012651232479694255,16.40999984741211
2012-11-19,0.020036779007482068,-0.005634391172886719,0.011925176433462218,15.239999771118164
2012-11-20,0.0004309915809768533,-0.010077420040220296,-0.002863425779210265,15.079999923706055
2012-11-21,0.0018663401741313625,-0.0005626671569377985,0.0010150660402493473,15.3100004196167
2012-11-23,0.013533412968676816,-0.0009662402363037059,0.012160205973813025,15.140000343322754
2012-11-26,-0.0021247122293593704,0.004739281852371972,-0.0010618685408751542,15.5
2012-11-27,-0.005117927902736978,0.003918232287897311,-0.004258514528236021,15.920000076293945
2012-11-28,0.00802043967026707,-0.0014374876958597074,-0.012885721450133563,15.510000228881836
2012-11-29,0.0046545428889188875,0.00016010841686584103,0.0037754494975707773,15.0600004196167
2012-11-30,0.00021108709763525716,-0.0027216931566167225,-0.006782066259329654,15.869999885559082
2012-12-03,-0.004936307839725948,0.0009234981912876894,0.0004816775885995999,16.639999389648438
2012-12-04,-0.0014149487075381276,0.005759328073173195,-0.010346525202362707,17.1200008392334
2012-12-05,0.0017683562305701964,-0.0004792971530148091,-0.0018262807650325558,16.459999084472656
2012-12-06,0.003386467706942094,0.0021520350214455034,0.002312732382919267,16.579999923706055
2012-12-07,0.00302414816850038,-0.009278848909158822,0.004004152985563731,15.899999618530273
2012-12-10,0.0004209991223502965,0.004410698285417112,0.0038675379164635304,16.049999237060547
2012-12-11,0.006785193253330742,-0.007630726107166924,-0.0009051692074031703,15.569999694824219
2012-12-12,0.0004882503056746198,-0.011678047242802456,0.0007242193101501478,15.949999809265137
2012-12-13,-0.0061510811389924895,0.0007340504729443259,-0.008481356697994205,16.559999465942383
2012-12-14,-0.003722596765235894,0.007471897346273068,-0.0014611280186981382,17.0
2012-12-17,0.011683752317736065,-0.015081649934168401,0.0018869503829595713,16.34000015258789
2012-12-18,0.011067180414008452,-0.01023686501339805,-0.014455725078867119,15.569999694824219
2012-12-19,-0.007456898023167673,0.00331365163728206,-0.002409114946575244,17.360000610351562
2012-12-20,0.005735592203259679,0.00016571035542341573,-0.012196073797178996,17.670000076293945
2012-12-21,-0.009118218116538944,0.010856248165648638,0.00374933956743618,17.84000015258789
2012-12-24,-0.0030860238074601606,-0.0018011644992646115,0.0018070937392538678,17.84000015258789
2012-12-26,-0.0042238670558860485,0.0035903272252335787,0.0009956669468964311,19.479999542236328
2012-12-27,-0.001341821726076683,0.0033496106862464527,0.002360719739151777,19.469999313354492
2012-12-28,-0.010866743025323087,0.005693461156090026,-0.003854592163680614,22.719999313354492
2012-12-31,0.016853805266865255,-0.017424972029013195,0.009176719889400711,18.020000457763672
2013-01-02,0.025307060490377065,-0.013458680071023308,0.0070727801089134085,14.680000305175781
2013-01-03,-0.002261949352604121,-0.013642664530651515,-0.012146779740190669,14.5600004196167
2013-01-04,0.004381781362090525,0.0038935291074127876,-0.0047257550222331544,13.829999923706055
2013-01-07,-0.00273619020922783,0.0004220281999287041,-0.006315147639550098,13.789999961853027
2013-01-08,-0.0028814159335871473,0.00656344179755551,0.007062780803268713,13.619999885559082
2013-01-09,0.0025390128998142385,-0.0009234160154034092,-0.0004360197219949153,13.8100004196167
2013-01-10,0.007917558216931372,-0.0027739812039898402,0.009241174883853428,13.489999771118164
2013-01-11,-6.736809407917148e-05,0.00888379796530732,-0.005695893235337639,13.359999656677246
2013-01-14,-0.0006803853971992007,-0.002756876302500939,0.002975797243476377,13.520000457763672
2013-01-15,0.0006803853971991751,0.00459079498906775,0.006294400919113552,13.550000190734863
2013-01-16,-0.0001363789031574308,0.002080353777447052,0.0005534660222785934,13.420000076293945
2013-01-17,0.006439513241642099,-0.01002408922533123,0.004294560017826217,13.569999694824219
2013-01-18,0.0022275533248877944,0.0076940667863264894,-0.0015930021974330576,12.460000038146973
2013-01-22,0.0053787760443346246,0.0019140040265076624,0.003550021116017711,12.430000305175781
2013-01-23,0.0016080394376611826,-0.0014980161463162775,-0.002814438031338391,12.460000038146973
2013-01-24,0.0002675415738904108,-0.0035027695785359125,-0.01102810374616787,12.6899995803833
2013-01-25,0.005606812325856252,-0.013799878651450334,-0.004781604983568098,12.890000343322754
2013-01-28,-0.001199199299218389,-0.0036497208253196776,-0.002243414817202356,13.569999694824219
2013-01-29,0.003923953066757395,-0.005542725014256202,0.004357652623316265,13.3100004196167
2013-01-30,-0.003923953066757467,-0.0017110565992450681,0.007426217176999296,14.319999694824219
2013-01-31,-0.0024686500722089152,0.004869895931371833,-0.006122691411324907,14.279999732971191
2013-02-01,0.010235201441323527,-0.013069623753737752,0.0015496671610711066,12.899999618530273
2013-02-04,-0.011304363322001142,0.01272853703157976,0.0034008569302853,14.670000076293945
2013-02-05,0.010047235069327608,-0.00892747875322452,-0.0002469026145644602,13.720000267028809
2013-02-06,0.0007276266856874083,0.008158194884254497,0.0026514131006226955,13.40999984741211
2013-02-07,-0.001323553630663275,-0.002226523989199254,-0.003392675486914591,13.5
2013-02-08,0.0055490852335087675,0.003849999607924653,-0.0016696396112383367,13.020000457763672
2013-02-11,-0.00019797926118280461,-0.0007689091617067066,-0.011641494508639208,12.9399995803833
2013-02-12,0.001645521112315307,-0.0024815312816818366,0.001189038868357003,12.640000343322754
2013-02-13,0.0008550001075313475,-0.008171247801689431,-0.005267437597442791,12.979999542236328
2013-02-14,0.0009195846930594616,0.009027770824474594,-0.0044108258534539865,12.65999984741211
2013-02-15,-0.0011821815901616399,-0.0029140039766896077,-0.016491485732013745,12.460000038146973
2013-02-19,0.007466781290142907,-0.0049912338942097855,-0.00276442800912232,12.3100004196167
2013-02-20,-0.012541574212988023,0.0030149720475732733,-0.02536237476562978,14.680000305175781
2013-02-21,-0.006098231624321931,0.005831396775525131,0.007761616845874272,15.220000267028809
2013-02-22,0.009725268103621768,0.0006838773066974145,0.0022906918469714913,14.170000076293945
2013-02-25,-0.019209964461763013,0.01946212902562609,0.008916105586720739,18.989999771118164
2013-02-26,0.006822275266243469,-0.005798506669104115,0.012107340694240326,16.8700008392334
2013-02-27,0.012519659583625272,-0.002955305764157893,-0.010618162447447536,14.729999542236328
2013-02-28,-0.0019770889735571885,0.0018588020496896208,-0.010209194156268543,15.510000228881836
2013-03-01,0.003292875028996825,0.005430413155224321,-0.003666829371253608,15.359999656677246
2013-03-04,0.005310694544836,-0.005313022457516976,-0.0009188120822602375,14.010000228881836
2013-03-05,0.008919101529833858,-0.002878788329795511,0.0005251531495988175,13.479999542236328
2013-03-06,0.001360441578712565,-0.009113751414337162,0.005562599618897849,13.529999732971191
2013-03-07,0.0018106351289208864,-0.007731305023026978,-0.0035302945226979147,13.0600004196167
2013-03-08,0.004254646536549562,-0.010489888214385717,0.0001310037451856418,12.59000015258789
2013-03-11,0.003788832256170114,0.0009581253456629431,0.0018318537547607815,11.5600004196167
2013-03-12,-0.0022460197113053615,0.007200106779059152,0.00781302833234655,12.270000457763672
2013-03-13,0.001412351511790377,-0.0010373206271524708,-0.0034432307449765156,11.829999923706055
2013-03-14,0.00530965199717938,-0.0030340005680867415,0.00013007752936968284,11.300000190734863
2013-03-15,-0.0013212368320113682,0.004676561385400949,0.0020801316122226374,11.300000190734863
2013-03-18,-0.005533850233622485,0.007572640560992736,0.008921158533619225,13.359999656677246
2013-03-19,-0.0023259720121046046,0.006750422086608119,0.00449494709912103,14.390000343322754
2013-03-20,0.006961441872891405,-0.011217902910405869,-0.004559370369457158,12.670000076293945
2013-03-21,-0.008579868573305002,0.009599001102457837,0.005647950939598429,13.989999771118164
2013-03-22,0.00800144764137488,0.000767105900897253,-0.004490045653721258,13.569999694824219
2013-03-25,-0.004186332987167136,-0.0009382268782664523,-0.001994901077106218,13.739999771118164
2013-03-26,0.007970795073358617,0.001193860574652574,-0.00335530229094277,12.770000457763672
2013-03-27,0.0,0.00848490317643484,0.004127968876901494,13.149999618530273
2013-03-28,0.0030686002394560625,-0.0050822791434199715,-0.005874608865923951,12.699999809265137
2013-04-01,-0.003965214586084566,0.007503060485039219,0.001423403605869597,13.579999923706055
2013-04-02,0.004922342151931005,-0.004062299917051082,-0.014588376987558337,12.779999732971191
2013-04-03,-0.010190707938522933,0.008949415014603902,-0.011215297746718735,14.210000038146973
2013-04-04,0.004050144187251848,0.011865435269731545,-0.0029234122040560696,13.890000343322754
2013-04-05,-0.0045014613809013105,0.01998309210423273,0.016628587367166922,13.920000076293945
2013-04-08,0.0067441886231070294,-0.007683110507118365,-0.004262680775851177,13.1899995803833
2013-04-09,0.003451035363217283,-0.002464233544564722,0.007725031383893976,12.84000015258789
2013-04-10,0.012174317572961437,-0.013830883331858458,-0.017034818641169572,12.359999656677246
2013-04-11,0.003272200271981015,0.0019165785013072491,0.0019880924290127428,12.239999771118164
2013-04-12,-0.0024531007914259995,0.014789358885533696,-0.048144932178246586,12.0600004196167
2013-04-15,-0.02344617120036407,0.008655448606162281,-0.09190507457983844,17.270000457763672
2013-04-16,0.014654569739667249,-0.008245516147540797,0.011283338744214735,13.960000038146973
2013-04-17,-0.014719393173939502,0.006618171840342078,0.000526909831982771,16.510000228881836
2013-04-18,-0.006272775268136092,0.002440514535458396,0.010704956398210237,17.559999465942383
2013-04-19,0.008655133572125683,-0.0021148873228641228,0.008674096350888906,14.970000267028809
2013-04-22,0.004427896268353709,0.0007327645460262249,0.01777851793528908,14.390000343322754
2013-04-23,0.010256969538611178,-0.0035049665239496467,-0.007424075282657943,13.479999542236328
2013-04-24,0.0006330942768762888,0.0025278575324895313,0.01082655613705574,13.609999656677246
2013-04-25,0.004046034915672832,-0.004325280080278011,0.023286836308933283,13.619999885559082
2013-04-26,-0.0017677607957074257,0.00911819586066117,-0.0050966430061307215,13.609999656677246
2013-04-29,0.006676413257678364,-0.0036532413742766186,0.009816111845741552,13.710000038146973
2013-04-30,0.0023825609708509107,0.0005692167528030619,0.003297447184859199,13.520000457763672
2013-05-01,-0.008806460825184973,0.010221243654342661,-0.011695241331580094,14.489999771118164
2013-05-02,0.009244527708887278,-0.0012916194077439288,0.00572377326421984,13.59000015258789
2013-05-03,0.010090035513397447,-0.02385930502412112,0.0011971282175668827,12.850000381469727
2013-05-06,0.002537330489080008,-0.0024839640582518807,0.0004221612830436374,12.65999984741211
2013-05-07,0.005055428135890803,-0.0039040006995662616,-0.012529729074763163,12.829999923706055
2013-05-08,0.004540915544100495,0.001580290668883915,0.01470823959319662,12.65999984741211
2013-05-09,-0.002819694376087167,-0.0025791917421361514,-0.011649859087374476,13.130000114440918
2013-05-10,0.003248064389216344,-0.010804099593957376,-0.008630212541188757,12.59000015258789
2013-05-13,0.0007957578057650706,-0.0076933085862139145,-0.008416504259274501,12.550000190734863
2013-05-14,0.010280592974627462,-0.010921562584313952,-0.0044888226191427795,12.770000457763672
2013-05-15,0.00537185661420012,0.0066691218373756975,-0.023345595911785897,12.8100004196167
2013-05-16,-0.004706482653886685,0.010343965324081958,-0.004019122278807547,13.069999694824219
2013-05-17,0.00963061654873535,-0.01273300040048421,-0.022779601469059194,12.449999809265137
2013-05-20,-6.000496157108362e-05,-0.001196380428097574,0.030431648851024378,13.020000457763672
2013-05-21,0.0014363870215146116,0.007837856251438246,-0.01671673431161512,13.369999885559082
2013-05-22,-0.007445135660961524,-0.014961780519659119,-0.007099209752431566,13.819999694824219
2013-05-23,-0.002896816094507052,0.004726110167708804,0.020034420891585903,14.069999694824219
2013-05-24,-0.0008464685768126758,0.0013710306813934459,-0.0063346049211476085,13.989999771118164
2013-05-28,0.0059709831611965605,-0.025668785773244548,-0.0020204984510566455,14.479999542236328
2013-05-29,-0.006515330417149858,0.011180865999904706,0.009988129408433648,14.829999923706055
2013-05-30,0.003685146189616274,-0.002436018391272414,0.013773982178960965,14.529999732971191
2013-05-31,-0.014456284716932222,-0.00340068758615335,-0.02054612833699834,16.299999237060547
2013-06-03,0.005491266483706171,0.0052842651454646635,0.019155238706458418,16.280000686645508
2013-06-04,-0.004818882073888696,-0.009277751484988144,-0.00942083088363743,16.270000457763672
2013-06-05,-0.01409958975518396,0.013711391388338713,0.002142261538931351,17.5
2013-06-06,0.009012353970203755,-0.0006076307580657843,0.007425099325577856,16.6299991607666
2013-06-07,0.012640195148424627,-0.018040280751984848,-0.024092192496149724,15.140000343322754
2013-06-10,0.0,-0.004783379210622442,0.004939787449919778,15.4399995803833
2013-06-11,-0.010368505899073824,0.011828346256341306,-0.0051648936635613095,17.06999969482422
2013-06-12,-0.008311665131018641,-0.014406604386384438,0.007476670343020137,18.59000015258789
2013-06-13,0.01509418973012398,0.015546973887567926,-0.0038060756896859606,16.40999984741211
2013-06-14,-0.006292838493077781,-0.002369332864478991,0.005145905283357988,17.149999618530273
2013-06-17,0.007692086685102378,-0.005286130336569477,-0.00492162373629442,16.799999237060547
2013-06-18,0.007874919142879747,0.0005296891155401734,-0.012335615865617823,16.610000610351562
2013-06-19,-0.013913529808197524,-0.01038173825761821,-0.011723707191219441,16.639999389648438
2013-06-20,-0.02509040972817479,-0.0165484884840961,-0.05501208351122277,20.489999771118164
2013-06-21,0.003205815525717924,-0.017104014225527767,0.011663149049636777,18.899999618530273
2013-06-24,-0.012717587563595265,0.004142925389255089,-0.0089967891886606,20.110000610351562
2013-06-25,0.00956862698840575,-0.008951236167273703,-0.0037186710729782786,18.469999313354492
2013-06-26,0.00985264026187838,0.006467601496336593,-0.04294353680246575,17.209999084472656
2013-06-27,0.005852314602249269,0.01017082029990433,-0.019981847694739895,16.860000610351562
2013-06-28,-0.00410534912928563,0.006814521137332003,0.026974604047993497,16.860000610351562
2013-07-01,0.0058422471377247535,0.0020126506059153348,0.016816885336969126,16.3700008392334
2013-07-02,-0.0009298788297351957,-0.0006344296736612155,-0.008955978266061641,16.440000534057617
2013-07-03,0.0004346865320037727,-0.0029951844571399064,0.005731107587480113,16.200000762939453
2013-07-05,0.010730298290184756,-0.03468221326822106,-0.022192441073447894,14.890000343322754
2013-07-08,0.005688795134474819,0.009646077365379337,0.01195305315168202,14.779999732971191
2013-07-09,0.007171128883651662,0.0010243776158264505,0.009245063039676966,14.350000381469727
2013-07-10,0.0003635924908333372,-0.007851851120053648,0.0027320810310944702,14.210000038146973
2013-07-11,0.013528255151125884,0.011662577434612888,0.026837949821575214,14.010000228881836
2013-07-12,0.00041828996399501285,-0.0008346855632297627,-0.0008857802448473976,13.84000015258789
2013-07-15,0.003813533228072953,0.005277296088003564,0.0004027469930758848,13.789999961853027
2013-07-16,-0.0037537108732568947,0.003410791482088215,0.005701216593606186,14.420000076293945
2013-07-17,0.002563444353737274,0.001838800888675641,-0.01265074444459673,13.779999732971191
2013-07-18,0.0054623645904094765,-0.012571610024450555,0.005579624197672816,13.770000457763672
2013-07-19,0.0017755471949386455,0.01569067055502601,0.008831130466871416,12.539999961853027
2013-07-22,0.0019486613747021983,0.001464099695090391,0.029377940831470724,12.289999961853027
2013-07-23,-0.00212605185351743,-0.004215765428814104,0.006729945073879884,12.65999984741211
2013-07-24,-0.003672006535323233,-0.012753067922480658,-0.017341725231021614,13.180000305175781
2013-07-25,0.0024295036655694164,-0.0003721110891809377,0.009291457084115504,12.970000267028809
2013-07-26,0.0010651931492713434,0.006122196514832785,0.000854539664784338,12.720000267028809
2013-07-29,-0.0030803256514863953,-0.007332413251555884,-0.002410089085684926,13.390000343322754
2013-07-30,0.0,-0.0003722943994424725,-0.0027281369156585316,13.390000343322754
2013-07-31,0.000712249499960493,0.0036275118734065497,-0.0012495787031893267,13.449999809265137
2013-08-01,0.01149158627262884,-0.019456685944396708,-0.010606207573640596,12.9399995803833
2013-08-02,0.001697766205129891,0.010949658390890538,-0.001976519588739746,11.979999542236328
2013-08-05,-0.001463247587986173,-0.007728226226349155,-0.005236889446047351,11.84000015258789
2013-08-06,-0.005698249839999151,0.002929548746343631,-0.01385848062127863,12.720000267028809
2013-08-07,-0.003245731161717791,0.007424418232312237,0.0014509135479650783,12.979999542236328
2013-08-08,0.003657819555701308,0.002711206614714268,0.02159359677218957,12.729999542236328
2013-08-09,-0.0028898727718376298,0.0015861443044094124,0.0,13.40999984741211
2013-08-12,-0.0011819945203934451,-0.006829447766692594,0.017735565654740437,12.8100004196167
2013-08-13,0.0029524827394874337,-0.014561282214483528,-0.0108227552615397,12.3100004196167
2013-08-14,-0.005142941304808116,0.0015227741088755303,0.009815472951498759,13.039999961853027
2013-08-15,-0.014084956061727948,-0.013596296062283696,0.020638289899497057,14.729999542236328
2013-08-16,-0.003310964108934139,-0.003476537161680419,0.006735556363018295,14.369999885559082
2013-08-19,-0.006412614492248198,-0.00874496220684812,-0.004308614943246926,15.100000381469727
2013-08-20,0.0049038116263580254,0.007680140177299162,0.003327556996308892,14.90999984741211
2013-08-21,-0.0061791737372063225,-0.011003816072840674,-0.002873052164441264,15.9399995803833
2013-08-22,0.009074049227760339,0.01013188795324424,0.005587376516652108,14.760000228881836
2013-08-23,0.0033665311288384727,0.010797324452201527,0.015614200939507474,13.979999542236328
2013-08-26,-0.0037279897658224026,0.004973535780356139,0.004068828031624427,14.989999771118164
2013-08-27,-0.0162150282377894,0.012515403278994183,0.00955189530149838,16.770000457763672
2013-08-28,0.0035447573134352304,-0.00813580969362385,-0.00029249824790502016,16.489999771118164
2013-08-29,0.001584975337993004,0.007947499920727005,-0.006163432755339088,16.809999465942383
2013-08-30,-0.0031725827871346046,-0.0011310140112971861,-0.009242551987358015,17.010000228881836
2013-09-03,0.004511934023079113,-0.014205495802517907,0.013282390492898161,16.610000610351562
2013-09-04,0.008238802304785846,-0.002209215418715356,-0.012985238492024438,15.880000114440918
2013-09-05,0.0012660970159259829,-0.014041856023869408,-0.01843720597917757,15.770000457763672
2013-09-06,0.0004818033578649389,0.004962156224403648,0.014642627040753583,15.850000381469727
2013-09-09,0.009531028075605182,0.0004847200258510921,-0.0017905715189216484,15.630000114440918
2013-09-10,0.007369131348896592,-0.007008137825316947,-0.016337634945460925,14.529999732971191
2013-09-11,0.0031340483014344884,0.008849927724630138,-0.0003037393323617421,13.819999694824219
2013-09-12,-0.00266009595140305,-0.0013570945752680804,-0.03107779008702503,14.289999961853027
2013-09-13,0.002246810059379211,0.003870279580538536,0.0011742263444235006,14.15999984741211
2013-09-16,0.005771073988823426,-0.006685989453144859,-0.010776072852725437,14.380000114440918
2013-09-17,0.004452374135814863,0.008229728761262028,0.0003953591857079829,14.529999732971191
2013-09-18,0.011507692155058317,0.01226692950130929,0.042635327513365635,13.59000015258789
2013-09-19,-0.0016774751845837427,-0.005922842918537374,-0.001971448259468817,13.15999984741211
2013-09-20,-0.007015502338377232,0.005255770614144379,-0.029188479494947676,13.119999885559082
2013-09-23,-0.004638766880234433,0.007312717027637622,-0.0032092394127312043,14.3100004196167
2013-09-24,-0.0023566668393348385,0.010728212768755237,0.000862040000545821,14.079999923706055
2013-09-25,-0.0028946124938326787,0.0020570046757986864,0.008812610259893472,14.010000228881836
2013-09-26,0.003838034843717216,-0.007031151890861888,-0.007794819989308921,14.0600004196167
2013-09-27,-0.004607166642980011,0.0024429247355311325,0.009191529856392782,15.460000038146973
2013-09-30,-0.00534220364696432,-0.0015022166343256946,-0.006144359705342492,16.600000381469727
2013-10-01,0.007884867028077043,-0.0030386012975900786,-0.028407152018487033,15.539999961853027
2013-10-02,-0.0009453729821943652,0.0015108653921853876,0.01963107970630708,16.600000381469727
2013-10-03,-0.009263852323506619,-0.0016058875978222907,0.0009440116150262174,17.670000076293945
2013-10-04,0.007548362084529284,-0.0007566171134392479,-0.005123983685186541,16.739999771118164
2013-10-07,-0.008682788701846423,0.004059007697158545,0.008734372074589061,19.40999984741211
2013-10-08,-0.011714722207552774,0.0002832853997134104,-0.0018820415130879548,20.34000015258789
2013-10-09,0.0007249630505369491,-0.00803781579624423,-0.01017720830751646,19.600000381469727
2013-10-10,0.02132909007222968,0.001612330108357878,-0.014697956002940963,16.479999542236328
2013-10-11,0.006422274129154692,-0.00028439427363205667,-0.013529579748560205,15.720000267028809
2013-10-14,0.003985729031943665,-0.008092666120730018,0.0018742894021133204,16.06999969482422
2013-10-15,-0.007280300185717264,-0.0006694010785071486,0.007300498898775199,18.65999984741211
2013-10-16,0.013869787462415812,0.012453307505364084,-0.001536801678475267,14.710000038146973
2013-10-17,0.006660954357354588,0.009028719178588074,0.030923704639582567,13.479999542236328
2013-10-18,0.006731148188342736,0.002151092201509573,-0.0044834283018233756,13.039999961853027
2013-10-21,5.772511184212006e-05,-0.0031808615340813144,0.0010243461627259776,13.15999984741211
2013-10-22,0.005774591833884071,0.01109023155412951,0.018414947525612457,13.329999923706055
2013-10-23,-0.004800482401472682,0.0038856405264539613,-0.0050381372278342695,13.420000076293945
2013-10-24,0.003316797408155172,-0.003885640526454019,0.009358446213496314,13.199999809265137
2013-10-25,0.00455729339016204,0.0037008901936450437,0.00430184114069166,13.09000015258789
2013-10-28,0.001590126514917295,-0.0034220991152973694,0.0007661546853194367,13.3100004196167
2013-10-29,0.005319795712029231,0.0012959636809971007,-0.006069186843828599,13.40999984741211
2013-10-30,-0.004979574348407414,-0.006033837775523514,-0.001310854659270559,13.649999618530273
2013-10-31,-0.0028401895341453065,0.0021393909123840252,-0.014455899603027917,13.75
2013-11-01,0.002386678237724225,-0.010883313957863964,-0.006203647298539357,13.279999732971191
2013-11-04,0.0035126558311540986,0.0009412750059010071,-0.0011034001173000462,12.930000305175781
2013-11-05,-0.00317239592825065,-0.012020402976777663,-0.0019733992654948685,13.270000457763672
2013-11-06,0.005092825741925124,0.00047629929593599914,0.00504414218537563,12.670000076293945
2013-11-07,-0.012723856414979504,0.008434507528656893,-0.008209655231932443,13.90999984741211
2013-11-08,0.013400788128595999,-0.024359942372969148,-0.015013896979636615,12.899999618530273
2013-11-11,0.00016980044759885195,-0.0037785229039876637,-0.003304423963436345,12.529999732971191
2013-11-12,-0.002032786609892227,0.004648329707399174,-0.011529892263514105,12.819999694824219
2013-11-13,0.007992334938755752,0.0036648337097421315,0.00326132807082609,12.520000457763672
2013-11-14,0.004977214460023455,0.006142593011103281,0.011492504258155503,12.369999885559082
2013-11-15,0.004341075202832662,0.002006715724143589,0.00040229335990021333,12.1899995803833
2013-11-18,-0.003505099954534209,0.0059971214864493185,-0.01148785517697459,13.100000381469727
2013-11-19,-0.0021757505545714744,-0.007621555267387516,0.0004067148534695573,13.390000343322754
2013-11-20,-0.0031329289852570687,-0.017170068802523017,-0.023286477860624745,13.399999618530273
2013-11-21,0.008036162727666402,0.0016519147129589046,-0.0014996278848543561,12.65999984741211
2013-11-22,0.004989938343932796,0.00928278225239303,-0.00016679957021943872,12.260000228881836
2013-11-25,-0.0009958931339109662,0.002882258238083745,0.004492901489940914,12.789999961853027
2013-11-26,0.00027695136010996436,0.0037359709150909036,-0.005327125906487885,12.8100004196167
2013-11-27,0.0024320766129849497,-0.0017225680161380285,-0.0030090344685490583,12.979999542236328
2013-11-29,-0.0006627167130792371,0.0002873868176124043,0.01032652317938159,13.699999809265137
2013-12-02,-0.0026002349490193456,-0.007808241624917876,-0.026189134272709247,14.229999542236328
2013-12-03,-0.004329822646554797,0.0036703389240808223,0.003226607638787976,14.550000190734863
2013-12-04,-0.00011107127945098433,-0.00959140923204649,0.016812770063131668,14.699999809265137
2013-12-05,-0.0044053929878364075,-0.0028272851194070135,-0.013934549467759712,15.079999923706055
2013-12-06,0.011114737774130171,0.004772011021702169,0.00211104147267288,13.789999961853027
2013-12-09,0.002538960426141883,0.0023296692947385846,0.009820854927032762,13.489999771118164
2013-12-10,-0.0035894138218463168,0.00714750613739535,0.01738884972238615,13.90999984741211
2013-12-11,-0.011294609590697436,-0.007729910052003318,-0.00791168691971828,15.420000076293945
2013-12-12,-0.0033068421493286505,-0.0037891019268961796,-0.021493611686152832,15.539999961853027
2013-12-13,-0.00011218754375872684,0.004855785033073345,0.009172415436119621,15.760000228881836
2013-12-16,0.006213037299752714,-0.0036883615143448152,0.0025934275495750453,16.030000686645508
2013-12-17,-0.0031857395106167467,0.004464031924871118,-0.008727091540916273,16.209999084472656
2013-12-18,0.016928336238474114,-0.005048200859253449,-0.008803924689540665,13.800000190734863
2013-12-19,-0.00115636372210273,-0.0009736759313900014,-0.024008388970939976,14.149999618530273
2013-12-20,0.005800154311665258,0.01527298267114579,0.009707154887455789,13.789999961853027
2013-12-23,0.005328274450830715,-0.0056762964031032885,-0.0031964326223482427,13.039999961853027
2013-12-24,0.0021890079014250823,-0.008038841402270331,0.004575471214311559,12.479999542236328
2013-12-26,0.005071076930635818,-0.003861395633802676,0.005497345915552918,12.329999923706055
2013-12-27,-5.435710514608089e-05,-0.002844669322803393,0.003249852187408676,12.460000038146973
2013-12-30,-0.00016339562925963245,0.006852080013139608,-0.014881383746899304,13.5600004196167
2013-12-31,0.0047220731390550845,-0.006360980446300457,0.006306472892281937,13.720000267028809
2014-01-02,-0.009629928099866852,0.003038753903450407,0.016060461656273138,14.229999542236328
2014-01-03,-0.00016391827991532932,0.0,0.01087288650299346,13.760000228881836
2014-01-06,-0.00290228609826488,0.004200166703543439,0.001758860402907068,13.550000190734863
2014-01-07,0.006122626343532577,0.0025305732716872286,-0.005706631012357315,12.920000076293945
2014-01-08,0.00021846330297537408,-0.0027258597868655286,-0.005908660231014066,12.869999885559082
2014-01-09,0.0006538761631931313,0.005832101349028962,0.002874262992047153,12.890000343322754
2014-01-10,0.0027188710420199026,0.011851008673324134,0.015080740254614516,12.140000343322754
2014-01-13,-0.013394651780717472,0.004967347895926855,0.006299710080651556,13.279999732971191
2014-01-14,0.010838415911643187,-0.004584785140428596,-0.009381142826874576,12.279999732971191
2014-01-15,0.005375980828925372,-0.0010540684901206993,-0.0019202320624570302,12.279999732971191
2014-01-16,-0.0013005425306449614,0.006686794223351331,0.001085798819833523,12.529999732971191
2014-01-17,-0.004238073471225951,0.004179392999599118,0.009471650934748868,12.4399995803833
2014-01-21,0.002936041316251572,0.0007583394729929341,-0.01022328125188354,12.869999885559082
2014-01-22,0.0006511260601441392,-0.002465971204674622,-0.0042697080909429135,12.84000015258789
2014-01-23,-0.008227052112675817,0.01405112832327235,0.02157937863834963,13.770000457763672
2014-01-24,-0.02156663376566723,0.00644078635116308,0.004097023071523926,18.139999389648438
2014-01-27,-0.004931370705420615,-0.00700306020015798,-0.010935375825426051,17.420000076293945
2014-01-28,0.005937288217058179,0.002433271982710753,-8.269303790833496e-05,15.800000190734863
2014-01-29,-0.00965218532735013,0.008191573169346458,0.012488900176089597,17.350000381469727
2014-01-30,0.01054474021890523,-0.0028777513478809354,-0.022292903069312663,17.290000915527344
2014-01-31,-0.005875463798267201,0.006671804666011577,0.0026682222466366365,18.40999984741211
2014-02-03,-0.02276214049704289,0.012110766368020384,0.010190249127034517,21.440000534057617
2014-02-04,0.006979791215728577,-0.010667826309231816,-0.002723800407789108,19.110000610351562
2014-02-05,-0.0012550030284011239,-0.0092881922193639,0.0024764999719102173,19.950000762939453
2014-02-06,0.013101215847769274,-0.004301707316287792,-0.00041234529928657837,17.229999542236328
2014-02-07,0.01231973915205326,0.000842530118782652,0.007641467858454635,15.289999961853027
2014-02-10,0.0018346162370628943,0.002805579860211337,0.006120219937763649,15.260000228881836
2014-02-11,0.010884204894219027,-0.00580642469916104,0.011646867732522596,14.510000228881836
2014-02-12,0.000494545152391112,-0.005178882887095703,0.0005627211416357906,14.300000190734863
2014-02-13,0.005149475824679898,0.005647998365185315,0.008482745858973658,14.140000343322754
2014-02-14,0.005503631779924257,0.0005631495643858853,0.01314144676964577,13.569999694824219
2014-02-18,0.0011949886991141194,0.0022492321504457595,0.001964251246385302,13.869999885559082
2014-02-19,-0.0066437059550208954,-0.004220790727323909,-0.00890931024990728,15.5
2014-02-20,0.005883804169159933,-0.002447972035519232,0.01047791408716357,14.789999961853027
2014-02-21,-0.001141447274725479,0.005264011405647023,-0.00015672578637373395,14.680000305175781
2014-02-24,0.005531413021110845,-0.0025340783115314056,0.010991291396995246,14.229999542236328
2014-02-25,-0.0003787052279298878,0.008888358138595358,0.0017041151320099485,13.670000076293945
2014-02-26,5.406597473026199e-05,0.0052963489968773985,-0.008549765062402548,14.350000381469727
2014-02-27,0.005234092861490037,0.0054524268480870795,0.0007022460492867505,14.039999961853027
2014-02-28,0.0025256866739430204,0.0005519381725211733,-0.00453440072014137,14.0
2014-03-03,-0.007056883078469946,0.006652991824045393,0.02070556372289368,16.0
2014-03-04,0.013957565360679908,-0.015155891429762295,-0.012434038231916314,14.100000381469727
2014-03-05,0.0009060111013761445,0.0021392236342624845,0.0016306772285005259,13.890000343322754
2014-03-06,0.0022879473346098553,-0.009897771089605904,0.009881951730484863,14.210000038146973
2014-03-07,0.00042477208313199366,-0.006307452028479465,-0.008331467261762834,14.109999656677246
2014-03-10,-0.0005309933022981737,0.0014156875651128227,0.00030987952174799755,14.199999809265137
2014-03-11,-0.004954999581487417,0.0026367918662502025,0.0056372651087014634,14.800000190734863
2014-03-12,0.00026725192053268635,0.0069362399966940175,0.01452509239828917,14.470000267028809
2014-03-13,-0.01127679622194055,0.013360431360187672,0.00340957412514151,16.219999313354492
2014-03-14,-0.002812019237497769,0.00018420677935984038,0.006709152953836264,17.81999969482422
2014-03-17,0.009003110304371792,-0.0074919554268129,-0.01102985181906253,15.640000343322754
2014-03-18,0.007112346782819341,0.003614694231588194,-0.0077786123459218795,14.520000457763672
2014-03-19,-0.005343048013491573,-0.007801008670415842,-0.01955919383977943,15.119999885559082
2014-03-20,0.005822427931249428,-0.0017733703225828162,-0.0017971931407437896,14.520000457763672
2014-03-21,-0.0038859854506168153,0.010775788344184339,0.004759503433198317,15.0
2014-03-24,-0.0041436889009900685,0.0070895016922948514,-0.017985962184133498,15.09000015258789
2014-03-25,0.004734130571512592,-0.003768555091773706,0.0018211601163198826,14.020000457763672
2014-03-26,-0.007218115145238478,0.007797107255122123,-0.0079422224405048,14.930000305175781
2014-03-27,-0.002110529168079707,0.005013216865901153,-0.006560082119566911,14.619999885559082
2014-03-28,0.004917925797244777,-0.005652909819517318,-0.00024080899198659537,14.40999984741211
2014-03-31,0.008160910405618128,-0.0024719951683200053,-0.007656055088048172,13.880000114440918
2014-04-01,0.006608866382788742,-0.008583138043659923,-0.0017813868735330133,13.100000381469727
2014-04-02,0.0033407564795994,-0.005762898620136882,0.0075088182006584885,13.09000015258789
2014-04-03,-0.0013239776308921413,0.004372016155151464,-0.0032227028320670663,13.369999885559082
2014-04-04,-0.011892797856354168,0.00666058425277318,0.013227188238038482,13.960000038146973
2014-04-07,-0.01111295357952669,0.005974604884392289,-0.0052698622747470985,15.569999694824219
2014-04-08,0.004114690686306228,0.0023798828008119543,0.009402401345718429,14.890000343322754
2014-04-09,0.010693166162177102,-0.004948717549762924,0.0018224588899723945,13.819999694824219
2014-04-10,-0.02122984964454231,0.00923716272732598,0.005447472804123671,15.890000343322754
2014-04-11,-0.00904914579963806,0.00807050107725277,-0.0006300845312460606,17.030000686645508
2014-04-14,0.007847381978426875,-0.0026225677748579856,0.007221933997910394,16.110000610351562
2014-04-15,0.00686435664678912,0.006228683371517139,-0.018631632703176887,15.609999656677246
2014-04-16,0.010422937141874328,0.001258563262289274,0.00039838308299643756,14.180000305175781
2014-04-17,0.001395834943775434,-0.011025687195428768,-0.006312705550471783,13.359999656677246
2014-04-21,0.0034810370311185333,-0.0008171616374850973,-0.004096572985582176,13.25
2014-04-22,0.004534323542231533,0.00335900322946802,-0.0037093751967073626,13.1899995803833
2014-04-23,-0.0023446580799705453,0.0056941688451848695,-0.000161562923454372,13.270000457763672
2014-04-24,0.002025178563043232,0.001891192590986287,0.006443284399615783,13.319999694824219
2014-04-25,-0.008232456040794277,0.0014375885705933003,0.0069603285441200615,14.0600004196167
2014-04-28,0.0031619989372668007,-0.004862434511161995,-0.004394582256213849,13.970000267028809
2014-04-29,0.004644690838588654,-0.0013548347562240544,-0.00016013969152065024,13.710000038146973
2014-04-30,0.002977954521593143,0.0041489786323708425,-0.00513891756378345,13.40999984741211
2014-05-01,0.00010626615789414229,0.010670954789299542,-0.0033868120568972798,13.25
2014-05-02,-0.0014344528478630243,0.006140676105202914,0.010126217716067469,12.90999984741211
2014-05-05,0.001912411601795096,-0.00605100754693051,0.00923282321005491,13.289999961853027
2014-05-06,-0.008742138123674888,0.0040084910237319004,-0.0019032349869848157,13.800000190734863
2014-05-07,0.005872047929076267,-0.003562350888100425,-0.014471611157944956,13.399999618530273
2014-05-08,-0.0010652194634546317,-0.004291963411328084,0.0,13.430000305175781
2014-05-09,0.0014907907291275627,-0.0032308424826427043,-0.0005638997673951992,12.920000076293945
2014-05-12,0.00968891641815711,-0.004053838101177625,0.006745961691050962,12.229999542236328
2014-05-13,0.0008953725796039021,0.00862765579112555,-0.0027250474989195758,12.130000114440918
2014-05-14,-0.004749096371464729,0.010769701605149971,0.009664218850403477,12.170000076293945
2014-05-15,-0.008818900058408968,0.007935461728188367,-0.008300797439581266,13.170000076293945
2014-05-16,0.0034627062770006193,-0.0028140642953763517,-0.002166299613193375,12.4399995803833
2014-05-19,0.0036623435621255685,-0.00742552393109528,0.000642378619059264,12.420000076293945
2014-05-20,-0.0063252594159951495,0.002215947486380281,0.0008825820644809731,12.960000038146973
2014-05-21,0.008389516806995458,-0.00612777358961257,-0.002408890273186768,11.90999984741211
2014-05-22,0.0024293159000269627,-0.001426568633889114,0.0022484453545559245,12.029999732971191
2014-05-23,0.004000288874955785,0.005338394737121337,-0.0012841805482511725,11.359999656677246
2014-05-27,0.006128019947959832,0.005839242767856633,-0.02159528357280623,11.510000228881836
2014-05-28,-0.0007311154407557234,0.012273885667823843,-0.005348719092920464,11.680000305175781
2014-05-29,0.005159217581635794,-0.005329291898262479,-0.0021474734237060316,11.569999694824219
2014-05-30,0.0016104702481840334,-0.00043832695877195615,-0.0042259012255481555,11.399999618530273
2014-06-02,0.0011409520168024505,-0.00746115542117299,-0.006080086737565226,11.579999923706055
2014-06-03,-0.0005181709815383329,-0.012381549898584785,0.002586503374912596,11.869999885559082
2014-06-04,0.0020204441954571823,-0.0002692532828013689,-0.002085332494818545,12.079999923706055
2014-06-05,0.006500761569807346,0.000448367562694398,0.007486945414296175,11.680000305175781
2014-06-06,0.004771410046573124,0.0,-0.00041449870757462217,10.729999542236328
2014-06-09,0.0010232602420560742,-0.0014351425997110353,0.0003316000625026315,11.149999618530273
2014-06-10,0.00010212503268405959,-0.003685897637842929,0.006114693163497651,10.989999771118164
2014-06-11,-0.003482433254776305,0.0017993202515549206,0.00016477983735385757,11.600000381469727
2014-06-12,-0.007104952361658908,0.008862558277361751,0.010079951867740265,12.5600004196167
2014-06-13,0.003043441846837483,-0.0005350347181058832,0.0026058621978226784,12.180000305175781
2014-06-16,0.0008244428051059716,0.002492971645192386,-0.004401351318836742,12.649999618530273
2014-06-17,0.0027753390868963815,-0.007947142781143723,-0.0011442534259886873,12.0600004196167
2014-06-18,0.00731245275663326,0.0076804197942526905,0.0031843210782079717,10.609999656677246
2014-06-19,0.001120532707860994,-0.012893577683556185,0.03421674499309155,10.619999885559082
2014-06-20,0.002028619791675972,0.007541284632943656,-0.0034722449435065487,10.850000381469727
2014-06-23,-0.0003065061609310855,-0.0031349928254952963,0.0027629658487138523,10.979999542236328
2014-06-24,-0.006042281628878477,0.010088249316526446,0.0010243461627259776,12.130000114440918
2014-06-25,0.004509672450270631,0.002571763756063076,7.870619989025702e-05,11.59000015258789
2014-06-26,-0.0007161365417244934,0.004773715740776516,-0.002049460796069654,11.630000114440918
2014-06-27,0.001942050529654528,-0.0015005686779825285,-0.0005525055816399519,11.260000228881836
2014-06-30,-0.0005104801376587423,0.0024692847472157146,0.010836302664764272,11.569999694824219
2014-07-01,0.006670891067430476,-0.008407237478419956,-0.002658923525334879,11.149999618530273
2014-07-02,0.0010147663190550199,-0.010744962510605858,0.0,10.819999694824219
2014-07-03,0.0049059387401677685,-0.003608291050176536,-0.004237574298798854,10.319999694824219
2014-07-07,-0.0034876344965565353,0.007292302065891452,-0.0011016368953835223,11.329999923706055
2014-07-08,-0.006450769418405309,0.011148874804299522,0.00039358536836548694,11.979999542236328
2014-07-09,0.004474079258986771,0.0007982057963575378,0.006041340057119357,11.649999618530273
2014-07-10,-0.003964572171169276,0.00026623875358150435,0.005460634339476959,12.59000015258789
2014-07-11,0.0013743643881652095,0.0063589874605529915,0.001865424919652749,12.079999923706055
2014-07-14,0.005022734733988511,-0.004323627742611991,-0.024048290991992773,11.819999694824219
2014-07-15,-0.0018741410351771383,-0.002035359717940972,-0.0095105807084893,11.960000038146973
2014-07-16,0.00369381470290568,0.005302037863426148,0.003527077335086919,11.0
2014-07-17,-0.011430353732755484,0.012524654357354798,0.01682174981323043,14.539999961853027
2014-07-18,0.010167050697171632,-0.0032254928897026995,-0.007582368755593338,12.0600004196167
2014-07-21,-0.0018730033085365902,0.004964831644557283,0.0016635571611118736,12.8100004196167
2014-07-22,0.0043484303813823835,0.0020829830642777715,-0.004760390518762728,12.239999771118164
2014-07-23,0.0022172785443791486,-0.001300519841805869,-0.0009547670752033489,11.520000457763672
2014-07-24,5.0412265521079215e-05,-0.007494928953261166,-0.010161340911870228,11.84000015258789
2014-07-25,-0.0046924684973626415,0.011739899501130292,0.01151369915042729,12.6899995803833
2014-07-28,0.0004046322398572588,-0.0013847589105535556,-0.0016708368622554031,12.5600004196167
2014-07-29,-0.0043064900184588495,0.0036297270056797524,-0.003030585975810523,13.279999732971191
2014-07-30,0.00015205422307448216,-0.013984867596256455,-0.0029596079595894664,13.329999923706055
2014-07-31,-0.019945856261179586,-0.0029791812310063976,-0.011602760367427354,16.950000762939453
2014-08-01,-0.003060328406179612,0.007711078348717043,0.007991307629640355,17.030000686645508
2014-08-04,0.007195086964742885,-0.002622003671560971,-0.0031404736308630744,15.119999885559082
2014-08-05,-0.009743325001652297,0.0032325900904349573,-0.0009682492234866406,16.8700008392334
2014-08-06,0.0003123920967815656,0.0006112232020020589,0.014426758317503117,16.3700008392334
2014-08-07,-0.00542989342370949,0.009284726816110218,0.004050052304525599,16.65999984741211
2014-08-08,0.011502740717696353,-0.0021618816072812744,7.926565064659302e-05,15.770000457763672
2014-08-11,0.002893620562890507,-8.63757396231534e-05,-0.0018243380474585883,14.229999542236328
2014-08-12,-0.0013937291183783967,-0.006513751979587146,0.00023813280255596478,14.130000114440918
2014-08-13,0.006745837031584886,0.006513751979587226,0.0016654041582138744,12.899999618530273
2014-08-14,0.004710416062140667,0.008019635296936828,0.0008712575320018362,12.420000076293945
2014-08-15,-0.0002039761084009543,0.010848189043415285,-0.00659277338198299,13.149999618530273
2014-08-18,0.008344274594408807,-0.009989583699778344,-0.004152731310402707,12.319999694824219
2014-08-19,0.005205155601503479,-0.0030946347846014847,-0.002243221418003945,12.210000038146973
2014-08-20,0.0026682502531197704,-0.001636253874925339,-0.0036962603887065737,11.779999732971191
2014-08-21,0.0029114155795915845,0.005588396493307514,-0.010845949910482008,11.760000228881836
2014-08-22,-0.0015548647971779716,0.005557519264126974,0.0025196517444803458,11.470000267028809
2014-08-25,0.005057419989471354,0.003744072146342437,-0.003659619235666915,11.699999809265137
2014-08-26,0.0006492215448545206,-0.003233701697742731,0.0049575510486128994,11.630000114440918
2014-08-27,-0.0003994281669288925,0.008486309187609587,-0.00024323006176227963,11.779999732971191
2014-08-28,-0.0005493116077459328,0.0052250732360508275,0.005498965061752994,12.050000190734863
2014-08-29,0.002843986960052014,0.0006721274323594168,-0.0011296651673684001,12.09000015258789
2014-09-02,-0.000498782020293086,-0.017401157443962947,-0.01800381866494826,12.25
2014-09-03,-0.0005482328815586759,0.005552985921726655,0.004101728422874365,12.359999656677246
2014-09-04,-0.001447341407801562,-0.012257729266954015,-0.005500142384415236,12.640000343322754
2014-09-05,0.004484964073418529,-0.0018989608019874939,0.004763039303479569,12.09000015258789
2014-09-08,-0.0025887677532134656,0.0004327232849331184,-0.010956031965065586,12.65999984741211
2014-09-09,-0.006351309942076901,-0.0007780383275333245,0.0011589354452107377,13.5
2014-09-10,0.0037560091436870946,-0.0063302294626915645,-0.005059527219948347,12.880000114440918
2014-09-11,0.0011486093611524275,-0.0033112534264711584,-0.006590779328069263,12.800000190734863
2014-09-12,-0.005858728701820449,-0.010527935121059961,-0.009165537985610185,13.3100004196167
2014-09-15,-0.0007532237841625674,0.0014970672278154119,0.002193926623932413,14.119999885559082
2014-09-16,0.007510263696350244,-0.0040586390078289755,0.0016002230258534479,12.729999542236328
2014-09-17,0.0013460019299978158,-0.0025670331539174446,-0.01091520673738707,12.649999618530273
2014-09-18,0.0053157920527667065,0.0031862806112342794,0.0020397581785849142,12.029999732971191
2014-09-19,-0.0009017598675604058,0.012645016938395202,-0.005875628567548555,12.109999656677246
2014-09-22,-0.007752995471132697,0.0012208007215149354,-0.0020517906581858703,13.6899995803833
2014-09-23,-0.0057405263794153005,0.006168706897178288,0.006397974562940498,14.930000305175781
2014-09-24,0.007797084811032365,-0.005558636303850571,-0.004687802480188137,13.270000457763672
2014-09-25,-0.016266910075733897,0.01177558190148649,0.002900499681904287,15.640000343322754
2014-09-26,0.007914168381296705,-0.0014643641946505133,-0.002815116684031948,14.850000381469727
2014-09-29,-0.0018210332913845982,0.007985567038308328,-0.00025630125106070766,15.979999542236328
2014-09-30,-0.002635560136010694,-0.005660393066452718,-0.007031410399421769,16.309999465942383
2014-10-01,-0.013644621223108742,0.019205478782076547,0.004807267982801864,16.709999084472656
2014-10-02,0.0001545151380488131,-0.008750177183751023,-0.00025693786276910794,16.15999984741211
2014-10-03,0.010949027117413069,0.004257490908475509,-0.018414155642527203,14.550000190734863
2014-10-06,-0.001171305998457863,0.0005944999236012323,0.012313702004798997,15.460000038146973
2014-10-07,-0.015556468955223215,0.01341056099083663,0.002840071033501484,17.200000762939453
2014-10-08,0.017338117526915525,0.00025104724167876555,0.009494153355036908,15.109999656677246
2014-10-09,-0.020032892667860108,-0.00436495576344738,0.0014461162700842916,18.760000228881836
2014-10-10,-0.01147966524946181,0.009877519427073142,-0.00042514180520484993,21.239999771118164
2014-10-13,-0.01656339616111974,0.006062889541720765,0.007877727689301057,24.639999389648438
2014-10-14,0.0015462339331701797,0.00651933049581533,0.0005904407146892826,22.790000915527344
2014-10-15,-0.006789265505562473,0.007865548822050702,0.0033673029177564103,25.270000457763672
2014-10-16,-0.0008586967277825078,-0.00638626402455789,0.0019310980168237603,25.200000762939453
2014-10-17,0.011742071759919884,-0.005600706894871613,-0.0019310980168237627,21.989999771118164
2014-10-20,0.009662781454180711,0.0036276680670853487,0.006784273141083318,18.56999969482422
2014-10-21,0.019616827990153483,-0.008014823523178604,0.00183465643646135,16.079999923706055
2014-10-22,-0.007136076956566905,0.0010778480874842598,-0.0056818361839991085,17.8700008392334
2014-10-23,0.01155780971217525,-0.008906734361703104,-0.006894837025991361,16.530000686645508
2014-10-24,0.007665547050936155,0.0010025855078178742,-0.0014353713145334821,16.110000610351562
2014-10-27,-0.0013752650161106832,0.0018363256175067452,-0.0024533739338829107,16.040000915527344
2014-10-28,0.011404749586950905,-0.006273238784512888,0.000338761149914085,14.390000343322754
2014-10-29,-0.0015131142074237226,0.0022630073599827615,-0.01441323656422149,15.149999618530273
2014-10-30,0.0063902656936290995,0.0008368724285215276,-0.010535513585850021,14.520000457763672
2014-10-31,0.011370528377649994,-0.0025961658652148474,-0.022208494160597073,14.029999732971191
2014-11-03,0.0005452994283095078,8.784005914317191e-08,-0.004537191400506066,14.729999542236328
2014-11-04,-0.0034750889830713495,0.003105151178801518,0.0006239666286797927,14.890000343322754
2014-11-05,0.0062961202591730915,-0.0014255673332933337,-0.021891782615057327,14.170000076293945
2014-11-06,0.003995274884571567,-0.006482863999498617,0.0008193776453400158,13.670000076293945
2014-11-07,0.0009348070144876521,0.011422123218194658,0.027733471313511962,13.119999885559082
2014-11-10,0.0031426679116634323,-0.009228107313069486,-0.022468851359662735,12.670000076293945
2014-11-11,0.00097982354947911,0.000674121291906809,0.014202502378614763,12.920000076293945
2014-11-12,-0.0010779223137586834,-0.0008427006238986186,-0.004831367663167211,13.020000457763672
2014-11-13,0.0011267385871902103,0.002357089051703241,0.0015234861605119636,13.789999961853027
2014-11-14,0.0002448620377053445,0.0048661068931971346,0.024764713533656276,13.3100004196167
2014-11-17,0.0006360526141241781,-0.00251429763614396,-0.0036758151058755954,13.989999771118164
2014-11-18,0.005757899167502374,0.0027652489133033462,0.008729867518400021,13.859999656677246
2014-11-19,-0.0016069371457455048,-0.006378889211292982,-0.011979356533504938,13.960000038146973
2014-11-20,0.0017527632916765179,0.005206923128986183,0.010326514276663132,13.579999923706055
2014-11-21,0.005336121501535394,0.006012861415179389,0.004603689167085155,12.899999618530273
2014-11-24,0.0028024671478786003,0.0008323906619900343,-0.0024294916878058385,12.619999885559082
2014-11-25,-0.0007239663296304352,0.008285070757113426,0.0023428067947762364,12.25
2014-11-26,0.0025557731563992606,0.002718934930867036,-0.0019085074799196843,12.069999694824219
2014-11-28,-0.0021213841161343548,0.007868263889823443,-0.026841959934437463,13.329999923706055
2014-12-01,-0.006974140604856879,-0.005850743042520686,0.03909721071410293,14.15999984741211
2014-12-02,0.006443314321276876,-0.009759789034446808,-0.012428974377113709,12.850000381469727
2014-12-03,0.0038554229337970994,0.0038986950360062147,0.010282221622139046,12.5
2014-12-04,-0.0011070307114630447,0.008326868619024999,-0.0038758463696522295,12.380000114440918
2014-12-05,0.0016363493492663904,-0.005846186887348102,-0.012591864202654362,11.890000343322754
2014-12-08,-0.006705437370566975,0.01214846085014151,0.011728543111015293,14.210000038146973
2014-12-09,-0.0006778778548276162,0.005126595002015032,0.020601691573211994,15.350000381469727
2014-12-10,-0.01616130236585133,0.0072786303369452715,-0.0019479434950336577,18.530000686645508
2014-12-11,0.005057050977914214,0.004101083618138209,-0.0022915065517861103,20.079999923706055
2014-12-12,-0.016293164947409813,0.013470961848961158,-0.002381955801053023,21.079999923706055
2014-12-15,-0.006893160683636215,-0.002060458195149927,-0.026058456631024355,20.420000076293945
2014-12-16,-0.008052236239066462,0.01230125978028287,0.004883567458748182,23.56999969482422
2014-12-17,0.019415488079107427,-0.009053556911870469,-0.005933184879209219,19.440000534057617
2014-12-18,0.024427959930524656,-0.017954280393691274,0.007671599736508545,16.809999465942383
2014-12-19,0.004245438942354556,0.01335702709051422,-0.0033055430745708814,16.489999771118164
2014-12-22,0.0045897229547926036,0.001349550434764775,-0.019532501975925175,15.25
2014-12-23,0.0013485538373362162,-0.02003413812470804,0.0016866692377105724,14.800000190734863
2014-12-24,9.64014116502534e-05,0.005427532735741696,0.00026605277109273347,14.369999885559082
2014-12-26,0.0032194478678415146,0.0037049224410406717,0.018102473257655193,14.5
2014-12-29,0.0013421942178751362,0.00744711148187235,-0.010153292143778678,15.0600004196167
2014-12-30,-0.005380063523843251,0.0027087528007865326,0.013370224180731385,15.920000076293945
2014-12-31,-0.009972802752501142,0.0019079978296814512,-0.014162271200273567,19.200000762939453
2015-01-02,-0.0005349570234115184,0.011057125079927873,0.0043925221460414865,17.790000915527344
2015-01-05,-0.01822483216373907,0.015586226293021612,0.014964618775983719,19.920000076293945
2015-01-06,-0.009463745840405621,0.017856639896211484,0.01133448217141997,21.1200008392334
2015-01-07,0.012384131548901924,-0.001976579837308168,-0.005908836993974842,19.309999465942383
2015-01-08,0.017589418401256007,-0.013331756969184719,-0.004217399700950183,17.010000228881836
2015-01-09,-0.008045832976202039,0.010893765479953821,0.011320872784880804,17.549999237060547
2015-01-12,-0.007864391905851371,0.005705500004519963,0.011025431201653892,19.600000381469727
2015-01-13,-0.002816636404051859,0.0,-0.003379471739693634,20.559999465942383
2015-01-14,-0.006055682970992601,0.007557176744845455,-0.0016093040146014643,21.479999542236328
2015-01-15,-0.009202511439924602,0.015613278683566061,0.024864209830664365,22.389999389648438
2015-01-16,0.013028950200900526,-0.012831265394672194,0.01297967953352017,20.950000762939453
2015-01-20,0.002130584207895832,0.013201433489985483,0.013618890362551296,19.889999389648438
2015-01-21,0.00503471472891548,-0.01162652148103761,0.00024156831944978564,18.850000381469727
2015-01-22,0.014761715374407883,-0.003604378389152173,0.008017360134577187,16.399999618530273
2015-01-23,-0.005497632316260667,0.01382251254840337,-0.008017360134577146,16.65999984741211
2015-01-26,0.0023387034843341914,-0.003046957945367249,-0.010031679362329541,15.520000457763672
2015-01-27,-0.013278331054994567,0.001561440384187098,0.011399158685807192,17.219999313354492
2015-01-28,-0.01290725728293767,0.016216080775542024,-0.007909034514030033,20.440000534057617
2015-01-29,0.009201149661178824,-0.006602147960752532,-0.02178803552843412,18.760000228881836
2015-01-30,-0.0126547486941332,0.01758190899003917,0.022031068542067805,20.969999313354492
2015-02-02,0.012308055884572918,-0.003781868498132021,-0.008378450604819716,19.43000030517578
2015-02-03,0.014357672601353325,-0.021394474593962192,-0.011254031870982083,17.329999923706055
2015-02-04,-0.0038145790177363855,0.0017076117352836655,0.004368788786280421,18.329999923706055
2015-02-05,0.010043871702661054,-0.011039143626150614,0.0017257602352123193,16.850000381469727
2015-02-06,-0.002769332672160182,-0.01786087989583427,-0.026204564931172653,17.290000915527344
2015-02-09,-0.004485825841755551,-0.0016046917816370239,0.004457337052542182,18.549999237060547
2015-02-10,0.010597364275896989,-0.00798602617154495,-0.005891255467082124,17.229999542236328
2015-02-11,0.0005800062260314128,0.0018483213029428592,-0.01188773038576783,16.959999084472656
2015-02-12,0.009571063937484293,-0.003313601550782204,0.0023036284035265445,15.34000015258789
2015-02-13,0.004107797982489499,-0.010321977867563897,0.005439474740014081,14.6899995803833
2015-02-17,0.0015717434555059763,-0.0151703247038049,-0.016838734326833547,15.800000190734863
2015-02-18,9.514328607966302e-05,0.005922892362799383,0.0028404943034609498,15.449999809265137
2015-02-19,-0.0007138392661377828,-0.006635946691339956,-0.003444070035884628,15.289999961853027
2015-02-20,0.0059823733007231894,0.002928354583524661,-0.005708895866845205,14.300000190734863
2015-02-23,-0.00014192471305988843,0.011393347763527966,0.0013003471683988895,14.5600004196167
2015-02-24,0.002836587991092577,0.01304110933458284,-0.0014738237281034486,13.6899995803833
2015-02-25,-0.00084999256032844,0.004308611290698637,0.003810143280624359,13.84000015258789
2015-02-26,-0.0011818951987666688,-0.013761891478341304,0.003192846928133665,13.90999984741211
2015-02-27,-0.0034120370048255832,0.008372298646091222,0.000775127851616969,13.34000015258789
2015-03-02,0.006293543115029763,-0.018801702305546345,-0.004140821554351363,13.039999961853027
2015-03-03,-0.004112450474328339,-0.003632234162975085,-0.0018169945131893267,13.859999656677246
2015-03-04,-0.004224521563952606,0.0003161319831856955,-0.0031225683060647487,14.229999542236328
2015-03-05,0.0010934592427871064,-0.0012664408763651553,-0.0009560698660537595,14.039999961853027
2015-03-06,-0.01416434032173617,-0.022339088682265595,-0.027684033513420175,15.199999809265137
2015-03-09,0.004136206039834271,0.009187929770837348,0.0009828943243309087,15.0600004196167
2015-03-10,-0.01635494575489879,0.013072465956241088,-0.004924161015297649,16.690000534057617
2015-03-11,-0.0023447922967774143,0.0072588428361309194,-0.006031419233618076,16.8700008392334
2015-03-12,0.012634158102355214,-0.0007077915427737589,-0.0002709060307489861,15.420000076293945
2015-03-13,-0.006151292085287526,-0.0030732259979691767,0.0014440077763354022,16.0
2015-03-16,0.013271820108911488,0.009581559188820876,-0.0006315097549614711,15.609999656677246
2015-03-17,-0.0029765277222218115,0.008250851458012642,-0.005429372519536195,15.65999984741211
2015-03-18,0.011949713929820907,0.019118716429442045,0.019409393965783985,13.970000267028809
2015-03-19,-0.004571948683474415,-0.005108585399791894,-0.0007122036244302048,14.069999694824219
2015-03-20,0.00878837597822477,0.0052604389691133695,0.011334565478751316,13.020000457763672
2015-03-23,-0.001950714932224914,-0.0012168947854951204,0.006319701703631724,13.40999984741211
2015-03-24,-0.005634624594425074,0.009621670848106759,0.002446901321801825,13.619999885559082
2015-03-25,-0.014762562034857403,-0.008480581760194766,0.001395583828601838,15.4399995803833
2015-03-26,-0.0023840319960652515,-0.01571241089753292,0.006515812793653495,15.800000190734863
2015-03-27,0.0022866756227166098,0.012360584260678249,-0.0036436736475295383,15.069999694824219
2015-03-30,0.012126274981303052,-0.00497185856252296,-0.011450652385538355,14.510000228881836
2015-03-31,-0.008777832610022929,0.002144834355941802,-0.000791489742224147,15.289999961853027
2015-04-01,-0.003542380974671512,0.013049909562302876,0.016924374949796855,15.109999656677246
2015-04-02,0.0035905421978408157,-0.010652710480457064,-0.002772001936393702,14.670000076293945
2015-04-06,0.006710954348312206,-0.005599751851001918,0.012156925637931892,14.739999771118164
2015-04-07,-0.002650041093776023,0.008349417675979801,-0.004982843844589143,14.779999732971191
2015-04-08,0.0033714100743948536,0.0003050785265654615,-0.005527256360212914,13.979999542236328
2015-04-09,0.004413739916545449,-0.013049343054528796,-0.006952344453191623,13.09000015258789
2015-04-10,0.005442542733349947,0.0014679736424183696,0.011273125412459931,12.579999923706055
2015-04-13,-0.004533421999666559,0.0013868735412708936,-0.007182773547924921,13.9399995803833
2015-04-14,0.0019111258505762594,0.007063178182411148,-0.006098084431298223,13.670000076293945
2015-04-15,0.004477278625028346,-0.000841902178724567,0.008613598755223903,12.84000015258789
2015-04-16,-0.00028500377720482956,-0.004988847888578213,-0.0034713349747602833,12.600000381469727
2015-04-17,-0.011570740511641545,0.011399823135258813,0.004942989742755055,13.890000343322754
2015-04-20,0.009095492803596802,-0.008863793518009297,-0.007641555546604684,13.300000190734863
2015-04-21,-0.0011920525130940701,-0.004538510666716136,0.005736617532052148,13.25
2015-04-22,0.004902369025182568,-0.015383510280353972,-0.013524881601083907,12.710000038146973
2015-04-23,0.002512916096060648,0.004296599927060881,0.007265135996097461,12.479999542236328
2015-04-24,0.0023178701530536766,0.006217695242645907,-0.014141033700353254,12.289999961853027
2015-04-27,-0.0041666081002917155,0.0,0.01996737439576267,13.119999885559082
2015-04-28,0.0031737566354045716,-0.01388669626799824,0.008633395454348151,12.40999984741211
2015-04-29,-0.004123190559771132,-0.012331898579792723,-0.007073870774361553,13.390000343322754
2015-04-30,-0.010070673965144451,0.001748694246126119,-0.01781862923365432,14.550000190734863
2015-05-01,0.010783095057807952,-0.013552899025277823,-0.003442946542885586,12.699999809265137
2015-05-04,0.002843057278980977,-0.00948056854313222,0.0089796944769085,12.850000381469727
2015-05-05,-0.011517812832227593,-0.0013851348723118388,0.0028006293425995657,14.3100004196167
2015-05-06,-0.0041252850620728115,-0.017268598465051275,-0.0005245000462393765,15.149999618530273
2015-05-07,0.003981705700354004,0.01334763357908695,-0.008253646349355704,15.130000114440918
2015-05-08,0.013080328857715796,0.002697424609304978,0.0048375401365222245,12.859999656677246
2015-05-11,-0.004784090316043998,-0.02462502373791742,-0.003868158154194018,13.850000381469727
2015-05-12,-0.0029959988996779143,0.002590528933710923,0.008507714570103646,13.859999656677246
2015-05-13,0.00019059738273674592,-0.008043432413180613,0.017745568671579635,13.760000228881836
2015-05-14,0.010373279669760836,0.002688137074118866,0.005390825055101934,12.739999771118164
2015-05-15,0.0010835456862454155,0.01985196212404874,0.0029823930374759115,12.380000114440918
2015-05-18,0.003101848054530601,-0.01691989000077706,-8.510645761585739e-05,12.729999542236328
2015-05-19,-0.00032835984125331285,-0.00890678613843645,-0.013967043221181913,12.850000381469727
2015-05-20,-0.0007044346596119549,0.0016871568046010164,0.0016381642703537944,12.880000114440918
2015-05-21,0.0029081632582458805,0.013889008423531905,-0.0033654032062089196,12.109999656677246
2015-05-22,-0.002391632674759082,0.00041527727126946097,-0.0007782781051664031,12.130000114440918
2015-05-26,-0.010810063293550711,0.016964853905697297,-0.014727247977664972,14.0600004196167
2015-05-27,0.009447348595401637,0.0022834838389203223,-0.00017563013383993815,13.270000457763672
2015-05-28,-0.0011290151061256722,-0.002446729324717135,0.0011407772346871212,13.3100004196167
2015-05-29,-0.006232036932074809,0.0022030404491191627,0.0007014013330434771,13.84000015258789
2015-06-01,0.002034615008469302,-0.010806012785565656,-0.0008767951003625541,13.970000267028809
2015-06-02,-0.0009931400942904708,-0.014049910047621739,0.0040269605877943865,14.239999771118164
2015-06-03,0.0026457809462825306,-0.016206521785884734,-0.0071898573672245485,13.65999984741211
2015-06-04,-0.008482423177292472,0.012935682551801003,-0.0070646979352704175,14.710000038146973
2015-06-05,-0.0017146496712231846,-0.012254111966461468,-0.005331436918291504,14.210000038146973
2015-06-08,-0.006168688798402641,-0.0011065500033719316,0.0029358308942225293,15.289999961853027
2015-06-09,-0.00014413264029140968,-0.007948285454615915,0.002218377951124773,14.470000267028809
2015-06-10,0.011922087757545677,-0.00879111307161133,0.008473122987024092,13.220000267028809
2015-06-11,0.003218379831638385,0.02081749182300381,-0.00458066904691928,12.850000381469727
2015-06-12,-0.007684248877894078,0.0,-0.0002649015739743867,13.779999732971191
2015-06-15,-0.004294563370998981,0.0016087758413222601,0.004406069740065375,15.390000343322754
2015-06-16,0.005436654779251518,0.007841844120033968,-0.0036115754437751487,14.8100004196167
2015-06-17,0.0016159727881567042,-0.0077568626213266635,0.004666106837939518,14.5
2015-06-18,0.010345692732044394,-0.004921021289787887,0.012829091016651683,13.1899995803833
2015-06-19,-0.004449368735491826,0.012761423347354785,-0.0017357836863243674,13.960000038146973
2015-06-22,0.00511011183479568,-0.020617465800789925,-0.012939534822473103,12.739999771118164
2015-06-23,0.0007074856450098513,-0.006018743554968627,-0.006621663748214055,12.109999656677246
2015-06-24,-0.0072888559135690185,0.008587320394363622,-0.002661018577875129,13.260000228881836
2015-06-25,-0.003045488401189996,-0.003511649187594157,-0.0013331015376761225,14.010000228881836
2015-06-26,-0.00019008038804744853,-0.011304392018192763,0.0010666233650124298,14.020000457763672
2015-06-29,-0.0211937840687218,0.026123929621070276,0.004520702131842665,18.850000381469727
2015-06-30,0.0020914743235790826,-0.006956550249176983,-0.006210070886037382,18.229999542236328
2015-07-01,0.00798325560526535,-0.013589584776267673,-0.003476708463396305,16.09000015258789
2015-07-02,-0.0009158804225523057,0.00328087331452649,-0.0019665798355693646,16.790000915527344
2015-07-06,-0.0028501704687345186,0.0183644994511893,0.002680686287387427,17.010000228881836
2015-07-07,0.006269216739018179,0.009351703239614977,-0.011668702760757443,16.09000015258789
2015-07-08,-0.01691984001005293,0.008598847370844584,0.0029749330386005784,19.65999984741211
2015-07-09,0.00180785661436624,-0.019898819697786042,0.002427551438613741,19.969999313354492
2015-07-10,0.012512656955292568,-0.015984863762385233,0.001166679551747385,16.829999923706055
2015-07-13,0.010976540915547343,-0.0031073185886335113,-0.004494793701909413,13.899999618530273
2015-07-14,0.004328681795461031,0.0032795121603070615,-0.00225499581251802,13.369999885559082
2015-07-15,-0.00033225775950741494,0.010541162051889458,-0.005251204440368454,13.229999542236328
2015-07-16,0.007992285718818336,0.006881772594894094,-0.0036377042236319986,12.109999656677246
2015-07-17,0.0008476276089420538,0.005150982711547863,-0.010164462693893107,11.949999809265137
2015-07-20,0.0005175743931168044,-0.004220049922074543,-0.02752685674211234,12.25
2015-07-21,-0.003959128189962436,0.005399347464251968,-0.003126872326802464,12.220000267028809
2015-07-22,-0.0017959579992865083,0.006205755061072902,-0.005424190670740339,12.119999885559082
2015-07-23,-0.005646124361150813,0.012381335948554425,-0.00449483097628429,12.640000343322754
2015-07-24,-0.010426186909212012,0.002474499892338623,0.009729155735813993,13.739999771118164
2015-07-27,-0.005834524753512336,0.005340306134212875,-0.004661992801277996,15.600000381469727
2015-07-28,0.012208569573605492,-0.007319382028921795,0.0015246432799856059,13.4399995803833
2015-07-29,0.006855371786900926,-0.0037216765705085607,0.0014272948765040416,12.5
2015-07-30,0.00023719517467954066,0.007676257262063928,-0.00859441451463339,12.130000114440918
2015-07-31,-0.0015188834726626694,0.00737160799234757,0.006309807471318708,12.119999885559082
2015-08-03,-0.0033786966322715524,0.010472093011506348,-0.007941503115089978,12.5600004196167
2015-08-04,-0.0019565961514642852,-0.007964068300016803,0.002015250319480653,13.0
2015-08-05,0.0032905013892974623,-0.007534427425576188,-0.003649612745895922,12.510000228881836
2015-08-06,-0.008221586022408144,0.008839216203215088,0.004416281036678492,13.770000457763672
2015-08-07,-0.0019219378412154262,0.013033104564960825,0.0024875838994236877,13.390000343322754
2015-08-10,0.012520833224574217,-0.012462789168604283,0.010172637809864738,12.229999542236328
2015-08-11,-0.009064262699908199,0.015754199942309782,0.005094839843947383,13.710000038146973
2015-08-12,0.0011972488316031888,-0.005465660598094819,0.013924787857253812,13.609999656677246
2015-08-13,-0.0012452770942765236,-0.003228812160739987,-0.008294156742538458,13.489999771118164
2015-08-14,0.003635831776083161,0.0023420723181037627,-9.36047567321894e-05,12.829999923706055
2015-08-17,0.005571382098112761,0.004507373650866525,0.0026170571520377807,13.020000457763672
2015-08-18,-0.0029009052884531785,-0.007902033727255234,-0.00018667516172391786,13.789999961853027
2015-08-19,-0.00793670026051408,0.00982784503924372,0.013354574963244535,15.25
2015-08-20,-0.021102955684442048,0.010048562444429207,0.017261484729986225,19.139999389648438
2015-08-21,-0.03056465421661295,0.0030111090568673685,0.006228253314387141,28.030000686645508
2015-08-24,-0.04301910686764996,-0.00031711726477633124,-0.005413696203742859,40.7400016784668
2015-08-25,-0.011837455372755391,-0.016195064783772715,-0.012472236890549283,36.02000045776367
2015-08-26,0.0376752756558305,-0.019492479502358568,-0.013743752566773907,30.31999969482422
2015-08-27,0.024433725912647752,0.0005735520060507126,0.0005571512452685862,26.100000381469727
2015-08-28,5.038300243446589e-05,0.0029470486083409135,0.00896363798539372,26.049999237060547
2015-08-31,-0.008111936106176871,-0.007712045886072723,0.0011033722012558356,28.43000030517578
2015-09-01,-0.030302346018002604,0.00717916611093387,0.00348589711093372,31.399999618530273
2015-09-02,0.018803371005331165,-0.008641533569359794,-0.005325457471451406,26.09000015258789
2015-09-03,0.0007164408438278088,0.004865451166465975,-0.00720696468758582,25.610000610351562
2015-09-04,-0.015252686973042908,0.009088892650052543,-0.0032508130940551347,27.799999237060547
2015-09-08,0.024820552809256533,-0.014863803263551967,0.0002790454421465056,24.899999618530273
2015-09-09,-0.013462550901184388,0.004786899148306398,-0.013012113659039884,26.229999542236328
2015-09-10,0.005427443547170924,-0.006774766975973001,0.002352831601258748,24.3700008392334
2015-09-11,0.004533848151821668,0.006281195569097959,-0.002070138975493721,23.200000762939453
2015-09-14,-0.0037174048669537016,0.001563459401382181,0.0005650019663848919,24.25
2015-09-15,0.012421965809337989,-0.019350227615189987,-0.003017159470430642,22.540000915527344
2015-09-16,0.008629444942784628,-0.0037810049043617644,0.013226552172031262,21.350000381469727
2015-09-17,-0.0022507614514261334,0.012132271033209662,0.01019855026531129,21.139999389648438
2015-09-18,-0.01647627951260072,0.015267019682579822,0.007352256373074212,22.280000686645508
2015-09-21,0.005154354645548886,-0.016432470133016346,-0.006246004616141289,20.139999389648438
2015-09-22,-0.013064856876828354,0.013808264968924339,-0.006841722923155944,22.440000534057617
2015-09-23,-0.001600030709218771,-8.241415165704764e-05,0.00398130520726097,22.1299991607666
2015-09-24,-0.0036220956747628303,0.006793583794812778,0.02075879629651289,23.469999313354492
2015-09-25,-0.0002594928887051949,-0.00868408413188563,-0.006173422414314381,23.6200008392334
2015-09-28,-0.025417444934423834,0.016969299113508512,-0.012739020432957309,27.6299991607666
2015-09-29,0.0005847902559989475,0.002827016854060064,-0.004066501065043471,26.829999923706055
2015-09-30,0.01848655372695714,-0.0034751273623240975,-0.010426483637297347,24.5
2015-10-01,0.002606019981616775,0.004257797915644531,-0.0012172598628681067,22.549999237060547
2015-10-02,0.014827296950008367,0.006039852128888241,0.020953802922526705,20.940000534057617
2015-10-05,0.017638255132490746,-0.013661168657813787,-0.0020205850578978056,19.540000915527344
2015-10-06,-0.0034321494200670643,0.004304295981908953,0.009971303227116472,19.399999618530273
2015-10-07,0.008157532193181353,-0.0033272297195922314,-0.001457494008134859,18.399999618530273
2015-10-08,0.008986083705675496,-0.008410108898730716,-0.005117883296347929,17.420000076293945
2015-10-09,0.0005960485031141489,0.002619672370660994,0.015726912391542485,17.079999923706055
2015-10-12,0.0009431526545745555,0.0075769979547090135,0.0039607110144831365,16.170000076293945
2015-10-13,-0.0063220547857656545,0.0017033894274657933,0.004929015278091239,17.670000076293945
2015-10-14,-0.004805292549128779,0.008712428202115268,0.017282274992371418,18.030000686645508
2015-10-15,0.015237390832380383,-0.00491169978439781,-0.004579458875531695,16.049999237060547
2015-10-16,0.004536447762313457,0.00032231646284595813,-0.007086601152338509,15.050000190734863
2015-10-19,0.0004917884119228902,-0.0027469720995042667,-0.004186912999915291,14.979999542236328
2015-10-20,-0.0012791890421635452,-0.006168436805124139,0.006318212020552837,15.75
2015-10-21,-0.006223104079206491,0.009883134514317281,-0.008910332230671142,16.700000762939453
2015-10-22,0.016753013918727636,0.0016919474641682618,-0.00035807819279052113,14.449999809265137
2015-10-23,0.010901634428196645,-0.008567727646097267,-0.0017026075113336088,14.460000038146973
2015-10-26,-0.0024604498367649537,0.006634039459897781,-0.0006279971024889811,15.289999961853027
2015-10-27,-0.0019341388275765585,0.00249689826353292,0.002241047948969033,15.430000305175781
2015-10-28,0.01130987413729568,-0.004029858520921065,-0.008091400160860905,14.329999923706055
2015-10-29,-0.0005742188922781316,-0.016036898376474262,-0.009614564390769178,14.609999656677246
2015-10-30,-0.0043189744840311595,0.007521445210561931,-0.0038352540915993893,15.069999694824219
2015-11-02,0.011761417501212837,-0.004605959909987331,-0.006517134598801595,14.149999618530273
2015-11-03,0.002895714651780108,-0.008234499105882599,-0.014937356022442439,14.539999961853027
2015-11-04,-0.003038234437216078,0.0011573338340091694,-0.009485885776108033,15.510000228881836
2015-11-05,-0.0009985532993331938,-0.0026464377218163434,-0.0031189650547963797,15.050000190734863
2015-11-06,-0.0005232976027414086,-0.014763858891683869,-0.014685120688170974,14.329999923706055
2015-11-09,-0.009375542911304194,-0.005646300601103115,0.0028777291011320622,16.520000457763672
2015-11-10,0.0023040317829064482,0.002952978202776291,-0.002109514817878502,15.289999961853027
2015-11-11,-0.003939599951799787,-0.002108281660709343,-0.00336521129587392,16.059999465942383
2015-11-12,-0.014057906563705272,0.004801604059036127,0.00019257167853245404,18.3700008392334
2015-11-13,-0.011292132370588806,0.005697677723127609,-0.002796404320479703,20.079999923706055
2015-11-16,0.015092492451400914,-0.000919530114936239,0.001447402465342363,18.15999984741211
2015-11-17,-0.0007296972928323923,0.001671437838526171,-0.013297966180688193,18.84000015258789
2015-11-18,0.015741355272373924,0.0020851428836956335,0.0008790738346113607,16.850000381469727
2015-11-19,-0.0008627519919652219,0.006643203794561439,0.010971489880734318,16.989999771118164
2015-11-20,0.003637880536220525,-0.0030667720080719474,-0.004548773723664315,15.470000267028809
2015-11-23,-0.001147311284608365,0.0030667720080718307,-0.008083747042833161,15.619999885559082
2015-11-24,0.0013380838529245549,-8.263228696052932e-05,0.006627707399357638,15.930000305175781
2015-11-25,-0.00014288080785019444,0.0023149967754860826,-0.004673848365801943,15.1899995803833
2015-11-27,0.001145768300737084,-0.0009916777993103378,-0.011879763588946619,15.119999885559082
2015-11-30,-0.004160214900741579,0.003959901610597933,0.006595467871597316,16.1299991607666
2015-12-01,0.009490159965128683,0.01341726965183834,0.0035259646298247574,14.670000076293945
2015-12-02,-0.010257276841292741,0.00032552458026977873,-0.015667624313787498,15.90999984741211
2015-12-03,-0.014101691738107262,-0.02755946379693375,0.010570606410359536,18.110000610351562
2015-12-04,0.019315217267882982,0.008746424032952291,0.021966035488281806,14.8100004196167
2015-12-07,-0.006077018098309586,0.009655968259486268,-0.013063212596420425,15.84000015258789
2015-12-08,-0.006742456334655261,0.0004925771495972501,0.0016544033114080684,17.600000381469727
2015-12-09,-0.007809716192207211,-0.0010675990899793736,-0.0019466324270582696,19.610000610351562
2015-12-10,0.0025777950842846907,0.0013140887209314204,-0.0008772000837340084,19.34000015258789
2015-12-11,-0.01957157662738872,0.015635500482354,0.0054458711721541595,24.389999389648438
2015-12-14,0.005039643771402201,-0.013012492209468821,-0.012884508990749449,22.729999542236328
2015-12-15,0.010443326824216824,-0.0059113898566955135,-0.0026560861191144095,20.950000762939453
2015-12-16,0.014526265212278816,-0.002143273984958796,0.012043063036934096,17.860000610351562
2015-12-17,-0.015355924694108323,0.011242491757397255,-0.022141125877213518,18.940000534057617
2015-12-18,-0.01797540132717096,0.005533038489155811,0.015207174746719882,20.700000762939453
2015-12-21,0.00821529547907198,-0.00024362643303103558,0.010819352064225785,18.700000762939453
2015-12-22,0.009033378031892827,-0.007250090035408014,-0.0052488544876924,16.600000381469727
2015-12-23,0.012306687640277503,-0.007550212774898797,-0.002928003794366426,15.569999694824219
2015-12-24,-0.0016512836979098856,0.005712752876603957,0.007206940922791017,15.739999771118164
2015-12-28,-0.002287391575534787,0.0029502058538546454,-0.007597994957113434,16.90999984741211
2015-12-29,0.010615041026255986,-0.016752965844809214,-0.0006846940847352253,16.079999923706055
2015-12-30,-0.007112666087211734,-0.0009992098374502348,-0.007661355596264362,17.290000915527344
2015-12-31,-0.010054247129405097,0.00448893910782946,0.0003943308023186173,18.209999084472656
2016-01-04,-0.014077949763257512,0.007188311589859835,0.013995827340626326,20.700000762939453
2016-01-05,0.001689979429574163,-0.004042175741723878,0.00281458831856644,19.34000015258789
2016-01-06,-0.012694257017223627,0.013385538227828302,0.014337487598989632,20.59000015258789
2016-01-07,-0.024284160399646003,0.0017932049054075925,0.014040676150811138,24.989999771118164
2016-01-08,-0.011037324520624326,0.004468336482489738,-0.0044375394222030354,27.010000228881836
2016-01-11,0.0009895371715331778,-0.011003910710631962,-0.008934594646018349,24.299999237060547
2016-01-12,0.0080360921714564,0.014321721731746123,-0.0050729832368576954,22.469999313354492
2016-01-13,-0.02525697836603604,0.009809008811959567,0.004882048039545079,25.219999313354492
2016-01-14,0.016283459296297723,-0.009405193704295288,-0.016367021706295802,23.950000762939453
2016-01-15,-0.02170008660197145,0.015467254667106028,0.01023674024483427,27.020000457763672
2016-01-19,0.0013301276600140013,-0.0031066254484622066,-0.0009612465570264486,26.049999237060547
2016-01-20,-0.012897483080988124,0.01047458723804397,0.013279386437522704,27.59000015258789
2016-01-21,0.005586140005129942,-0.006811903455341096,0.00113814976565955,26.690000534057617
2016-01-22,0.020307767709810895,-0.003821542415726936,-0.004655791285644273,22.34000015258789
2016-01-25,-0.015232054599446645,0.005410027804023193,0.010233193541102439,24.149999618530273
2016-01-26,0.013551290685908789,0.0004755390615296364,0.011341913483231932,22.5
2016-01-27,-0.010943173320429916,-0.0002375400709160339,0.0037212948296183107,23.110000610351562
2016-01-28,0.005195534334188012,0.0014269663797570767,-0.0107362419293496,22.420000076293945
2016-01-29,0.024084802770848047,0.008441130268188268,0.0038408969118528882,20.200000762939453
2016-02-01,-0.0003615505777473119,-0.003066263490469359,0.010232704202856196,19.979999542236328
2016-02-02,-0.018186156669863316,0.01838188099240785,0.00037006835108891606,21.979999542236328
2016-02-03,0.005977334546469207,-0.00832812567400822,0.010674654427775114,21.649999618530273
2016-02-04,0.0015664327261746926,0.0048344933490219386,0.012009967818587527,21.84000015258789
2016-02-05,-0.01923404952938061,0.001165848358257521,0.015703135766193033,23.3799991607666
2016-02-08,-0.01355193848847886,0.02129120830840529,0.013354185862515874,26.0
2016-02-09,5.3352831144706404e-05,0.0010642104329760661,-0.002198672852432284,26.540000915527344
2016-02-10,-0.0008628541272226523,0.008773922161049597,0.007717958411726099,26.290000915527344
2016-02-11,-0.013093277692056834,0.006979090836370333,0.03940213823727399,28.139999389648438
2016-02-12,0.020407348874327193,-0.01674084084786669,-0.00589671453081662,25.399999618530273
2016-02-16,0.016737366718007213,-0.010626763697704949,-0.030800736245396157,24.110000610351562
2016-02-17,0.01620251135290031,-0.006167709145079352,0.006167287420776475,22.309999465942383
2016-02-18,-0.004104084230185756,0.012220806521314033,0.024041860433202913,21.639999389648438
2016-02-19,-0.00046860539804472005,0.0008400394914349904,-0.006020275750380445,20.530000686645508
2016-02-22,0.01437557250577694,-0.0005345592272991828,-0.01793504091705753,19.3799991607666
2016-02-23,-0.01271055226427774,0.004039790937097545,0.014868593832169054,20.979999542236328
2016-02-24,0.0045652865622198445,-0.001979426168866761,0.003321549590506587,20.719999313354492
2016-02-25,0.012039170612063412,0.0035755598358835298,0.002632341860518043,19.110000610351562
2016-02-26,-0.002304263276220384,-0.009691635835578352,-0.006892743647260338,19.809999465942383
2016-02-29,-0.007872958436294647,0.004361716616546834,0.012980023419282503,20.549999237060547
2016-03-01,0.02323441879531986,-0.01776557388698719,-0.007360151335800538,17.700000762939453
2016-03-02,0.004482506044982735,0.0041182417925431265,0.007697256644730053,17.09000015258789
2016-03-03,0.003912250099867144,0.0036377480345846217,0.017125877155555313,16.700000762939453
2016-03-04,0.00324789655307178,-0.006433194417443359,-0.0015750194994792542,16.860000610351562
2016-03-07,0.000798336312135785,-0.0003110793472330651,0.004965240864288737,17.350000381469727
2016-03-08,-0.010977858884063923,0.010985261218936046,-0.0046334482677505085,18.670000076293945
2016-03-09,0.004927525246554965,-0.006096614550631033,-0.00832782948151173,18.34000015258789
2016-03-10,0.0008019052103549173,-0.0041110511232106016,0.015928644015462578,18.049999237060547
2016-03-11,0.01600825691535282,-0.01015565758637422,-0.01735128256694606,16.5
2016-03-14,-0.001283022052902835,0.003135829210780929,-0.012980634673388813,16.920000076293945
2016-03-15,-0.0016305401984208212,0.0009390241078019219,0.0007632306454701139,16.84000015258789
2016-03-16,0.005770098029205242,0.002967102727266332,0.02205075556149502,14.989999771118164
2016-03-17,0.00632410670315947,0.004123060590639874,-0.0038218648773646413,14.4399995803833
2016-03-18,0.003922313092955668,0.002094834044969834,-0.002750755714748547,14.020000457763672
2016-03-21,0.0014174082931529548,-0.007700818985743004,-0.007036416699314462,13.789999961853027
2016-03-22,-0.0005374495974141562,-0.00023438448964955603,0.0029378329691904675,14.170000076293945
2016-03-23,-0.006621558927558233,0.011261291977284097,-0.02289008865862743,14.9399995803833
2016-03-24,-0.00044280557700275444,0.00038569095630997923,-0.00240404319751751,14.739999771118164
2016-03-28,0.0005904816999377685,0.0013120919283221468,0.0023182652611009025,15.239999771118164
2016-03-29,0.009207456540725899,0.010430126635882187,0.01835540705340136,13.819999694824219
2016-03-30,0.004378180846353868,-0.010584634833597286,-0.014076410310244578,13.5600004196167
2016-03-31,-0.002429606276976723,0.007068856820916467,0.004600850924385841,13.949999809265137
2016-04-01,0.006788528587261013,0.002605483386878677,-0.006053640735366039,13.100000381469727
2016-04-04,-0.0032430700939158168,0.0006119425733363205,-0.006692995408569699,14.119999885559082
2016-04-05,-0.01003808231764467,0.010876495898711189,0.012916668207256437,15.420000076293945
2016-04-06,0.010862039335357617,-0.007288914707150577,-0.0061381369358647206,14.09000015258789
2016-04-07,-0.012038116447587644,0.01226925943814607,0.014179801562102948,16.15999984741211
2016-04-08,0.0026932605438381666,-0.006342679472351395,-0.0015187338768047718,15.359999656677246
2016-04-11,-0.0023500548034217,-0.001289150553219823,0.013419630057020864,16.260000228881836
2016-04-12,0.009269669671018704,-0.006926144262628254,0.00016664672071527165,14.850000381469727
2016-04-13,0.010050276544400036,0.00350702472982447,-0.010719526565990727,13.84000015258789
2016-04-14,4.809416510350254e-05,-0.00480589107133156,-0.014075152256168354,13.720000267028809
2016-04-15,-0.0011065785441594404,0.008529254394321891,0.006892743647260424,13.619999885559082
2016-04-18,0.00700261686911045,-0.0043319103172438506,-0.0015276274565966695,13.350000381469727
2016-04-19,0.003149056101556731,-0.0031274989098606853,0.015506833308651099,13.239999771118164
2016-04-20,0.0009524888262591974,-0.011061936215024906,-0.005114248016109923,13.279999732971191
2016-04-21,-0.005392912729147007,-0.005965226678542075,0.003775305036917395,13.949999809265137
2016-04-22,0.0,-0.0025676499415435597,-0.012894694659209222,13.220000267028809
2016-04-25,-0.001724278437942267,-0.004137560012556077,0.0028799271415296556,14.079999923706055
2016-04-26,0.001484717526930961,-0.004547606676331976,0.003967367637514969,13.960000038146973
2016-04-27,0.0020563604389242543,0.00993085654964781,0.002860302869919961,13.770000457763672
2016-04-28,-0.009117272831199848,0.0041155482777598075,0.018724801093336303,15.220000267028809
2016-04-29,-0.0054135060651075385,0.002553548772024997,0.019270626438691787,15.699999809265137
2016-05-02,0.007917091023570064,-0.010118819540130728,-0.0033213499131697927,14.680000305175781
2016-05-03,-0.008741233425308543,0.012516807660102821,-0.0022745646099545844,15.600000381469727
2016-05-04,-0.005594026383984005,0.005470964713682345,-0.006118222826125519,16.049999237060547
2016-05-05,-0.0001950309177497754,0.006662123601246705,-0.0011462207767798868,15.90999984741211
2016-05-06,0.0036523921219327967,-0.004282908747223466,0.009052054554673597,14.720000267028809
2016-05-09,0.0008261661688661123,0.0031376646877437557,-0.02075289801818274,14.569999694824219
2016-05-10,0.01235711758073534,7.629300887477889e-05,0.002731465708414251,13.630000114440918
2016-05-11,-0.009399012417754893,0.005639150527792318,0.009378919930915114,14.6899995803833
2016-05-12,0.0002908867295854775,-0.0045701994771872876,-0.007892173973086844,14.40999984741211
2016-05-13,-0.008752569437427415,0.009647704432510054,0.004529141979827091,15.039999961853027
2016-05-16,0.00981669363878387,-0.008655564492961551,0.0007392219670169126,14.680000305175781
2016-05-17,-0.009377521513261683,0.0016765900510965369,0.003442329123242772,15.569999694824219
2016-05-18,0.00029305411555180836,-0.014337459939143295,-0.017497993073654197,15.949999809265137
2016-05-19,-0.0034708759144232693,0.004314435474336674,-0.0019168712488535215,16.329999923706055
2016-05-20,0.0062973324064639355,0.0007686539358008632,-0.001335701516612647,15.199999809265137
2016-05-23,-0.0013631729102743866,0.0022254987463270087,-0.002844207499474105,15.819999694824219
2016-05-24,0.012879093896937104,-0.004455806379623815,-0.017493154439807392,14.420000076293945
2016-05-25,0.006759927805090349,-0.0037807806739145215,-0.002731772964595234,13.899999618530273
2016-05-26,0.0002865084282809018,0.005165737702326224,-0.003425260387699169,13.430000305175781
2016-05-27,0.004290026147956697,-0.0014623084536463141,-0.008268772914245718,13.119999885559082
2016-05-31,-0.001904187782052932,0.0023848321957296702,0.003798302317157037,14.1899995803833
2016-06-01,0.002046670024547698,0.0040484852700376685,-0.0010344407576528966,14.199999809265137
2016-06-02,0.003039308248342029,0.007182274602038767,-0.002331543491761781,13.630000114440918
2016-06-03,-0.002991220802636618,0.01413472931894507,0.027373264388307245,13.470000267028809
2016-06-06,0.005075192538119342,-0.00745822023191115,0.0003364248669020046,13.649999618530273
2016-06-07,0.0015602609577485187,0.002416846403318808,-0.0008412423733233627,14.050000190734863
2016-06-08,0.003254395368261272,0.005341674900762234,0.014703707887444253,14.079999923706055
2016-06-09,-0.001366404836944799,0.006432434837883247,0.005541081570940133,14.640000343322754
2016-06-10,-0.00952282273527301,0.004834150448301406,0.004033075700703472,17.030000686645508
2016-06-13,-0.00774156195561976,0.004441862520194503,0.007365624068488461,20.969999313354492
2016-06-14,-0.0019686397133413685,-0.0007391396117997119,0.0010594292626908233,20.5
2016-06-15,-0.0013949501997461344,0.003836775085084615,0.0073849284570991006,20.139999389648438
2016-06-16,0.0029798428749741672,0.004848230160495881,-0.01056665171524312,19.3700008392334
2016-06-17,-0.00373155705558777,-0.0062478927632846,0.01274729826898987,19.40999984741211
2016-06-20,0.006419684785963439,-0.010750637088575246,-0.005988024654369792,18.3700008392334
2016-06-21,0.0028343699166812797,-0.004631482788051625,-0.01942288299292089,18.479999542236328
2016-06-22,-0.0016324793246145417,0.0016458858026387362,0.000496444028716167,21.170000076293945
2016-06-23,0.012938356578326373,-0.011504511332164768,-0.0065557755937431204,17.25
2016-06-24,-0.036569661724749014,0.026492918154334175,0.047873912303474195,25.760000228881836
2016-06-27,-0.018072059859167346,0.024660610947133055,0.0053823171279899626,23.850000381469727
2016-06-28,0.01787529297234195,0.002081823689367337,-0.01079376043064916,18.75
2016-06-29,0.0168843789934384,-0.007702051448515258,0.004140765999889028,16.639999389648438
2016-06-30,0.01355347018484392,0.003678186616311056,0.0049939058952932335,15.630000114440918
2016-07-01,0.0020982336140068295,0.013788798246826219,0.015223162818061162,14.770000457763672
2016-07-05,-0.007219464055349234,0.012442574051309186,0.008220905136956962,15.579999923706055
2016-07-06,0.005979937253764133,0.0016146262815202198,0.005852881673551483,14.960000038146973
2016-07-07,-0.000620254764203112,-6.976473183253525e-05,-0.0037695950478742334,14.760000228881836
2016-07-08,0.014780869363627692,0.007338646501617993,0.005994014334570738,13.199999809265137
2016-07-11,0.003520617554329275,-0.008812508525874115,-0.00946861312154938,13.539999961853027
2016-07-12,0.0072370389473914625,-0.0165767412373165,-0.016690387468968386,13.550000190734863
2016-07-13,-0.0001395731482980789,0.011716799193124542,0.009159697327218079,13.039999961853027
2016-07-14,0.005568117323860878,-0.014649476802935046,-0.007745045230236175,12.819999694824219
2016-07-15,-0.0013433447809012664,-0.00863372378979127,-0.003855735167465888,12.670000076293945
2016-07-18,0.002684309472473906,-0.0009396041945727413,0.0015755839071671933,12.4399995803833
2016-07-19,-0.0010174352186381437,0.005625365144349297,0.0013372522657107563,11.970000267028809
2016-07-20,0.004154658686187891,-0.005481004143277351,-0.01441038163632243,11.770000457763672
2016-07-21,-0.003784720180423242,0.0020224866131612284,0.015117654201499693,12.739999771118164
2016-07-22,0.004475501924983194,0.0017303927824760842,-0.0074907077787214,12.020000457763672
2016-07-25,-0.002719727554320067,-0.0007202476379276827,-0.006989125856947095,12.869999885559082
2016-07-26,0.00046139948159988744,0.0015846833135943824,0.004215211050825792,13.050000190734863
2016-07-27,-0.0010617187982193397,0.012376615033005932,0.01598269497210111,12.829999923706055
2016-07-28,0.0011537093931526694,-0.00185006866829135,-0.00289409340924044,12.720000267028809
2016-07-29,0.0016135692190176608,0.008299089052299475,0.010286811942904156,11.869999885559082
2016-08-01,-0.0008292727396431738,-0.010901292481796495,0.0018590671194806466,12.4399995803833
2016-08-02,-0.006427927484380209,-0.010355517633993965,0.008092864929715934,13.369999885559082
2016-08-03,0.0029185757209681967,0.0005776384512132771,-0.004770787598632875,12.859999656677246
2016-08-04,0.0010633875497146387,0.007485767089179618,0.0016954476164976306,12.420000076293945
2016-08-05,0.008145423359248581,-0.01045220827344563,-0.018025444010511534,11.390000343322754
2016-08-08,-0.0005958625331267381,0.0018825614314040059,-0.0008627837547004024,11.5
2016-08-09,0.0005958625331267365,0.009788431245219545,0.004072023167431496,11.65999984741211
2016-08-10,-0.002478018722883854,0.0038601137575017806,0.004677994512329687,12.050000190734863
2016-08-11,0.004630043826052281,-0.008958993256320115,-0.006946906948684773,11.680000305175781
2016-08-12,-0.0008695126666400524,0.008388140653946162,-0.0021170403750345335,11.550000190734863
2016-08-15,0.0028797550864976657,-0.009468189340940122,0.003447698256792746,11.8100004196167
2016-08-16,-0.0051707889956299595,-0.0026699474072432467,0.004915970173444719,12.640000343322754
2016-08-17,0.0018791495298465012,0.005979561891433557,0.00023348078990268189,12.1899995803833
2016-08-18,0.002241348021906798,0.0015791233252071784,0.004735854578729188,11.430000305175781
2016-08-19,-0.0014632867096549815,-0.005248532450463171,-0.008868887925520175,11.34000015258789
2016-08-22,-4.562170239888893e-05,0.008398888591216508,-0.0014858453674488508,12.270000457763672
2016-08-23,0.0020115899416579697,0.0010718343019462124,-0.0001565049936259337,12.380000114440918
2016-08-24,-0.0051281085499633484,-0.0023597686642585266,-0.011176864142998198,13.449999809265137
2016-08-25,-0.0006888468618661383,-0.0038005102511820266,-0.0008709901258544955,13.630000114440918
2016-08-26,-0.0018852672635765936,-0.00583777290575332,-0.0014269885139346196,13.649999618530273
2016-08-29,0.004912372260715379,0.013281953263359457,0.001981375674593548,12.9399995803833
2016-08-30,-0.0016502952566568605,-0.003858021475848229,-0.01010635477558835,13.119999885559082
2016-08-31,-0.0028477348062325566,0.0014305269097435582,-0.0020015218438290436,13.420000076293945
2016-09-01,4.569866645352672e-05,0.0011025713824103218,0.004078880664929754,13.479999542236328
2016-09-02,0.004498152259615692,-0.00819008041787498,0.010164454828507231,11.979999542236328
2016-09-06,0.0030176680568480903,0.007259492647939429,0.016766351430797802,12.020000457763672
2016-09-07,-9.128609758641371e-05,-0.0007164595356577303,-0.0034244132039321193,11.9399995803833
2016-09-08,-0.0022854373046786464,-0.012620696072708378,-0.005315481388614766,12.510000228881836
2016-09-09,-0.024226094205536796,-0.01661131276377551,-0.006605326760192751,17.5
2016-09-12,0.014245484773384108,0.0005165680659751111,-0.0012631537514554386,15.15999984741211
2016-09-13,-0.014479827534130442,-0.011422872433607493,-0.006657679739988439,17.850000381469727
2016-09-14,-0.00037521356582864907,0.001490951828009598,0.0034136523813896856,18.139999389648438
2016-09-15,0.009943248871041959,-0.0043295479139080885,-0.006440074325495675,16.299999237060547
2016-09-16,-0.0038733397478221713,0.008047119841462344,-0.002475784418470438,15.369999885559082
2016-09-19,0.00018778025466651536,-0.003271009563182676,0.002076861031546589,15.529999732971191
2016-09-20,4.6897905558909965e-05,0.003493227750780511,0.0009571124160199947,15.920000076293945
2016-09-21,0.0111825623735955,0.008055076783178334,0.014483211562644741,13.300000190734863
2016-09-22,0.006281668562787249,0.007916898532822885,0.0023544435304930274,12.020000457763672
2016-09-23,-0.005494257513935957,-0.0009493212854642404,0.0006269244831308528,12.289999961853027
2016-09-26,-0.008134963726451623,0.006338283685682295,-0.0007836871273146296,14.5
2016-09-27,0.006188487163505089,0.007309015101145454,-0.00731797170627855,13.100000381469727
2016-09-28,0.004951345511362699,-0.002165512839950657,-0.0031640709801869947,12.390000343322754
2016-09-29,-0.009088203024026818,0.0025259761666744226,-0.001189120004834333,14.020000457763672
2016-09-30,0.00751757321789857,-0.008976914220367895,-0.0034166360099868506,13.289999961853027
2016-10-03,-0.002407003827459777,-0.0033057506105759944,-0.002550206163687112,13.569999694824219
2016-10-04,-0.005110569390438822,-0.011764540128627831,-0.03532787258610445,13.630000114440918
2016-10-05,0.004415228332756426,-0.004670054843954052,-0.0015718922897908132,12.989999771118164
2016-10-06,0.0006953410576823699,-0.005588764888066195,-0.009316280206747919,12.84000015258789
2016-10-07,-0.0034353364884728713,0.0006726368559550173,0.0006682890904551575,13.479999542236328
2016-10-10,0.0051948926941274955,-0.005916529903212189,0.003501510836135576,13.380000114440918
2016-10-11,-0.01271003582499571,-0.002255913823869005,-0.005089499061391432,15.359999656677246
2016-10-12,0.0013110233202214855,0.000978617515926451,0.0015879882252557648,15.90999984741211
2016-10-13,-0.003280786661356452,0.003752892828973033,0.0024189937106391113,16.690000534057617
2016-10-14,0.0005161404126611004,-0.014110818585865393,-0.005597559798283797,16.1200008392334
2016-10-17,-0.0034780376726645497,0.006363233819074236,0.0026773752071126027,16.209999084472656
2016-10-18,0.006242683921359828,0.0032414746743589214,0.006164100054633751,15.279999732971191
2016-10-19,0.0026636941836439797,0.0008279828813435593,0.005713611741873303,14.40999984741211
2016-10-20,-0.0018683456953220944,0.001052499412037819,-0.0030597728971403517,13.75
2016-10-21,0.0004672683902006036,0.0015011707345181202,0.0007451585177257722,13.34000015258789
2016-10-24,0.004243850929449988,-0.004360632677191054,-0.002237080125500534,13.020000457763672
2016-10-25,-0.0033562851372994588,0.002633511165417918,0.007519794693909835,13.460000038146973
2016-10-26,-0.002009609841988146,-0.006785626021939113,-0.0056138205649168835,14.239999771118164
2016-10-27,-0.002670849465088178,-0.010953785653672039,0.0018196962666161048,15.359999656677246
2016-10-28,-0.002959420939898162,-0.002220455342721406,0.004699292917769531,16.190000534057617
2016-10-31,4.734079004638045e-05,0.0061137624076892825,0.0029566431199742503,17.059999465942383
2016-11-01,-0.007272023062019571,7.64233797873912e-05,0.006457707460557924,18.559999465942383
2016-11-02,-0.006036711118423604,0.0043412119586456405,0.0073872643657927,19.31999969482422
2016-11-03,-0.004587778367776935,-0.007705719489751957,0.005323910740822675,22.079999923706055
2016-11-04,-0.0011025248131640941,0.008920521169217458,0.0007237632468994597,22.510000228881836
2016-11-07,0.021817709872057757,-0.008537585552703435,-0.01817197611952108,18.709999084472656
2016-11-08,0.004493598188599785,-0.004065756334614915,-0.004183952404118774,18.739999771118164
2016-11-09,0.010546246004534878,-0.04335879656337828,-0.0006579098268444278,14.380000114440918
2016-11-10,0.0024925401262201738,-0.014880989237417824,-0.015001711673606965,14.739999771118164
2016-11-11,-0.002307782544030808,-0.005638135179487087,-0.022377978717915834,14.170000076293945
2016-11-14,0.0007853110782163776,-0.0059995999534538285,-0.008490234677527317,14.479999542236328
2016-11-15,0.0077723036485462344,0.004933931954160355,0.008661050768427549,13.369999885559082
2016-11-16,-0.0018798518089343755,0.008983066811903596,-0.002992914324639575,13.720000267028809
2016-11-17,0.005127505369358558,-0.0148239394932994,-0.00515153957584098,13.350000381469727
2016-11-18,-0.0022401356764556696,-0.0028916092571969927,-0.008818980245606272,12.850000381469727
2016-11-21,0.0075231107366291365,0.0024786582606774405,0.0037273072140238833,12.420000076293945
2016-11-22,0.0019513156794973472,-0.0003302042288503019,-0.00034614845492716306,12.40999984741211
2016-11-23,0.0005439436450270038,-0.0038881510420325565,-0.020019033913875547,12.430000305175781
2016-11-25,0.0037088230979898883,0.001490883393175162,-0.005667237234161627,12.34000015258789
2016-11-28,-0.004706050784736727,0.007339654760606846,0.01051202138010083,13.149999618530273
2016-11-29,0.0019482366313386002,0.004181427766024672,-0.004668228933024833,12.899999618530273
2016-11-30,-0.002402048902066678,-0.01633317599877494,-0.013510086082379656,13.329999923706055
2016-12-01,-0.003681894313272996,-0.01061430255800865,-0.0018809543242076046,14.069999694824219
2016-12-02,0.0005003999175494884,0.007300295051767218,0.005364806083291903,14.119999885559082
2016-12-05,0.005990979758948161,-0.0010875498561130543,-0.005364806083291772,12.140000343322754
2016-12-06,0.0031624409385346457,-0.0007534781981289998,-0.0009866853717861235,11.789999961853027
2016-12-07,0.012996019685870516,0.008508335480449847,0.003583283615967707,12.220000267028809
2016-12-08,0.0024454857446983788,-0.011864709041098603,-0.0023276835438490475,12.640000343322754
2016-12-09,0.006022459084635789,-0.01251699889071869,-0.010542046205441346,11.75
2016-12-12,-0.0011482559583799153,0.001870457015164554,0.003797113021044969,12.640000343322754
2016-12-13,0.006651471295089949,0.0035614844909096378,-0.003344358449500988,12.720000267028809
2016-12-14,-0.008288494597196567,-0.011235696614634484,-0.01477585370302796,13.1899995803833
2016-12-15,0.00410874662706724,0.005037639370705797,-0.013785715901107913,12.789999961853027
2016-12-16,-0.0019578214109410284,-0.0023023838469500672,0.006592778565065687,12.199999809265137
2016-12-19,0.002174990097198539,0.010698973763654696,0.004985177307786946,11.710000038146973
2016-12-20,0.0038503319962665964,-0.004995496387547017,-0.007394390217464912,11.449999809265137
2016-12-21,-0.002786643962795143,0.0044040978125739864,0.0005564603998491446,11.270000457763672
2016-12-22,-0.0017287446042526327,-0.0017891620995932349,-0.0024136861188265224,11.430000305175781
2016-12-23,0.0014631048259641534,0.0020351451642575875,0.003155199096609045,11.4399995803833
2016-12-27,0.0024779706375224098,-0.003224397076595191,0.00582012137282036,11.989999771118164
2016-12-28,-0.008298857489698278,0.0072816353495164,0.002759665575201272,12.949999809265137
2016-12-29,-0.0002229101025392902,0.0035370465930615502,0.01305061000633585,13.369999885559082
2016-12-30,-0.0036615681176101265,0.0015124595616581528,-0.006184651823121631,14.039999961853027
2017-01-03,0.007620937466220599,0.004271858519641852,0.00781538513824579,12.850000381469727
2017-01-04,0.005931459977502624,0.0038375698502902105,0.0035241475629946054,11.850000381469727
2017-01-05,-0.0007947486303143163,0.015532016838315461,0.015395946803090798,11.670000076293945
2017-01-06,0.003571288627201725,-0.009223609177097284,-0.007399862806678017,11.319999694824219
2017-01-09,-0.0033063802719230056,0.007993890829774192,0.008198942430912352,11.5600004196167
2017-01-10,0.0,-0.0006569622431768198,0.004251209640407789,11.489999771118164
2017-01-11,0.0028222909824639547,0.003361354801588853,0.003088451356458922,11.260000228881836
2017-01-12,-0.0025130598454105417,-0.0022122587231962823,0.0036058581395100996,11.539999961853027
2017-01-13,0.002293033758161666,-0.0047700827587167155,0.002630155985373185,11.229999542236328
2017-01-17,-0.0035296732093262656,0.010415029933800219,0.014257386660884261,11.869999885559082
2017-01-18,0.002207174064487772,-0.012891308115556933,-0.008495159639561354,12.479999542236328
2017-01-19,-0.003711375040780786,-0.006882251090146153,-0.0008709816243124942,12.779999732971191
2017-01-20,0.003667492837598853,-0.0019987097224316956,0.0024367465635149513,11.539999961853027
2017-01-23,-0.002605671354488045,0.009955064753408849,0.006411370524106662,11.770000457763672
2017-01-24,0.006391311791154941,-0.006875249040777273,-0.00450104004040464,11.069999694824219
2017-01-25,0.00861817156875795,-0.012630377165070483,-0.00827564253844338,10.8100004196167
2017-01-26,-0.0010458406952934102,0.003361163864887342,-0.00931545140516917,10.630000114440918
2017-01-27,-0.001570891935915763,0.003601334973755285,0.002028628943019752,10.579999923706055
2017-01-30,-0.006220981614804899,-0.0030138737029458454,0.004220558088409409,11.880000114440918
2017-01-31,-8.800145250795493e-05,0.006934825743585467,0.013768096552717091,11.989999771118164
2017-02-01,0.0003953632355075252,-0.006202374302581079,-0.003033641360264487,11.8100004196167
2017-02-02,0.0006586691566730757,-0.0004195455140160928,0.005540175253055282,11.930000305175781
2017-02-03,0.006869383355153896,-0.0004205522550815733,0.002500332582847749,10.970000267028809
2017-02-06,-0.0017893516742928225,0.006032217515016281,0.013428758731216857,11.369999885559082
2017-02-07,4.384841141693213e-05,0.007323907854658267,-0.002041146037959061,11.289999961853027
2017-02-08,0.0013095479164201142,0.013506909625149045,0.006195677380773958,11.449999809265137
2017-02-09,0.005915100231638147,-0.011601859455678886,-0.0076440113416854985,10.880000114440918
2017-02-10,0.003938072223970499,-0.0005794422549821987,0.0026395141502793757,10.850000381469727
2017-02-13,0.005428003835170966,-0.0031516854732799586,-0.00682592596717586,11.069999694824219
2017-02-14,0.003987570965238037,-0.007253306008578973,0.0011123712399388251,10.739999771118164
2017-02-15,0.005206437026385933,-0.004612878912188927,0.0044372173593291335,11.970000267028809
2017-02-16,-0.0008514526556990562,0.005449227688595727,0.005349691237603948,11.760000228881836
2017-02-17,0.0015748396120498812,0.00591865555009491,-0.0033932974726115484,11.489999771118164
2017-02-21,0.005937615809170627,-0.001747289494746503,0.0005946540100771037,11.569999694824219
2017-02-22,-0.0008882820223251712,0.0016639822804497297,0.0013579197505681978,11.739999771118164
2017-02-23,0.0006769183702267309,0.0029876513637991336,0.00869753215772035,11.710000038146973
2017-02-24,0.001267736271069764,0.011043970671123431,0.006369402264058673,11.470000267028809
2017-02-27,0.0015616368273895162,-0.005919149292192719,-0.004857175635850916,12.09000015258789
2017-02-28,-0.002702609336760262,0.0037033488100281266,0.0009230175401251751,12.920000076293945
2017-03-01,0.013900625877082318,-0.016898756293258398,-0.0014268817535848305,12.539999961853027
2017-03-02,-0.006317381418182624,-0.003605454951906943,-0.012508578672613836,11.8100004196167
2017-03-03,0.0006291636183793235,0.0026013670080007535,-0.0005955140219629334,10.960000038146973
2017-03-06,-0.002982189227235957,-0.004787906487473937,-0.006745539852068352,11.239999771118164
2017-03-07,-0.002991333000449322,-0.0030353346416818958,-0.008086086565359004,11.449999809265137
2017-03-08,-0.001858317402179773,-0.005418892961845747,-0.006238117890961693,11.859999656677246
2017-03-09,0.0012673175229372662,-0.008013472915052375,-0.005140919622256575,12.300000190734863
2017-03-10,0.003498092853859836,0.0035030125884087304,0.0021815968976861885,11.65999984741211
2017-03-13,0.0005047392069925812,-0.006331033738920172,0.00017429306368713733,11.350000381469727
2017-03-14,-0.003833917993616955,0.004794671574447428,-0.005418130142925278,12.300000190734863
2017-03-15,0.008616276816408752,0.012141474943953349,0.018492494054676123,11.630000114440918
2017-03-16,-0.0019690400165266464,-0.005076684550679897,0.004120559955210867,11.210000038146973
2017-03-17,-0.0017573130071714858,0.0062568770264008035,0.0022248383768926597,11.279999732971191
2017-03-20,-0.001097847097137196,0.00428966115515275,0.004435011725417898,11.34000015258789
2017-03-21,-0.012922591168447767,0.008274654778924303,0.008727009558066982,12.470000267028809
2017-03-22,0.0023501702757832686,0.003987517171608459,0.0024434516279076965,12.8100004196167
2017-03-23,-0.0010672054432526578,-0.0014105115263973159,-0.001347399463717088,13.119999885559082
2017-03-24,-0.0007270520849222833,0.0035640579184277824,0.0015998188263156232,12.960000038146973
2017-03-27,-0.0010265651332038446,0.004539110384649928,0.005621040603803889,12.5
2017-03-28,0.007250519957211297,-0.006692656776680375,-0.0041077969016607725,11.529999732971191
2017-03-29,0.0009343625778347018,0.0059508478807256855,0.0024332009503229184,11.420000076293945
2017-03-30,0.0031790761231000808,-0.008108632203583703,-0.007233005455458062,11.539999961853027
2017-03-31,-0.002330229305550485,0.0029035287353622956,0.002108015430704589,12.369999885559082
2017-04-03,-0.001740811193031747,0.010036028778694996,0.005292550298656713,12.380000114440918
2017-04-04,0.0006372519609694477,-0.005439119967120974,0.0022597345773738855,11.789999961853027
2017-04-05,-0.0029771480896353107,0.0030531782888481183,0.0,12.890000343322754
2017-04-06,0.0028072041094581875,-0.0014844839522809758,-0.003685116697841802,12.390000343322754
2017-04-07,-0.0010199715636231266,-0.004050931795299197,0.002346621760815808,12.869999885559082
2017-04-10,0.000594985216033503,0.004628299063765807,0.0,14.050000190734863
2017-04-11,-0.0011902497895652493,0.009438616501494348,0.014378002485395934,15.069999694824219
2017-04-12,-0.004391372785075096,0.005457985341887683,0.006825356086692966,15.770000457763672
2017-04-13,-0.006516334714096138,0.003082277593256705,0.0047420728437496,15.960000038146973
2017-04-17,0.008820961508460531,-0.0030822775932565693,-0.0029407031136137306,14.65999984741211
2017-04-18,-0.00298863976718591,0.012994996497177344,0.004733558474010278,14.420000076293945
2017-04-19,-0.0018403710275865855,-0.005467817020892558,-0.008914361418128501,14.930000305175781
2017-04-20,0.008106006575048482,-0.0038782262747347513,0.001887609614885789,14.149999618530273
2017-04-21,-0.0031916300217050353,0.0,0.002865670925194773,14.630000114440918
2017-04-24,0.010937428476947121,-0.0049495724134453085,-0.006809117727285548,10.84000015258789
2017-04-25,0.005801781646181796,-0.01211227382779907,-0.010176758825308857,10.760000228881836
2017-04-26,-0.0006288270701128597,0.005501053492201649,0.004894417227160271,10.850000381469727
2017-04-27,0.0008383728356266805,-0.0003274370637130992,-0.003730858335881937,10.359999656677246
2017-04-28,-0.002181543484857698,0.002209671322606599,0.003151414614046289,10.819999694824219
2017-05-01,0.0025169760708649864,-0.008348218852212094,-0.009149943206636764,10.109999656677246
2017-05-02,0.00037732855153393925,0.005107561710069097,-0.00016711217732273407,10.59000015258789
2017-05-03,-0.0012154200988955808,0.0006572169375982516,-0.014055680078894413,10.680000305175781
2017-05-04,0.0011733379555034316,-0.004939687828099748,-0.010137688898777003,10.460000038146973
2017-05-05,0.003929354730681229,0.0009075189890873165,0.0018819613581217375,10.569999694824219
2017-05-08,-0.0001672454921033223,-0.005456613193672777,-0.0022245229386793674,9.770000457763672
2017-05-09,-0.0009182927658660776,-8.250429619532508e-05,-0.006013737531638919,9.960000038146973
2017-05-10,0.0017944424839520003,-0.0011614019346192167,-8.619187440805963e-05,10.210000038146973
2017-05-11,-0.002044858635816032,0.0,0.003956305862795571,10.600000381469727
2017-05-12,-0.0016724199531769806,0.007524829967333459,0.0028286293961141936,10.399999618530273
2017-05-15,0.005508287131313474,-0.0027223773123156276,0.00264989304932151,10.420000076293945
2017-05-16,-0.0009160655627448461,0.003710476001795274,0.004344332691827055,10.649999618530273
2017-05-17,-0.017903538332441495,0.01446167625986502,0.018026089242991115,15.59000015258789
2017-05-18,0.00402053529639204,0.0011342423168360526,-0.008214659464641129,14.65999984741211
2017-05-19,0.006483204065327442,0.0023478621834342192,0.0049536558166890015,12.039999961853027
2017-05-22,0.005064302149030078,-0.0027525564674299543,0.004178861021674379,10.930000305175781
2017-05-23,0.0022104471058377135,-0.006750394810955624,-0.006358807682167539,10.720000267028809
2017-05-24,0.002330199767065168,0.0056151350529654,0.003937188086656905,10.020000457763672
2017-05-25,0.004768135335412893,0.00032458254721173325,-0.0010874337201151904,9.989999771118164
2017-05-26,-0.00020687931293771175,0.0017018546849867087,0.008832634206008617,9.8100004196167
2017-05-30,-0.0008691859085649757,0.0049280250947548645,-0.0033239313084347183,10.380000114440918
2017-05-31,-0.0002483527151821536,0.0024949759402434764,0.003987406451696997,10.40999984741211
2017-06-01,0.007920757302635292,0.00010495091540606206,0.0008286937780719529,9.890000343322754
2017-06-02,0.003323075680942314,0.011770804626226119,0.007345383440385594,9.75
2017-06-05,-0.0007375956785478629,-0.006228349953934878,0.0009862969865506888,10.069999694824219
2017-06-06,-0.003201946757613358,0.005431695672232818,0.011191515796581182,10.449999809265137
2017-06-07,0.001848622434267947,-0.004791337721906028,-0.005294262319270497,10.390000343322754
2017-06-08,0.0004923364314578192,-0.0026454907794344522,-0.006554676702975053,10.15999984741211
2017-06-09,-0.0015188707366696667,-0.0015260364823206102,-0.009166426122606205,10.699999809265137
2017-06-12,-0.00020562137383713628,-0.00032150555993264005,-0.0014943988172197275,11.460000038146973
2017-06-13,0.004877950080150021,0.00016127802861448835,0.0009965350816834196,10.420000076293945
2017-06-14,-0.0012684466723139765,0.01531819607235728,-0.005493177805750778,10.640000343322754
2017-06-15,-0.001926300773448963,-0.0015845778355601317,-0.00418165701990386,10.899999618530273
2017-06-16,0.00021869932740770808,0.001980369074354635,0.00016757431865917162,10.380000114440918
2017-06-19,0.008290790708184496,-0.001425582185179146,-0.00765446009733337,10.369999885559082
2017-06-20,-0.006766997977376927,0.00891646642037665,-0.0021131828104241023,10.859999656677246
2017-06-21,-0.0002472691670074912,0.002040421692257758,0.002872805881766109,10.75
2017-06-22,-0.0004526804305996557,0.002192565979165162,0.0033692883509404193,10.479999542236328
2017-06-23,0.0011936563594408284,-0.00046950775839823763,0.004279445503073095,10.020000457763672
2017-06-26,0.0006577288030753108,0.0037492927853727234,-0.00899959554685728,9.899999618530273
2017-06-27,-0.008088683593386091,-0.01073883189325684,0.003794725232620457,11.0600004196167
2017-06-28,0.008910398525709531,-0.003315409679170218,0.000757258608664271,10.029999732971191
2017-06-29,-0.008827608878808634,-0.008416785045272384,-0.004890000706728738,11.4399995803833
2017-06-30,0.0018628040252943827,-0.0023150153102164113,-0.002538742638049931,11.180000305175781
2017-07-03,0.0016940803367544901,-0.0032246612882427667,-0.01648835238074312,11.220000267028809
2017-07-05,0.0023094286545138065,0.0002408215863231919,0.0036971824767883434,11.069999694824219
2017-07-06,-0.009186678255259227,-0.008307729757852052,-0.0004291636859008885,12.539999961853027
2017-07-07,0.006464341464840921,-0.006012713932671587,-0.010269798493159019,11.1899995803833
2017-07-10,0.0010730622314847648,0.0014662723014928461,0.0016468254331296226,11.109999656677246
2017-07-11,-0.0007425774760453513,0.001707169938047659,0.0012982088742114774,10.890000343322754
2017-07-12,0.007486480775234284,0.0068806628236448685,0.0035397924292921755,10.300000190734863
2017-07-13,0.0016788934234719538,-0.006312147317000259,-0.0018115086761426493,9.899999618530273
2017-07-14,0.00465314414094915,0.0012168995981677046,0.008168900176639902,9.510000228881836
2017-07-17,-0.00012202214891861872,0.002752972736411443,0.004443348999716993,9.819999694824219
2017-07-18,0.0005293442123657331,0.008694824442437974,0.006966890452323186,9.890000343322754
2017-07-19,0.005399403310906172,0.00040090093081697893,-0.0002540224323477312,9.789999961853027
2017-07-20,0.00044514685761057576,0.002880610706132264,0.00135406277392805,9.579999923706055
2017-07-21,-0.00089077568171031,0.004225520116313845,0.008589562474350264,9.359999656677246
2017-07-24,-0.00024303789829564933,-0.0039058683698683806,0.0004191258176561492,9.430000305175781
2017-07-25,0.002428008136687967,-0.013104726936968078,-0.0032741446924645485,9.430000305175781
2017-07-26,4.034140721145179e-05,0.0016165085124314686,0.008040236804836134,9.600000381469727
2017-07-27,-0.0009298228073175612,-0.004940472985632992,-0.0007510021513585564,10.109999656677246
2017-07-28,-0.0011738501918006194,0.0059101992589509645,0.00748507747253413,10.289999961853027
2017-07-31,-0.0005672532573900002,0.0012095355417599484,0.0004969976741389874,10.260000228881836
2017-08-01,0.0022265148080131453,0.006996721344220767,-0.0008284878144892227,10.09000015258789
2017-08-02,0.00048468045822434885,0.0005615738622674232,-0.002074259170059369,10.279999732971191
2017-08-03,-0.0019414092566732387,0.010290796916184387,0.0015767861990997622,10.4399995803833
2017-08-04,0.0018202434689589474,-0.008528179863049525,-0.007825504639997654,10.029999732971191
2017-08-07,0.0018577005438083479,0.0011201492954099625,-0.0011707593535363761,9.930000305175781
2017-08-08,-0.002464033083946604,-0.0036046016299576406,0.0029243323685439523,10.960000038146973
2017-08-09,-4.0581614572351095e-05,0.005441309268015503,0.012024832535234332,11.109999656677246
2017-08-10,-0.014215675828141846,0.008503338999653469,0.007391636301004261,16.040000915527344
2017-08-11,0.0014756948275236829,0.0004748241722191114,0.004734717669981235,15.510000228881836
2017-08-14,0.009864412845282021,-0.005154631434812721,-0.007110509708619983,12.329999923706055
2017-08-15,-0.00012182121668289289,-0.004222044543057579,-0.007739806493235807,12.039999961853027
2017-08-16,0.0017430093311400087,0.003665171449031595,0.007329654945785988,11.739999771118164
2017-08-17,-0.015713693300118747,0.007450086250187516,0.005074451187161252,15.550000190734863
2017-08-18,-0.0015643431362498883,-0.0002366631098587423,-0.0015523089133794997,14.260000228881836
2017-08-21,0.0007823693249894252,0.0024451037458852773,0.003754179507042542,13.1899995803833
2017-08-22,0.010402772504196025,-0.003867572342916245,-0.004490378194735464,11.350000381469727
2017-08-23,-0.00359183277780656,0.006778597206679853,0.003756939159508119,12.25
2017-08-24,-0.0023335580558905265,-0.0036990454533973854,-0.003102527430184758,12.229999542236328
2017-08-25,0.0023335580558904727,0.0038558565193502784,0.0036729988686282277,11.279999732971191
2017-08-28,4.0956368441840275e-05,-0.0006284659693587503,0.015762397031869272,11.319999694824219
2017-08-29,0.0011439522525078928,0.0032172374277590647,-0.002167752218151974,11.699999809265137
2017-08-30,0.004726569469728444,-0.0003136771883621387,-0.0004823342716563527,11.220000267028809
2017-08-31,0.005998020587716594,0.002973336707857389,0.011671721617894353,10.59000015258789
2017-09-01,0.0014131265852424888,-0.007678272939456222,0.0019056530015576626,10.130000114440918
2017-09-05,-0.007207802374534685,0.015733562365510895,0.011044617985341777,12.229999542236328
2017-09-06,0.0034076414825056378,-0.006154623117939975,-0.005112698708954078,11.630000114440918
2017-09-07,-0.00012121800633493388,0.010184816853285919,0.010355527635419215,11.550000190734863
2017-09-08,-0.0011756332998148881,-0.0021680219160965255,-0.0012495406412696415,12.119999885559082
2017-09-11,0.010609904975339042,-0.012009753495339962,-0.014007143976598416,10.729999542236328
2017-09-12,0.003364500772350521,-0.005270670752627826,0.0029277577169540335,10.579999923706055
2017-09-13,0.00047981022476569933,-0.003950890912822303,-0.007534611170577271,10.5
2017-09-14,-0.0003197312016874136,0.004108777491811573,0.004369098124020519,10.4399995803833
2017-09-15,0.0013453033239866335,0.0003941850536313769,-0.005006207576558888,10.170000076293945
2017-09-18,0.0021246828295498235,-0.005770956237737126,-0.009364174007229185,10.149999618530273
2017-09-19,0.0010004600020912641,-0.0024609886600114664,0.002088539057238403,10.180000305175781
2017-09-20,0.0003600461449941973,0.0007152644552224267,-0.008056762706663206,9.779999732971191
2017-09-21,-0.002682969223758534,-0.0005558510898743676,-0.007633024715442955,9.670000076293945
2017-09-22,0.00020022739079772288,0.002856380463988138,0.0045543146609353605,9.59000015258789
2017-09-25,-0.002046288866692112,0.006240597131492656,0.01041298453601274,10.210000038146973
2017-09-26,0.000602230959842127,-0.0018129716134749861,-0.011224726404076811,10.170000076293945
2017-09-27,0.0038869403847941234,-0.015182339678349052,-0.009464790137827282,9.869999885559082
2017-09-28,0.0011989878013616078,-0.002967917412127938,0.0018837445698112896,9.550000190734863
2017-09-29,0.0035087418866448,0.0022465781549794056,-0.0051683715774128456,9.510000228881836
2017-10-02,0.004329391586373938,-0.0018331253463625128,-0.006684614889873803,9.449999809265137
2017-10-03,0.002137909847382196,0.0009650489176910086,0.0004967317019956395,9.510000228881836
2017-10-04,0.0011857403882590913,8.096483200042723e-05,0.0028098889387879367,9.630000114440918
2017-10-05,0.005907635060268959,-0.0037850736922365323,-0.005378816723625571,9.1899995803833
2017-10-06,-0.001139568026147401,-0.00282823575518635,0.0047183541150492775,9.649999618530273
2017-10-09,-0.0016525394924174438,0.0031506694191755402,0.008142542011554031,10.329999923706055
2017-10-10,0.0026349250331053602,0.001611628518755029,0.002617800009600174,10.079999923706055
2017-10-11,0.0015699625730097246,0.0019308757996319567,0.0031812040839063376,9.850000381469727
2017-10-12,-0.0014913340272555452,0.004250939987199116,0.0008140547013934963,9.90999984741211
2017-10-13,0.0012166881360961594,0.007177101397147358,0.007539254296557061,9.609999656677246
2017-10-16,0.001332683763099648,-0.0007155512049015874,-0.006888462515220647,9.90999984741211
2017-10-17,0.0007048281220846688,0.0012713168902966727,-0.006854404417199568,10.3100004196167
2017-10-18,0.0009780893978387991,-0.006612945335895933,-0.0037735819439878113,10.069999694824219
2017-10-19,0.00027354654214083933,0.0017568702913229746,0.005900215657301968,10.050000190734863
2017-10-20,0.005147298833155697,-0.010670236343555437,-0.006393454395473306,9.970000267028809
2017-10-23,-0.0038970234174082793,0.001773133946976219,0.0015611723194451613,11.069999694824219
2017-10-24,0.0017556420223134685,-0.006219418345106021,-0.0038662591759729935,11.15999984741211
2017-10-25,-0.004962381500125242,-0.004791383665892101,0.0001647984431062872,11.229999542236328
2017-10-26,0.001291782918938733,-0.0033432930102046026,-0.008440935931398883,11.300000190734863
2017-10-27,0.008142722294242625,0.006594428740861365,0.0047257865747334146,9.800000190734863
2017-10-30,-0.0037321661886594837,0.009529036651752155,0.0019005561122998722,10.5
2017-10-31,0.0015570164694125837,0.00032189313441593164,-0.0038047944426046506,10.180000305175781
2017-11-01,0.0013214252158390235,0.004442231057614634,0.0036396966611634005,10.199999809265137
2017-11-02,0.0003880916009830846,0.0043992789633673654,0.0006603535530684753,9.930000305175781
2017-11-03,0.0033331648853047935,0.0027099859056253207,-0.0047144513322975885,9.140000343322754
2017-11-06,0.0015465804323844916,0.003733849411474866,0.008502950979344039,9.399999618530273
2017-11-07,-0.0006956887880452571,0.0041935976853758675,-0.0036235108435323914,9.890000343322754
2017-11-08,0.0016995470654008744,-0.002213026153955684,0.003459056119704665,9.779999732971191
2017-11-09,-0.0036343417243850846,-0.0028531286511622174,0.004102401645100611,10.5
2017-11-10,-0.00030984461641751825,-0.015194183593850961,-0.008221702339946372,11.289999961853027
2017-11-13,0.0009293134388613354,0.002092741665902788,0.0014849063034307734,11.5
2017-11-14,-0.002325344359076326,0.006732014798748852,0.002058715307154061,11.59000015258789
2017-11-15,-0.0050176655155707356,0.010803733576821763,-0.001234670245587114,13.130000114440918
2017-11-16,0.008464984186938205,-0.008729127549610019,-8.238652462762423e-05,11.760000228881836
2017-11-17,-0.0029430147229618816,0.00738509396070126,0.011954609509226865,11.430000305175781
2017-11-20,0.0017048812868413292,-0.0003956299564130265,-0.012696268046166224,10.649999618530273
2017-11-21,0.006521552265689382,0.003161124952677752,0.001647348843739489,9.729999542236328
2017-11-22,-0.0008850732975877396,0.0032296821998298903,0.009175087875408043,9.880000114440918
2017-11-24,0.0023070589642579216,-0.002756029839632027,-0.0025311102507151856,9.670000076293945
2017-11-27,-0.0004993264819576989,-0.0014209410538113532,0.004160741332319787,9.869999885559082
2017-11-28,0.010093857264520962,0.0013417467543823218,-0.00016287471547679085,10.029999732971191
2017-11-29,-0.000608899358164074,-0.009907969922191511,-0.006289558392421287,10.699999809265137
2017-11-30,0.00871678709519747,-0.0033510334505195078,-0.007732229391441411,11.279999732971191
2017-12-01,-0.0020773480875036746,0.013404149877014366,0.0040380612309282235,11.430000305175781
2017-12-04,-0.0012110390554293418,0.00047400868001357946,-0.003377653154607993,11.680000305175781
2017-12-05,-0.003603077851399064,0.004963763033354032,-0.007122188370048705,11.329999923706055
2017-12-06,0.00018992832464022642,0.0034520166161724378,-0.002079954164184071,11.020000457763672
2017-12-07,0.003148251510780554,-0.00786273489247459,-0.013246352701112026,10.15999984741211
2017-12-08,0.005438320409852617,7.871940799723432e-05,-8.43525069872456e-05,9.579999923706055
2017-12-11,0.0030081221606251107,-0.0020539287254902083,-0.003974813553107367,9.34000015258789
2017-12-12,0.001763440888407807,-0.0003958475582099056,0.0011856318079057743,9.920000076293945
2017-12-13,-0.00011234905556957253,0.007489268145095047,0.008596013189973703,10.180000305175781
2017-12-14,-0.00409464487246968,0.004231525589738089,-0.002015942432484809,10.489999771118164
2017-12-15,0.008293135418754313,0.0037465587076457754,0.00209987057429634,9.420000076293945
2017-12-18,0.0063211062648380395,-0.009157009992598171,0.004604277886820867,9.529999732971191
2017-12-19,-0.0038478091955756956,-0.013058668906272755,0.0007513783425439744,10.029999732971191
2017-12-20,-0.0005242419503425211,-0.011134668849118304,0.0026671102328525206,9.720000267028809
2017-12-21,0.002057419927717948,0.005810985087056097,0.0014140004111240193,9.619999885559082
2017-12-22,-0.00026139342411967857,0.0013634903678957908,0.005222850279184247,9.899999618530273
2017-12-26,-0.0011971655416726879,0.0029611721912647824,0.006839416919106556,10.25
2017-12-27,0.00048676861529369604,0.01294108999635143,0.003770551302149118,10.470000267028809
2017-12-28,0.0020551898361968776,-0.0008676174861476444,0.0050595432932777126,10.180000305175781
2017-12-29,-0.0037777175805665253,0.0015776053782193867,0.006490919761210391,11.039999961853027
2018-01-02,0.007132034782111841,-0.010858239132395255,0.012058023762451863,9.770000457763672
2018-01-03,0.006304976945212023,0.004769935846691805,-0.0026403330092135157,9.149999618530273
2018-01-04,0.004206212724242714,-0.00015839681915294824,0.005114278310262769,9.220000267028809
2018-01-05,0.00664158042871354,-0.002860052857348105,-0.001036702137934486,9.220000267028809
2018-01-08,0.0018273812242887556,-0.0006359618972420977,-0.0001596255390370604,9.520000457763672
2018-01-09,0.002260486288884206,-0.013462972615513352,-0.004639219643041588,10.079999923706055
2018-01-10,-0.0015307081100012746,-0.0012112673824266386,0.002402270692406848,9.819999694824219
2018-01-11,0.007269266732306155,0.004111326643208367,0.003273877321212141,9.880000114440918
2018-01-12,0.006498462311154979,0.001687948262005786,0.012044492942167013,10.15999984741211
2018-01-16,-0.0034243279102745077,0.0041671140456726605,0.001652690627169873,11.65999984741211
2018-01-17,0.009486208385030578,-0.0013601572428428913,-0.008132363237354055,11.90999984741211
2018-01-18,-0.0016821535079610834,-0.009333697004596063,-0.002222213448585594,12.220000267028809
2018-01-19,0.004539503418163016,-0.00526767282331312,0.0044394996120163946,11.270000457763672
2018-01-22,0.008097997500018266,0.0009747990670784397,0.0018177059354296304,11.029999732971191
2018-01-23,0.0021205516771766885,0.004292873756234746,0.004961985943158681,11.100000381469727
2018-01-24,-0.00038897720511760485,-0.005430284108070074,0.012104345577545294,11.470000267028809
2018-01-25,0.00042373601690829716,0.008175454431222397,-0.006697849027902464,11.579999923706055
2018-01-26,0.011511217432625658,-0.003715400767051222,0.0007811756386790387,11.079999923706055
2018-01-29,-0.0066517543941846625,-0.006982616850352142,-0.005637857183470335,13.84000015258789
2018-01-30,-0.010310279649123755,-0.0058841062219481865,-0.004328123373076199,14.789999961853027
2018-01-31,0.000496842214163819,0.005884106221948175,0.00668108957049156,13.539999961853027
2018-02-01,-0.0011360198737307165,-0.014599105051524001,0.0032848909860550284,13.470000267028809
2018-02-02,-0.02201004000582849,-0.009322176390273192,-0.013204686797240324,17.309999465942383
2018-02-05,-0.0427224016758984,0.009405089096101707,0.0025286437555192493,37.31999969482422
2018-02-06,0.01951073165485414,-0.006232223612693462,-0.01055189964568088,29.979999542236328
2018-02-07,-0.005439621752859247,-0.00954847145984651,-0.004716772083453344,27.729999542236328
2018-02-08,-0.038230577206985646,-0.0010949954400303315,0.001521419504394612,33.459999084472656
2018-02-09,0.014909873015275266,-0.006339525247162036,-0.0016817358427458674,29.059999465942383
2018-02-12,0.014577870970092785,0.004399659167457146,0.0047973715177869495,25.610000610351562
2018-02-13,0.002484189448214025,0.004464011975673164,0.005647253596785453,24.969999313354492
2018-02-14,0.013405762126124095,-0.011155050202483488,0.0169088525197643,19.260000228881836
2018-02-15,0.012679588121594289,0.003393497785396481,0.0011691607653979673,19.1299991607666
2018-02-16,0.00029292684726536826,0.005405789228360855,-0.0032769459911664296,19.459999084472656
2018-02-20,-0.0062807595179631024,-0.004390046683692862,-0.013532867750937797,20.600000381469727
2018-02-21,-0.004986720050946359,-0.012344421144864942,-0.004604964057785746,20.020000457763672
2018-02-22,0.0012951599608303404,0.002994038656385408,0.005080177401414419,18.719999313354492
2018-02-23,0.01581360326140185,0.00884292584752707,-0.0012676571223934087,16.489999771118164
2018-02-26,0.01154557129973844,0.00033816985637596226,0.0024545525850455277,15.800000190734863
2018-02-27,-0.012565277540984066,-0.0014395648078840103,-0.010493774054732095,18.59000015258789
2018-02-28,-0.010181843527352697,0.00633598461823312,-0.0010394376248337527,19.850000381469727
2018-03-01,-0.014647196525413802,0.006802813377561307,-0.0022425027652310265,22.469999313354492
2018-03-02,0.005141529352593769,-0.008162654267112114,0.005357640797750738,19.59000015258789
2018-03-05,0.011491828076481126,-0.0027071435596588644,-0.0016761714003699012,18.729999542236328
2018-03-06,0.0025317250267316875,0.0009311325642023618,0.010726720619181963,18.360000610351562
2018-03-07,-0.00036670304984460253,-0.0011006337700113571,-0.006422202914569186,17.760000228881836
2018-03-08,0.004827649561031164,0.005745524596138971,-0.002389131123572836,16.540000915527344
2018-03-09,0.017252732593408995,-0.006593380246859362,0.000956349666608725,14.640000343322754
2018-03-12,-0.0012559220951362305,0.005750708605254493,0.0,15.779999732971191
2018-03-13,-0.006483981252751139,0.005046379973106101,0.001909899228192024,16.350000381469727
2018-03-14,-0.005144739609174329,0.008770907676405992,-0.0006362480921955626,17.229999542236328
2018-03-15,-0.0010902034217930828,0.0,-0.0063846619697597,16.59000015258789
2018-03-16,0.001083717255887631,-0.0035824011337525774,-0.002404835241203122,15.800000190734863
2018-03-19,-0.013622680705913518,-0.003176886246785878,0.0021646240154515875,19.020000457763672
2018-03-20,0.0016990939905876963,-0.004027214473237644,-0.0044947919586221805,18.200000762939453
2018-03-21,-0.0019209501422039832,0.00109234505532116,0.017305793278474,17.860000610351562
2018-03-22,-0.025314852852864847,0.009860594706737185,-0.0039610286020946425,23.34000015258789
2018-03-23,-0.02154493902753814,-0.0007483881190550231,0.01285555168848731,24.8700008392334
2018-03-26,0.02699141675825688,-0.0038354025323245177,0.005236622780197456,21.030000686645508
2018-03-27,-0.017158156820808883,0.010635360378363675,-0.006177451915059315,22.5
2018-03-28,-0.0029589310041813776,0.0026413195132524584,-0.013901136089334824,22.8700008392334
2018-03-29,0.01269670120089096,0.004852211688813074,0.0004770798243684067,19.969999313354492
2018-04-02,-0.021821060776330486,0.001970960483820601,0.01161839746199109,23.6200008392334
2018-04-03,0.012735663206539695,-0.007742267638594525,-0.0075722010717776825,21.100000381469727
2018-04-04,0.010642194573083753,-0.002069507228077707,0.0011868954626521053,20.059999465942383
2018-04-05,0.007860881682790479,-0.007485328899276336,-0.005153580456720969,18.940000534057617
2018-04-06,-0.022538056376236074,0.01087687049119234,0.004678991304775993,21.489999771118164
2018-04-09,0.004916454159724403,0.00165034618904903,0.0033963960355940744,21.770000457763672
2018-04-10,0.015775339562858464,-0.0018155148472008206,0.002362787969159084,20.469999313354492
2018-04-11,-0.00525611317718903,0.003545009505633604,0.007757730797944395,20.239999771118164
2018-04-12,0.008193552455558006,-0.007351676460700535,-0.011698777825105413,18.489999771118164
2018-04-13,-0.0029374392783690475,0.0023186024420671185,0.00653361006986455,17.40999984741211
2018-04-16,0.008187914289209439,0.00033119880731327867,0.0014113245973425364,16.559999465942383
2018-04-17,0.010641897732500108,0.0027242737710160454,0.000939797609092718,15.25
2018-04-18,0.0007397086751502663,-0.008030517303483116,0.0007824607184664891,15.600000381469727
2018-04-19,-0.005563157119578987,-0.008179616456852478,-0.001957330849889553,15.960000038146973
2018-04-20,-0.008515139261727771,-0.007233709279824244,-0.007630932179694891,16.8799991607666
2018-04-23,-0.00015007273244516684,0.0002530999591798943,-0.008007927882251619,16.34000015258789
2018-04-24,-0.013558906794912097,-0.004567257509550204,0.004844167468111617,18.020000457763672
2018-04-25,0.002468305343868245,-0.006720662123819141,-0.006517267321502421,17.84000015258789
2018-04-26,0.0101144820783076,0.006974774831904352,-0.0035146807713917604,16.239999771118164
2018-04-27,0.0009385490871486279,0.007683722949972651,0.0042320403061771,15.40999984741211
2018-04-30,-0.007720312667690534,0.0017647641758727062,-0.00727744165435215,15.930000305175781
2018-05-01,0.0017752038143056276,-0.003607972555173654,-0.007088207443339079,15.489999771118164
2018-05-02,-0.006739945375926824,-0.0010985508815772877,-0.00048510316641562344,15.970000267028809
2018-05-03,-0.0022064159310804044,0.004470202600325169,0.005082068394914099,15.899999618530273
2018-05-04,0.012863561577860286,0.0015143555619518579,0.0020898820929316714,14.770000457763672
2018-05-07,0.003377350927048305,-0.0015980608786430276,0.00024084765259023235,14.75
2018-05-08,0.0,-0.0009261450652970905,0.0001605124693187213,14.710000038146973
2018-05-09,0.009619467008661368,-0.006000053785277157,-0.002088981225264128,13.420000076293945
2018-05-10,0.00930750823716935,0.00801986356741307,0.006813368242228766,13.229999542236328
2018-05-11,0.0030463301282790743,0.0025192797904290405,-0.0014389666321499815,12.649999618530273
2018-05-14,0.0004765434971231285,-0.0052978136025184025,-0.0040883630684626394,12.930000305175781
2018-05-15,-0.006910996941859426,-0.011448525268742378,-0.016277595476396185,14.630000114440918
2018-05-16,0.004196434389211266,-0.003845077774436369,-0.0015524980696371136,13.420000076293945
2018-05-17,-0.000845446006603117,-0.005063996881305533,0.0005722435830601718,13.430000305175781
2018-05-18,-0.0025025784699177524,0.008568202258565399,0.00040857173330558584,13.420000076293945
2018-05-21,0.007490035341355879,0.0005117960602415859,0.0005716827532715196,13.079999923706055
2018-05-22,-0.0027838401525453606,-0.0015360110131098783,-0.0005716827532715781,13.220000267028809
2018-05-23,0.002747330761132026,0.007233032737803322,0.0010614187645907496,12.579999923706055
2018-05-24,-0.002050770437113685,0.00793860255757326,0.00853209120176816,12.529999732971191
2018-05-25,-0.0023854891662579663,0.006206123654012638,-0.0030793967645780895,13.220000267028809
2018-05-29,-0.011567499854844206,0.021665804548524795,-0.00016231041385129715,17.020000457763672
2018-05-30,0.013256428697083962,-0.006730864358394586,0.001460093554237964,14.9399995803833
2018-05-31,-0.0061451477651728965,-0.0016482458903448996,-0.0021909715513725716,15.430000305175781
2018-06-01,0.009769724678883767,-0.0052979299146793035,-0.004967644235411557,13.460000038146973
2018-06-04,0.004740735889350123,-0.007258116668576873,-0.0009801121170807511,12.739999771118164
2018-06-05,0.0007272905458776367,0.002341741721910664,0.003914822104047846,12.399999618530273
2018-06-06,0.008325575805286613,-0.00813615690132206,0.0005696358194504353,11.640000343322754
2018-06-07,-0.00010800308133644531,0.00963876280814821,-0.0004882216623280107,12.130000114440918
2018-06-08,0.002951659889421039,-0.003007393070301483,0.0012201695433653895,12.180000305175781
2018-06-11,0.0013294514298142035,-0.0018421935118302286,0.0017868849442266759,12.350000381469727
2018-06-12,0.0012912856564414276,0.0002515246290717113,-0.003332688774722517,12.34000015258789
2018-06-13,-0.0031957900843378414,-0.0005030324050844387,0.003008032375587246,12.9399995803833
2018-06-14,0.002514580643755294,0.008265584563061364,0.0015411027282310494,12.119999885559082
2018-06-15,-0.0012764728637057316,0.0009137716935185061,-0.016672509186741995,11.979999542236328
2018-06-18,-0.0020589785194381183,-0.0009137716935185742,-0.0018972637609840908,12.3100004196167
2018-06-19,-0.003840413646314453,0.005803168255187737,-0.0025629178089953803,13.350000381469727
2018-06-20,0.0017047473991337306,-0.008800965532206327,-0.0044802273887545,12.789999961853027
2018-06-21,-0.006288567880590893,0.005240341644825837,-0.0017477352868705306,14.640000343322754
2018-06-22,0.001821697345915454,-8.342283582846417e-05,0.0024126912728642744,13.770000457763672
2018-06-25,-0.013706667539877431,0.002237713072907092,-0.003746388732216758,17.329999923706055
2018-06-26,0.0022118172269254186,0.0014063336503018292,-0.0052686490212925504,15.920000076293945
2018-06-27,-0.00831864008950048,0.009379807412705325,-0.005718147886604777,17.90999984741211
2018-06-28,0.0057010964362093925,0.0002460708893806357,-0.003040547998821346,16.850000381469727
2018-06-29,0.0014385546473926999,-0.003445017892041594,0.0036306900201949913,16.09000015258789
2018-07-02,0.0021356224379528665,-0.0007825160815677111,-0.010080153442110952,15.600000381469727
2018-07-03,-0.0035373091362772397,0.005342077646636585,0.010080153442110855,16.139999389648438
2018-07-05,0.008124787126689988,0.0028648883979045052,0.0033656028250155126,14.970000267028809
2018-07-06,0.008422806298721459,0.00326381762289439,-0.0015972634935638506,13.369999885559082
2018-07-09,0.008964093170415074,-0.006456683037670993,0.002436881277559937,12.6899995803833
2018-07-10,0.0035916722450362467,-8.203061513839949e-05,-0.0018481290459546572,12.640000343322754
2018-07-11,-0.0073414443582283904,0.003846625248137568,-0.010905978807671088,13.630000114440918
2018-07-12,0.009025303962112067,-8.180027928840029e-05,0.0041565812124297165,12.579999923706055
2018-07-13,0.0007870411467945219,0.0025295939249579385,-0.004411618657356192,12.180000305175781
2018-07-16,-0.0008944185432174065,-0.0041646651797307786,-0.0005102701051305093,12.829999923706055
2018-07-17,0.00403720014602454,-0.001883760235807282,-0.010862735754725461,12.0600004196167
2018-07-18,0.002101252965150681,-0.004025359927751089,0.00025795416772476286,12.100000381469727
2018-07-19,-0.0037786869207063027,0.00631817768412978,-0.004308123245285948,12.869999885559082
2018-07-20,-0.001143415030800881,-0.01234431450731495,0.006455244826308788,12.859999656677246
2018-07-23,0.0018578922080826619,-0.012416081773138975,-0.004815949835095058,12.619999885559082
2018-07-24,0.005019267156251874,0.0034319543734264153,0.00034477603659500224,12.40999984741211
2018-07-25,0.008486452761916086,-0.0015889925300923617,0.00550018047205447,12.289999961853027
2018-07-26,-0.002362202530542395,-0.0019262829091147632,-0.00782971239395345,12.140000343322754
2018-07-27,-0.006799048390760643,0.0016755617452151382,0.0005181795313150905,13.029999732971191
2018-07-30,-0.005237430346675515,-0.0034380445539211974,-0.001555212880989931,14.260000228881836
2018-07-31,0.004917549713917418,0.005444446122784114,0.0029355602050311473,12.829999923706055
2018-08-01,-0.0016723018345090738,-0.008179672935865977,-0.007355188129705078,13.149999618530273
2018-08-02,0.005433096354415051,0.0014338427577636234,-0.0053993230298752665,12.1899995803833
2018-08-03,0.004275633801017931,0.0049614968267620895,0.003486767260953241,11.640000343322754
2018-08-06,0.00366015283718457,0.0005867028787993625,-0.005147198608389075,11.270000457763672
2018-08-07,0.0032967835362956183,-0.005210887675024078,0.002271488910587502,10.930000305175781
2018-08-08,-0.0004199947923623983,0.0010106932291063222,0.002788736658924094,10.850000381469727
2018-08-09,-0.0013671673989157976,0.008382582717347672,-0.0014805645831976347,11.270000457763672
2018-08-10,-0.006722496478524115,0.007237013682867013,-0.00043582289228197795,13.15999984741211
2018-08-13,-0.003750548937022601,-0.0020742444588511644,-0.015199092023381782,14.779999732971191
2018-08-14,0.0063602318852826936,-0.0022451855624801374,0.000973327608104041,13.3100004196167
2018-08-15,-0.0074954961024428874,0.005809990183197814,-0.016766621575930757,14.640000343322754
2018-08-16,0.008058990011943061,-8.28425124938846e-05,-0.0008097887609237462,13.449999809265137
2018-08-17,0.0035141636917021143,0.0012407378633227358,0.009228205066865915,12.640000343322754
2018-08-20,0.002137860410183273,0.006672965306953757,0.0049818196508907165,12.489999771118164
2018-08-21,0.002342597505513038,-0.003372307817501471,0.0029240568705197916,12.859999656677246
2018-08-22,-0.0005940853286159756,0.003946633821359528,0.0022095550764809732,12.25
2018-08-23,-0.0013284652351985542,0.0015584604781427132,-0.009491353686729823,12.40999984741211
2018-08-24,0.006000088763357261,0.0019640024470176615,0.017318039357996126,11.989999771118164
2018-08-27,0.007864662017798391,-0.005740591152772596,0.0037595032326643405,12.15999984741211
2018-08-28,0.0004832273130505147,-0.006021708920212499,-0.007973022006627225,12.5
2018-08-29,0.00536596356948759,0.0013233853210316505,0.0045637840256251986,12.25
2018-08-30,-0.004056469862460544,0.002146027479570825,-0.004915718883921124,13.529999732971191
2018-08-31,3.4343721680871163e-05,-0.002311394219616557,-0.0011445940280617694,12.859999656677246
2018-09-04,-0.0017238522590779716,-0.005798329293329354,-0.005122797149079999,13.15999984741211
2018-09-05,-0.002695200254374722,-0.0026697806185659247,0.003447511831347845,13.90999984741211
2018-09-06,-0.0030143069167626393,0.0036685209512082157,0.0019395335367870974,14.649999618530273
2018-09-07,-0.001945062497349921,-0.008525123157837699,-0.0027340278330774677,14.880000114440918
2018-09-10,0.0017367287406692563,0.003686347953666559,-0.000706792407982718,14.15999984741211
2018-09-11,0.003292104520809698,-0.007639617431989609,0.0006184538252070439,13.220000267028809
2018-09-12,0.00024237200248704158,0.0023566589488446177,0.008355710260063364,13.140000343322754
2018-09-13,0.005896904608571579,0.0015122098509553327,-0.0035975648169408914,12.369999885559082
2018-09-14,0.0001718666985316393,-0.004796063439843369,-0.006526220333750846,12.069999694824219
2018-09-17,-0.005308499308031149,0.0,0.005206771454576303,13.680000305175781
2018-09-18,0.0054119124194520855,-0.010515153691832639,-0.0014974516487718237,12.789999961853027
2018-09-19,0.0010647102393281614,-0.005984876283572259,0.0038711539862427546,11.75
2018-09-20,0.00807107699511834,0.004620167866522058,0.0034188014897895418,11.800000190734863
2018-09-21,-0.0009136062821617226,-0.0004271829803932854,-0.0068493312914384265,11.680000305175781
2018-09-24,-0.0033278045488937405,-0.0025651489118707483,-0.00017621292914007548,12.199999809265137
2018-09-25,-0.000928085341275321,-0.001027725790900284,0.0015850681638403528,12.420000076293945
2018-09-26,-0.002996973441997736,0.007003462232207359,-0.005293338005935142,12.890000343322754
2018-09-27,0.002790131201202384,0.0006803524412017186,-0.008884998236125718,12.40999984741211
2018-09-28,0.00010383850461156829,-0.0026404761501144926,0.0063164577082286105,12.119999885559082
2018-10-01,0.0034680329100847482,-0.00736805224681458,-0.0016864375351172442,12.0
2018-10-02,-0.000582766259752611,0.006094401087900216,0.011482223287117932,12.050000190734863
2018-10-03,0.0005485090935488585,-0.017524076544323017,-0.003959744500981412,11.609999656677246
2018-10-04,-0.007846752526850674,-0.007078767552585811,0.0005289130805079614,14.220000267028809
2018-10-05,-0.00561298204764654,-0.008631674970919786,0.0028159089867124108,14.819999694824219
2018-10-08,0.0,-0.0033675369153474124,-0.011133826368821452,15.6899995803833
2018-10-09,-0.001459982565573039,0.010068030415796257,0.0005329800140063239,15.949999809265137
2018-10-10,-0.03217546561841196,-0.0027278139189558575,0.0024835810584159217,22.959999084472656
2018-10-11,-0.02227232317730094,0.012086410357311471,0.025366544894876334,24.979999542236328
2018-10-12,0.013792583145776199,-0.0034884805269204356,-0.0047616679491750925,21.309999465942383
2018-10-15,-0.005632899787895434,-0.00043712395651475513,0.006660030947980057,21.299999237060547
2018-10-16,0.02163015032882108,0.002269953102597202,-0.0017255996137757622,17.6200008392334
2018-10-17,0.00017824905712038574,-0.00594699776379307,-8.637796161615032e-05,17.399999618530273
2018-10-18,-0.014546322745735486,-0.0003513086282398737,0.001122068685606197,20.059999465942383
2018-10-19,-0.0005428673337351242,-0.0021960011229987778,0.0007761304849288288,19.889999389648438
2018-10-22,-0.004498678628960172,-0.0013201360566785247,-0.0025893597255193914,19.639999389648438
2018-10-23,-0.0051036791208349626,0.0031655366344385985,0.005859562733875961,20.709999084472656
2018-10-24,-0.030767255241398846,0.0075205702455895,0.0023171370069294235,25.229999542236328
2018-10-25,0.01778150924511876,-0.004190466474802996,-0.002231204310531111,24.219999313354492
2018-10-26,-0.017743778958552135,0.0060183499665766894,0.0031736109331066205,24.15999984741211
2018-10-29,-0.005555588708042283,-0.002263826589654643,-0.003947139978932357,24.700000762939453
2018-10-30,0.014709774016890297,-0.004980044011624447,-0.004394427867848015,23.350000381469727
2018-10-31,0.01062412581222451,-0.005094039825936041,-0.005628951974666804,21.229999542236328
2018-11-01,0.010585706888045767,0.0009264320082141269,0.01277086763550321,19.34000015258789
2018-11-02,-0.005940807429771965,-0.012511109987693201,0.0001715043948444399,19.510000228881836
2018-11-05,0.005501872451435023,0.00392123103385134,-0.0024032178261358607,19.959999084472656
2018-11-06,0.006307960231124161,-0.0006227988805636486,-0.002839826579174042,19.90999984741211
2018-11-07,0.021182787149887895,0.001334070404542894,-8.61993040877103e-05,16.360000610351562
2018-11-08,-0.0018162963097191028,-8.869229515861968e-05,-0.002156939731312277,16.719999313354492
2018-11-09,-0.009816029361534655,0.007437955555568947,-0.011291663536045476,17.360000610351562
2018-11-12,-0.018862413218830674,0.006507254005872756,-0.007188596482678694,20.450000762939453
2018-11-13,-0.0018725267457336044,-0.0006137890788278003,0.00035180582721631255,20.020000457763672
2018-11-14,-0.006860409202867898,0.0006137890788276893,0.008233404279793029,21.25
2018-11-15,0.010382675219704743,-0.0004379324818874974,0.0011333182475063862,19.979999542236328
2018-11-16,0.0025973387778470097,0.005770085359636385,0.0073788789662288,18.139999389648438
2018-11-19,-0.01705946715206745,0.002786711016255036,0.0004323180677422659,20.100000381469727
2018-11-20,-0.018679380008583796,0.0003472288287220969,0.0,22.479999542236328
2018-11-21,0.003401667645602074,-0.0003472288287221088,0.001641277459165227,20.799999237060547
2018-11-23,-0.006701051628331861,0.0010425561041026061,-0.0007771357154266267,21.520000457763672
2018-11-26,0.01601560079764915,-0.0022604936819399656,-0.0011235233509469095,18.899999618530273
2018-11-27,0.0033586297567493304,0.0011307623194843452,-0.005984687209490868,19.020000457763672
2018-11-28,0.022764287624432472,-0.00488118501854575,0.00373378036345705,18.489999771118164
2018-11-29,-0.0021877226219301524,0.00392438713302696,0.003115272664463216,18.790000915527344
2018-11-30,0.006077100010041439,0.003734777567347085,-0.001729479411524255,18.06999969482422
2018-12-03,0.013154470113787592,0.007075573430302438,0.007501675441848404,16.440000534057617
2018-12-04,-0.03293923456338236,0.016603100522389516,0.006080599945141696,20.739999771118164
2018-12-06,-0.0015182561636063196,0.0031353642155003175,0.00017072178718187972,21.190000534057617
2018-12-07,-0.023509962573610124,0.0018598059849270505,0.008077219150826301,23.229999542236328
2018-12-10,0.00189513595502939,0.004130172507660856,-0.003477935715567025,22.639999389648438
2018-12-11,0.00022736692450898746,-0.00016883249830160313,-0.0011903699128753065,21.760000228881836
2018-12-12,0.005022559293339115,-0.0044682675856019035,0.00212467676965701,21.459999084472656
2018-12-13,-0.0003389415828886164,-0.0023683204687927097,-0.0022097759847801487,20.649999618530273
2018-12-14,-0.018637508185735483,0.0034662726317877444,-0.004007006751401848,21.6299991607666
2018-12-17,-0.019813317793341695,0.005806938111983075,0.0068957425332182515,24.520000457763672
2018-12-18,-0.0010972034484567847,0.005971064093697601,0.0023726710074086807,25.579999923706055
2018-12-19,-0.015088744553505791,0.013123733004670875,-0.0061126025718981495,25.579999923706055
2018-12-20,-0.0164120928948407,-0.0036372968054752593,0.015295836918707156,28.3799991607666
2018-12-21,-0.020702353605891306,-0.00016571018479700678,-0.004370461193212718,30.110000610351562
2018-12-24,-0.02677840594029827,0.004957848708788321,0.01089057789030817,36.06999969482422
2018-12-26,0.04929006377048101,-0.010773505660769213,-0.003003949025405859,30.40999984741211
2018-12-27,0.007648069194670357,0.00016683333713567408,0.0075760760319352385,29.959999084472656
2018-12-28,-0.001290857778096253,0.008378798259587768,0.004055775698519239,28.34000015258789
2018-12-31,0.008720916139336609,0.0037932005271065442,0.0015682595209626012,25.420000076293945
2019-01-02,0.001039497030971782,0.005252466377925457,0.000659591337713554,23.219999313354492
2019-01-03,-0.0241522228836541,0.011315595825512354,0.00902531942317299,25.450000762939453
2019-01-04,0.032947219401400316,-0.011642755032971493,-0.008119106827353268,21.3799991607666
2019-01-07,0.007853457127786054,-0.002952813097626421,0.0034525160778516237,21.399999618530273
2019-01-08,0.009351536372800342,-0.002631606421381678,-0.0027117139907279018,20.469999313354492
2019-01-09,0.004662830392213598,-0.001565893856416136,0.006397649700215412,19.979999542236328
2019-01-10,0.0035211913645945246,-0.006454123124167755,-0.005904086348646452,19.5
2019-01-11,0.00038608511882296545,0.003893726367624112,0.0017256811414607263,18.190000534057617
2019-01-14,-0.00611924163405464,-0.0037276585635618747,0.002378067354322114,19.06999969482422
2019-01-15,0.011395534624201512,-0.003658937261631038,-0.0017215161032263467,18.600000381469727
2019-01-16,0.0024167478181113308,0.0009991635050029045,0.0031947551186356582,19.040000915527344
2019-01-17,0.007558291678086102,0.00024936106249004854,-0.0013094038577051105,18.059999465942383
2019-01-18,0.01322190438968817,-0.005255191890238553,-0.008966489387798326,17.799999237060547
2019-01-22,-0.013602468375087974,0.006751929259341996,0.0035468368649853345,20.799999237060547
2019-01-23,0.0020904399953082,-0.00041540542740118366,-0.0014007184915951448,19.520000457763672
2019-01-24,0.00053109456542599,0.006544635205258761,-0.0015678713054947328,18.889999389648438
2019-01-25,0.00842589762300129,-0.004800700651614671,0.014511460180241248,17.420000076293945
2019-01-28,-0.0076291714946329706,-0.00099640709901126,0.0034938106026215594,18.8700008392334
2019-01-29,-0.0013278206937941983,0.005053436535242047,0.005580978043920208,19.1299991607666
2019-01-30,0.01570631237756948,-0.0007442246738772355,0.005710387238117351,17.65999984741211
2019-01-31,0.008744346660004617,0.008563806777914471,0.00048105804332541224,16.56999969482422
2019-02-01,0.00048147987462458813,-0.006058493496900754,-0.002006018726865743,16.139999389648438
2019-02-04,0.007010927941053848,-0.004473972492369461,-0.0043467903708823,15.729999542236328
2019-02-05,0.004183146220548303,0.004556829302117906,0.0025781491687657575,15.569999694824219
2019-02-06,-0.0013191828665660849,0.0004959111860652298,-0.006781846869660092,15.380000114440918
2019-02-07,-0.009578405966730399,0.006588268434955099,0.0024273450059934865,16.3700008392334
2019-02-08,0.0012204775223618898,0.004259326565380062,0.003791101346321012,15.720000267028809
2019-02-11,0.0005545790945714947,-0.003931230747368281,-0.004923141507008373,15.970000267028809
2019-02-12,0.01277712094956384,-0.0025469523277287095,0.0021013677593768472,15.430000305175781
2019-02-13,0.0032420643963055507,-0.003791211192398174,-0.003963908091330168,15.649999618530273
2019-02-14,-0.0022208683022287962,0.005681633034721385,0.005577307519395154,16.219999313354492
2019-02-15,0.010838357557412007,0.0015587009394973188,0.005947180522781207,14.90999984741211
2019-02-19,0.00172907290235459,0.002538347310316423,0.015109582852092095,14.880000114440918
2019-02-20,0.0020133988463570847,-0.0028661472149579177,-0.0017378437981698566,14.020000457763672
2019-02-21,-0.0035620952237275408,-0.008978818479215233,-0.011370537714508392,14.460000038146973
2019-02-22,0.006180934126800005,0.005939943450923585,0.0035920768439101198,13.510000228881836
2019-02-25,0.0013599281494867097,-0.002965832351514299,-0.0010363715360959395,14.850000381469727
2019-02-26,-0.000715364035800178,0.004937536382145947,0.0016736332310033522,15.170000076293945
2019-02-27,-0.00042974449019392123,-0.011393309746803401,-0.00711234367844341,14.699999809265137
2019-02-28,-0.0018640986224677859,-0.0034102357351956897,-0.005629776625606553,14.779999732971191
2019-03-01,0.006224241977724821,-0.009285677958166783,-0.017163968380321165,13.569999694824219
2019-03-04,-0.003644350156453748,0.007806440647350323,-0.0026289836177433583,14.630000114440918
2019-03-05,-0.00136075640824555,0.0020884028990657997,0.0013153870929190252,14.739999771118164
2019-03-06,-0.006075197254025671,0.003665206802536177,-0.0009041270457165541,15.739999771118164
2019-03-07,-0.008400828570404507,0.006463675254133464,-0.0008226265106168819,16.59000015258789
2019-03-08,-0.0020018667939313553,0.00420378067948496,0.010886084259377201,16.049999237060547
2019-03-11,0.014397047292820857,-0.0029658299654236188,-0.004896357818091546,14.329999923706055
2019-03-12,0.0037640316109739166,0.006988298852214228,0.006035459879402026,13.770000457763672
2019-03-13,0.006597285207629365,-0.0018861001129323598,0.006968612448215201,13.40999984741211
2019-03-14,-0.0006403583224948006,-0.007249120150604379,-0.011614284265949192,13.5
2019-03-15,0.004928812458898592,0.006592297394311312,0.00456433710702197,12.880000114440918
2019-03-18,0.0036191037624012518,-0.0005748238918620078,0.0005690800870331783,13.100000381469727
2019-03-19,0.00024817015133573423,-0.0022216886776755835,0.0027594883221057557,13.5600004196167
2019-03-20,-0.0030146011375423434,0.010406116311676539,0.006463126873942885,13.90999984741211
2019-03-21,0.011231369560001642,0.002198105324016933,-0.004034541087699915,13.630000114440918
2019-03-22,-0.01943371893425617,0.015415688442264869,0.0023420233902432335,16.479999542236328
2019-03-25,-0.0007526130721262167,0.0016002514894193434,0.007633907060241407,16.329999923706055
2019-03-26,0.007426472420617747,-0.0007197325913943422,-0.0049754946888428755,14.680000305175781
2019-03-27,-0.005242830439914617,0.009160365071013699,-0.005243016760484571,15.149999618530273
2019-03-28,0.003783507929450128,0.0034826489251531295,-0.014253957303041619,14.430000305175781
2019-03-29,0.006285901346458512,-0.0009487727150118593,0.0009019770912032663,13.710000038146973
2019-04-01,0.011788978878843637,-0.014305819776439722,-0.003941890257643701,13.399999618530273
2019-04-02,0.0004898478713909731,0.0018475320015125499,0.003695988550420936,13.359999656677246
2019-04-03,0.0015724315934517938,-0.008705358966168534,-0.0014767440573913667,13.739999771118164
2019-04-04,0.002649565451616999,0.0028293759177834663,0.0025419025120261784,13.579999923706055
2019-04-05,0.004828636768791671,0.0012911571263332844,-0.001065158454634802,12.819999694824219
2019-04-08,0.000762431874125084,-0.003553850733712293,0.004335552354601057,13.180000305175781
2019-04-09,-0.005138305995848429,0.0031507080540254307,0.005210460213684454,14.279999732971191
2019-04-10,0.0034054766853552345,0.0024164970025308844,0.0030808947099307334,13.300000190734863
2019-04-11,-0.0002777149192540103,-0.005891308330824752,-0.012872932029622242,13.020000457763672
2019-04-12,0.006743325114220391,-0.00714798925042565,-0.0009844542413608548,12.010000228881836
2019-04-15,-0.0006553144853399101,0.0025239561250526383,-0.0018896884121835308,12.319999694824219
2019-04-16,0.0006553144853399562,-0.006280738442077885,-0.009004202217837268,12.180000305175781
2019-04-17,-0.0024503713532940483,0.0004089803893197958,-0.0019104067944000637,12.600000381469727
2019-04-18,0.0019677156797358692,0.005221065839926177,0.0007480072379889946,12.09000015258789
2019-04-22,0.0008612132569728681,-0.004812329045254111,0.0,12.420000076293945
2019-04-23,0.008951742926582391,0.0021238249593512424,-0.0020790892290242957,12.279999732971191
2019-04-24,-0.0022217979038854497,0.008125218572550242,0.002909503431152912,13.140000343322754
2019-04-25,-0.0006162194149412444,-0.0014577876495930084,0.0008297251865102907,13.25
2019-04-26,0.004646131069627479,0.003398405873324137,0.006613259149985578,12.729999542236328
2019-04-29,0.0015663668983763664,-0.0064013391617173876,-0.004459139554905491,13.109999656677246
2019-04-30,0.00051009401772088,0.005107961833668855,0.003057434262503009,13.119999885559082
2019-05-01,-0.007545002490790694,0.004116435990569699,-0.0066225029075604345,14.800000190734863
2019-05-02,-0.002160960365531088,-0.004772902454263583,-0.003827907452540267,14.420000076293945
2019-05-03,0.009740182625708142,0.002834367028615505,0.005902166622599615,12.869999885559082
2019-05-06,-0.004123895721234448,0.0027458964470511394,0.0013252386046357174,15.4399995803833
2019-05-07,-0.016840604913863022,0.007631847241673888,0.0033055276063594123,19.31999969482422
2019-05-08,-0.0013901426225130954,-0.004331028455135893,-0.002478073455137969,19.399999618530273
2019-05-09,-0.0030303409278209423,0.00409077453267835,0.002395550981643927,19.100000381469727
2019-05-10,0.0050107124217085115,-0.001361633312590185,0.0018959191232165698,16.040000915527344
2019-05-13,-0.025451456762387414,0.007824680358576428,0.010159840539079522,20.549999237060547
2019-05-14,0.009003466290212954,-0.0029465824402499746,-0.0017133695443152437,18.059999465942383
2019-05-15,0.005839962741098469,0.006123401336146131,-0.0005717761663673002,16.440000534057617
2019-05-16,0.00921882368994854,-0.003336062295020896,-0.007216080906090217,15.289999961853027
2019-05-17,-0.006486113320362227,0.002225549035870032,-0.007102776783024275,15.960000038146973
2019-05-20,-0.0066340978414024376,-0.0020663056367453414,-8.290551782707826e-05,16.309999465942383
2019-05-21,0.008975154040331544,-0.0015917192117128186,-0.0023236423674714048,14.949999809265137
2019-05-22,-0.0030760151100611938,0.005719552657539387,-0.0009975291545631813,14.75
2019-05-23,-0.01229383280128442,0.011184362120001972,0.007704775453647589,16.920000076293945
2019-05-24,0.0022655834903426973,0.0008612502516752695,0.0010723379767872785,15.850000381469727
2019-05-28,-0.00934387953598377,0.007174226816965511,-0.0038822269155751525,17.5
2019-05-29,-0.006733322158792056,0.003025755282356338,0.0003309964016131658,17.899999618530273
2019-05-30,0.0027273642455690325,0.008561748539786055,0.006761236816409685,17.299999237060547
2019-05-31,-0.01356677421048954,0.012441763856197944,0.013386857013473643,18.709999084472656
2019-06-03,-0.002546444543870094,0.006666481745448579,0.014329650783140814,18.860000610351562
2019-06-04,0.02147460711090801,-0.011466861243859006,0.00031967486235552026,16.969999313354492
2019-06-05,0.008624862892556644,-0.005668248915987242,0.002553665830468566,16.09000015258789
2019-06-06,0.006481558232707508,0.003221487361426046,0.0032623544765036684,15.930000305175781
2019-06-07,0.009957651559529728,0.008614314891394097,0.005624438342681366,16.299999237060547
2019-06-10,0.004578471242913005,-0.00945709462025195,-0.010003215486538885,15.9399995803833
2019-06-11,-0.0002423511520581378,0.0006126966545999214,-0.0011975692988471266,15.989999771118164
2019-06-12,-0.0017670567606608211,0.0007655747218668373,0.005179100221238763,15.90999984741211
2019-06-13,0.004118090723311002,0.003438029070859296,0.0061006935016299476,15.819999694824219
2019-06-14,-0.0011060179959641995,0.0025132394111508113,-0.0003160129284807664,15.279999732971191
2019-06-17,0.00038020363190057783,0.001747673352691028,-0.0006322652864021801,15.350000381469727
2019-06-18,0.010416672296344357,0.00499937868100406,0.005047324392238259,15.149999618530273
2019-06-19,0.0022544941299575847,0.0014347779839851823,0.006038970838080658,14.329999923706055
2019-06-20,0.009509467331952372,0.002636890821706655,0.024866155493817887,14.75
2019-06-21,-0.0014549078885688958,-0.011047599290318868,0.00661369341666817,15.399999618530273
2019-06-24,-0.0012249683930412219,0.00742932947696334,0.014741593126273352,15.260000228881836
2019-06-25,-0.009856579686802988,0.0030918259434650143,0.0019392450876947497,16.280000686645508
2019-06-26,-0.0009981139446387463,-0.006420689423429703,-0.009207653748305768,16.209999084472656
2019-06-27,0.0035395908865886666,0.0070225470053126935,-0.0009781791081800058,15.819999694824219
2019-06-28,0.00513292768817525,-0.0006775969648742906,0.0027063662544696662,15.079999923706055
2019-07-01,0.009037620267161981,-0.0023414299094980614,-0.019559428102497136,14.0600004196167
2019-07-02,0.0026005204761184487,0.007683744027145221,0.02113481354805423,12.930000305175781
2019-07-03,0.00796355093013608,0.007103520565539984,0.0016477026920105947,12.569999694824219
2019-07-05,-0.0011387448249481477,-0.01335164848228303,-0.011212861349998495,13.279999732971191
2019-07-08,-0.005509585915162106,0.0013587633729442493,-0.006453396174434407,13.960000038146973
2019-07-09,0.0012456582639038196,-0.00037735031392838154,0.0034976216131429347,14.09000015258789
2019-07-10,0.0047666841269327406,-0.0055221260687990615,0.015664164068756106,13.029999732971191
2019-07-11,0.00234105838810746,-0.013440737586196579,-0.008479433149487648,12.930000305175781
2019-07-12,0.004467281862566811,0.0011524906023916304,0.006235244213343071,12.390000343322754
2019-07-15,0.0003325335442740676,0.005742967849448872,0.0,12.680000305175781
2019-07-16,-0.003230453206370509,-0.002982113060274197,-0.008498565150237166,12.859999656677246
2019-07-17,-0.006828166500612646,0.01074043059301516,0.01633123396202252,13.970000267028809
2019-07-18,0.0036539205650447694,7.549782215590168e-05,0.01401922107283276,13.529999732971191
2019-07-19,-0.005570357434674551,-0.0023514088727087127,-0.01483691752503857,14.449999809265137
2019-07-22,0.0024533413683741883,0.001896928602967871,-0.0001487748968767623,13.529999732971191
2019-07-23,0.007124799646075335,-0.005472058904452059,-0.005668654760058427,12.609999656677246
2019-07-24,0.004688678917934625,0.004334530916285188,0.005073447292028362,12.069999694824219
2019-07-25,-0.004788576856934426,-0.004791784105494339,-0.007095118991376651,12.739999771118164
2019-07-26,0.006677668751496283,0.002360827948882996,0.00164757936404381,12.15999984741211
2019-07-29,-0.0018228848597718905,0.0003038574450265245,0.006637600502192369,12.829999923706055
2019-07-30,-0.002457853372853941,0.0024305707489519503,0.0033393742390960437,13.9399995803833
2019-07-31,-0.011000539904086391,0.008008459241783419,-0.013199706898717264,16.1200008392334
2019-08-01,-0.008746077705947725,0.019665175054700244,0.0237382025873749,17.8700008392334
2019-08-02,-0.007557661186816819,0.00919926427688242,-0.003819352910475418,17.610000610351562
2019-08-05,-0.030534629524525073,0.017140264222442907,0.013885007839557597,24.59000015258789
2019-08-06,0.013925525476787553,0.007961631772711732,0.008095529492025941,20.170000076293945
2019-08-07,0.0005902135737300356,0.00035723743825719664,0.01507548681526026,19.489999771118164
2019-08-08,0.019430220675638064,0.0021400882730177595,0.005022054446004403,16.90999984741211
2019-08-09,-0.0068347998464333305,-0.001997652593539575,-0.003321683939870917,17.969999313354492
2019-08-12,-0.012248130547284441,0.02063579496517101,0.009651773675578623,21.09000015258789
2019-08-13,0.015432048032492002,-0.0034333143732712765,-0.005977346952418699,17.520000457763672
2019-08-14,-0.030013126070088474,0.02227949349107944,0.00681829671908825,22.100000381469727
2019-08-15,0.002638338871501706,0.011058203329044154,0.006632923311853109,21.18000030517578
2019-08-16,0.014647051776200357,-0.008042360399786109,-0.00642279632319684,18.469999313354492
2019-08-19,0.01197540600174136,-0.014406040895511934,-0.011765243129746363,16.8799991607666
2019-08-20,-0.007691946660256025,0.010291755217798557,0.007765153200510364,17.5
2019-08-21,0.00810218968945691,-0.006688310208692305,-0.0031694374885161206,15.800000190734863
2019-08-22,-0.0003076088360565582,-0.006662341202262107,-0.002542737809443374,16.68000030517578
2019-08-23,-0.02602312714528078,0.016300270429997064,0.0194004358255685,19.8700008392334
2019-08-26,0.010997672101726507,-0.004050098560987778,0.00013874512727632068,19.31999969482422
2019-08-27,-0.0039311874957687065,0.015291370553139288,0.009525229640210546,20.309999465942383
2019-08-28,0.007016782889676699,0.0012862452400570613,-0.002820513317677276,19.350000381469727
2019-08-29,0.012692227115245982,-0.003795468465814454,-0.007190355573252848,17.8799991607666
2019-08-30,-0.0004447586295433008,0.0002711560934083691,-0.0025705723222454796,18.979999542236328
2019-09-03,-0.005864172817572095,0.0012915137154604279,0.013817145553141903,19.65999984741211
2019-09-04,0.01128652901863534,0.0014932701686170224,0.006224182405113975,17.329999923706055
2019-09-05,0.012773256105140301,-0.018276273581980765,-0.02429383958928248,16.270000457763672
2019-09-06,0.000771834824031532,0.007089414852358074,-0.008559662387184017,15.0
2019-09-09,0.000503447927747965,-0.017924342988680186,-0.0037414803722944866,15.270000457763672
2019-09-10,-0.00023495605762728275,-0.017683320202624073,-0.008594766463448816,15.199999809265137
2019-09-11,0.007086086718509838,-0.0017784980388825201,0.0060453662250154515,14.609999656677246
2019-09-12,0.0034578383770742897,-0.006572317852787841,0.0020542492696135994,14.220000267028809
2019-09-13,-0.0006640969765175502,-0.02159044429955168,-0.008313640257218174,13.739999771118164
2019-09-16,-0.0030938070533991515,0.012663045325350536,0.008313640257218249,14.670000076293945
2019-09-17,0.0025290952950645603,0.005408803822326485,0.001979350045407386,14.4399995803833
2019-09-18,0.0005978543055528431,0.004235092249052123,-0.006305141849164153,13.949999809265137
2019-09-19,-6.66221138524781e-05,0.0030030601034706683,0.004042645700960864,14.050000190734863
2019-09-20,-0.004735700773890543,0.013124933347430905,0.011751169204553406,15.319999694824219
2019-09-23,-0.00023493845463206823,-0.00021201775537360175,0.005580782257567522,14.90999984741211
2019-09-24,-0.007877552479130459,0.011982130211675107,0.00527299162043293,17.049999237060547
2019-09-25,0.005897399650227448,-0.01473461106982362,-0.018719501081169466,15.960000038146973
2019-09-26,-0.0020852025948259866,0.006411966087416292,-0.0002821278180384957,16.06999969482422
2019-09-27,-0.0054019296607889095,0.0024543221680578854,-0.005161727926224835,17.219999313354492
2019-09-30,0.004627082767309127,0.002449671222062369,-0.015647105922203676,16.239999771118164
2019-10-01,-0.011966057707406021,0.0030055948420995844,0.005457893373498284,18.559999465942383
2019-10-02,-0.01782278220129029,0.002440733696706552,0.011606023170116823,20.559999465942383
2019-10-03,0.008159603572911112,0.009080222192918253,0.004520416059329575,19.1200008392334
2019-10-04,0.013441098360222685,0.007356117126553601,0.0,17.040000915527344
2019-10-07,-0.004324171106905666,-0.008322477686355089,-0.00856363541098911,17.860000610351562
2019-10-08,-0.015646090653115424,0.0026902259197755306,0.00870459991703739,20.280000686645508
2019-10-09,0.009451080068831014,-0.005664921623379133,0.0009156241246349503,18.639999389648438
2019-10-10,0.006741261959346424,-0.015006182495195346,-0.008767683192965708,17.56999969482422
2019-10-11,0.010313646728490595,-0.012453910861703847,-0.005554769940672898,15.579999923706055
2019-10-14,-0.001114692006127718,0.007236318751111043,0.003991150393420187,14.569999694824219
2019-10-15,0.00985159164011464,-0.01216244195882743,-0.0069950016712766044,13.539999961853027
2019-10-16,-0.0016072226544424956,0.0012163476891572768,0.005713914835703777,13.680000305175781
2019-10-17,0.002944697871536876,-0.002432720882948652,0.0014233647353723328,13.789999961853027
2019-10-18,-0.004386573991496097,0.0,-0.001067306413452129,14.25
2019-10-21,0.0067560839772358005,-0.007551808654572605,-0.004781550075213642,14.0
2019-10-22,-0.0032719972827459833,0.0058308989905387154,0.0029287043785159624,14.460000038146973
2019-10-23,0.002905352017327222,0.0010036057901618171,0.002351027592914482,14.010000228881836
2019-10-24,0.001632702348066732,-0.00200894970272581,0.007090719694468963,13.710000038146973
2019-10-25,0.004086710184350009,-0.00489703242815308,0.0023289599557340403,12.649999618530273
2019-10-28,0.005620613770025396,-0.009137908435881793,-0.008637230479381003,13.109999656677246
2019-10-29,-0.00029678883990825854,0.0006556714959584279,-0.002776885194246242,13.199999809265137
2019-10-30,0.003062247658261615,0.01452791466371069,0.005475210184932403,12.329999923706055
2019-10-31,-0.002666327511665186,0.01339992823604108,0.009948844935468628,13.220000267028809
2019-11-01,0.00922113620385543,-0.0030827552424362113,0.0009123470738276627,12.300000190734863
2019-11-04,0.0040095117446803255,-0.013248859946642466,-0.0028801514371747305,12.829999923706055
2019-11-05,-0.0011065855964855083,-0.011310603213768469,-0.016312331868591004,13.100000381469727
2019-11-06,0.00022786229150904974,0.00603374165928447,0.004281068530555171,12.619999885559082
2019-11-07,0.003510378660566387,-0.018284507689253934,-0.015643205521891117,12.729999542236328
2019-11-08,0.0024632382569212915,-0.004215852440796057,-0.0063847338065501705,12.069999694824219
2019-11-11,-0.0019117480437062081,0.0006662685152715748,-0.0024048241483873045,12.6899995803833
2019-11-12,0.0021058388745881207,0.004582283702561423,0.002695874927586959,12.680000305175781
2019-11-13,0.0003235819727058004,0.006467981788553718,0.003994072881030811,13.0
2019-11-14,0.0014549329542183275,0.010276240501808039,0.004194711040663475,13.050000190734863
2019-11-15,0.007210361634471107,-0.001087758226132105,-0.0025291110010524226,12.050000190734863
2019-11-18,0.000737210925302581,0.001813030756409257,0.002962025072169786,12.460000038146973
2019-11-19,-0.000288600895955953,0.008297942581431,0.0005049030061831341,12.859999656677246
2019-11-20,-0.0037256113965087583,0.010294938492064323,0.0005045382424530197,12.779999732971191
2019-11-21,-0.0016101428080271894,-0.006279305016558292,-0.005492097356825017,13.130000114440918
2019-11-22,0.0022215747912362163,0.0012877153579776617,-0.0018857951599790925,12.34000015258789
2019-11-25,0.007720115197740571,0.002926829880931892,-0.004803179633254922,11.869999885559082
2019-11-26,0.0022631972842336937,0.005826713479268763,0.004803179633255016,11.539999961853027
2019-11-27,0.004447478019876472,-0.002909211205269106,-0.005314014225370608,11.75
2019-11-29,-0.0037154266231111573,-0.0021343703251205464,0.006184806112979683,12.619999885559082
2019-12-02,-0.00853123301479558,-0.013422332653375418,-0.0005079436043828876,14.90999984741211
2019-12-03,-0.006728923114461944,0.020750637850970526,0.009534253178573626,15.960000038146973
2019-12-04,0.006151149356266809,-0.010035609912154787,-0.0013667767637935283,14.800000190734863
2019-12-05,0.0017964232035068662,-0.00487555218020773,0.0005757184354598549,14.520000457763672
2019-12-06,0.009092412201905254,-0.0055504928874653674,-0.009977704836757457,13.619999885559082
2019-12-09,-0.0031490961878994205,0.00216587547490354,-0.0002906488870483782,15.859999656677246
2019-12-10,-0.0011155175754296008,7.242490226224938e-05,0.002830699660654389,15.680000305175781
2019-12-11,0.0028346005900093964,0.007830365738286157,0.006861935627691577,14.989999771118164
2019-12-12,0.008582157335367654,-0.016594983485345043,-0.0035334849047766476,13.9399995803833
2019-12-13,0.0005988561614066004,0.011501034668446033,0.004468872836715887,12.630000114440918
2019-12-16,0.0068467503127117016,-0.009030368048235978,-7.198939739749056e-05,12.140000343322754
2019-12-17,0.0002190748685045132,-0.0013799180395564598,-0.00021577975709612248,12.289999961853027
2019-12-18,6.226899504306858e-05,-0.008246284331912976,7.200493236905694e-05,12.579999923706055
2019-12-19,0.0040910605721737065,0.0015986275199548665,0.0025862126377012157,12.5
2019-12-20,0.004374193596983376,0.0013184377993498055,0.0010039397404910592,12.510000228881836
2019-12-23,0.0015265625895990733,-0.0014647763343823596,0.003077203372165587,12.609999656677246
2019-12-24,3.129132488809201e-05,0.002853607390013761,0.009387789011397068,12.670000076293945
2019-12-26,0.00530916976930464,0.0024088394925643793,0.00782659080315549,12.649999618530273
2019-12-27,-0.0002478944369184445,0.001093169973372123,-0.0003512560225688557,13.430000305175781
2019-12-30,-0.005528355933284015,-0.003647885163310679,0.0021055808220621446,14.819999694824219
2019-12-31,0.0024259837392439157,-0.009841934850591962,0.001891143454574884,13.779999732971191
2020-01-02,0.009308817631280093,0.011229913877527862,0.007320953634035891,12.470000267028809
2020-01-03,-0.00760115626863682,0.01528299854643667,0.013181265882528811,14.020000457763672
2020-01-06,0.0038077487229314314,-0.0056949191124318526,0.010434868967011986,13.850000381469727
2020-01-07,-0.002815570635859663,-0.004928212063696794,0.003927428056507489,13.789999961853027
2020-01-08,0.005315642014213978,-0.006632771786553966,-0.007529802584635164,13.449999809265137
2020-01-09,0.006757475210488792,0.003504632163676997,-0.0056676844863565315,12.539999961853027
2020-01-10,-0.002881858914088019,0.008850914277532354,0.006008107616788398,12.5600004196167
2020-01-13,0.006853724926787297,-0.0030382826683099406,-0.007447144703816297,12.319999694824219
2020-01-14,-0.001525805775434682,0.005131468704069667,-0.0008919411826434922,12.390000343322754
2020-01-15,0.0022570571109173333,0.006609271928845367,0.005817289492435278,12.420000076293945
2020-01-16,0.008284298470680731,-0.0031559486889643556,-0.0015707412123407796,12.319999694824219
2020-01-17,0.0031076018826339427,-0.008584791943950622,0.0018437252860089575,12.100000381469727
2020-01-21,-0.00195998054429429,0.010451236726815447,0.0010909837309721073,12.850000381469727
2020-01-22,0.00012094845373084351,0.003506998443542656,0.0003405975107135845,12.90999984741211
2020-01-23,0.0011459659193841275,0.006977574860313145,0.002245598875511729,12.979999542236328
2020-01-24,-0.00893286606801293,0.00805594247942146,0.0058285535187767275,14.5600004196167
2020-01-27,-0.016159368458220025,0.015434951435106727,0.006802125843070944,18.229999542236328
2020-01-28,0.010424749940288618,-0.007862027235506051,-0.00896686803661793,16.280000686645508
2020-01-29,-0.0008262749132464204,0.009731286741769854,0.005403248480831511,16.389999389648438
2020-01-30,0.0032400708247209966,0.0001389556777484987,6.731894098032181e-05,15.489999771118164
2020-01-31,-0.018325003272668856,0.009088018806994582,0.005775708477189364,18.84000015258789
2020-02-03,0.0074013384358288725,-0.0008104006709212176,-0.006516877595597702,17.969999313354492
2020-02-04,0.015126252642968317,-0.013558072602348127,-0.013094308186782415,16.049999237060547
2020-02-05,0.011481541501886648,-0.010995656874020186,0.0012285555646719122,15.149999618530273
2020-02-06,0.003359522004284652,0.004496832108730034,0.005373934234125879,14.960000038146973
2020-02-07,-0.005343893924078627,0.012401164839591559,0.002642363450658169,15.470000267028809
2020-02-10,0.007437341901200558,0.002765805327511144,0.0025679490647931946,15.039999961853027
2020-02-11,0.0017318521284572447,-0.005053378744975269,-0.0034478924308700464,15.180000305175781
2020-02-12,0.006421943000591326,-0.005078789170958228,-0.000813078481224605,13.739999771118164
2020-02-13,-0.0010674474238724385,0.003828656217770543,0.005677303718111386,14.149999618530273
2020-02-14,0.0016008430636542715,0.004367915092794971,0.0041697222765956264,13.680000305175781
2020-02-18,-0.0025803715726822924,0.006825523805903602,0.012737350951843347,14.829999923706055
2020-02-19,0.004770137386373093,-6.871356174529887e-05,0.005814285510176441,14.380000114440918
2020-02-20,-0.004116912677200527,0.007802904056362382,0.0040763395182913265,15.5600004196167
2020-02-21,-0.010351628347947632,0.009297491574822264,0.014913455926308593,17.079999923706055
2020-02-24,-0.03372810433002028,0.014818216340767574,0.008945002656717951,25.030000686645508
2020-02-25,-0.030770622941374618,0.005310210798261787,-0.01803593472393269,27.850000381469727
2020-02-26,-0.0036849669759162983,-0.005310210798261881,0.004360980385151266,27.559999465942383
2020-02-27,-0.04595148345802251,0.01079016213724303,0.00019481624361363943,39.15999984741211
2020-02-28,-0.004210388560246068,0.022332232029739347,-0.03717601874476565,40.11000061035156
2020-03-02,0.04239523910338207,-0.007384417397474906,0.005511083646655957,33.41999816894531
2020-03-03,-0.02905059249743633,0.015406427661113118,0.030950390194086085,36.81999969482422
2020-03-04,0.041173582729550406,-0.010675985222070165,0.001752990351755443,31.989999771118164
2020-03-05,-0.033806508344330445,0.024586950619347146,0.021370951204574475,39.619998931884766
2020-03-06,-0.01666960113994326,0.050735110851148714,0.0003808885074389379,41.939998626708984
2020-03-09,-0.08131246901756001,0.026742283862961833,0.0016488747161249012,54.459999084472656
2020-03-10,0.05045072542320374,-0.05261875030830346,-0.02132715182628954,47.29999923706055
2020-03-11,-0.049976713713050916,-0.037491533414912334,-0.0035667044227174947,53.900001525878906
2020-03-12,-0.10056892983466159,0.006177673311139885,-0.04070560424243849,75.47000122070312
2020-03-13,0.08202806858794993,-0.022862177360424746,-0.03099155256530076,57.83000183105469
2020-03-16,-0.11588656767207607,0.0627550121787349,-0.011512126298224866,82.69000244140625
2020-03-17,0.05258497390937293,-0.06901066473577608,0.01346442633870517,75.91000366210938
2020-03-18,-0.051959617402391356,-0.05806660832687205,-0.02012310684271081,76.44999694824219
2020-03-19,0.0021225002395459723,0.026861916359837052,-0.019086492837834465,72.0
2020-03-20,-0.044050054216804746,0.07250260215457131,0.014884383146683595,66.04000091552734
2020-03-23,-0.025900952214580837,0.04038241870962084,0.043231496146295734,61.59000015258789
2020-03-24,0.08673095335443841,-0.01878990363359326,0.047389520259250466,61.66999816894531
2020-03-25,0.014859371566100036,-0.0022738525369107748,-0.013784208180364264,63.95000076293945
2020-03-26,0.056748654755454604,0.004909636832919599,0.012740714714697083,61.0
2020-03-27,-0.03023835413154616,0.026342922278975823,-0.006481449089244015,65.54000091552734
2020-03-30,0.03195965560463279,-0.008262987087614906,0.004390990264267052,57.08000183105469
2020-03-31,-0.015017655283585996,-0.008149785301931521,-0.032364821693651916,53.540000915527344
2020-04-01,-0.046049049449269915,0.01391340391579183,0.009411793149400162,57.060001373291016
2020-04-02,0.02281318099403193,0.0063255624302609465,0.01626050111056189,50.90999984741211
2020-04-03,-0.014559674899185216,0.0023766834765049432,0.004925309776577716,46.79999923706055
2020-04-06,0.06500670345779211,-0.00261452127192391,0.02733353381543522,45.2400016784668
2020-04-07,0.0010190927124049862,-0.010528303406795449,-0.005368871400719198,46.70000076293945
2020-04-08,0.03301723455742173,-0.00730213387082661,-0.008947881947437637,43.349998474121094
2020-04-09,0.015102629784533386,0.001815715350893257,0.025788169295063085,41.66999816894531
2020-04-13,-0.009171620879551482,-0.009172567604662882,0.01699510551392902,41.16999816894531
2020-04-14,0.029066125109267017,-0.00024373979362596036,0.007837301543346824,37.7599983215332
2020-04-15,-0.021477167119921967,0.026144373078062527,-0.005115017933585634,40.84000015258789
2020-04-16,0.004812401210208943,0.01129266629257642,-0.0008653689753940822,40.11000061035156
2020-04-17,0.02665720980833902,-0.013495278330943378,-0.019608466717140425,38.150001525878906
2020-04-20,-0.017774769868654745,0.008013015307470317,0.007100853720992193,43.83000183105469
2020-04-21,-0.03083403370317865,0.012513148706678252,-0.006848673348053854,45.40999984741211
2020-04-22,0.0219515937634944,-0.01026982182261283,0.019479888950845802,41.97999954223633
2020-04-23,-7.137193273222e-05,0.005294735926386704,0.009905643795524405,41.380001068115234
2020-04-24,0.013842236897946059,0.002344413810519806,-0.004294729942651925,35.93000030517578
2020-04-27,0.014315468746992141,-0.01878913655853828,-0.00666258998355511,33.290000915527344
2020-04-28,-0.00460903280565138,0.011445516731619622,-0.004466516323334757,33.56999969482422
2020-04-29,0.025841955585859597,-0.005202697844930385,0.005518192454017435,31.229999542236328
2020-04-30,-0.009354432988894695,-0.011745174943833028,-0.018282683683788697,34.150001525878906
2020-05-01,-0.026830399167985235,0.00852615891406373,0.0061522933833428935,37.189998626708984
2020-05-04,0.0027544423904393173,-0.004714344631961615,0.003498676361159418,35.970001220703125
2020-05-05,0.009197053082159967,-0.006422064666191449,0.004232069630406605,33.61000061035156
2020-05-06,-0.006801314123175273,-0.016266910593244473,-0.012938939248234135,34.119998931884766
2020-05-07,0.011994100660098142,0.016568077512830005,0.015234124108560072,31.440000534057617
2020-05-08,0.016410845869957162,-0.013086047507715118,-0.006028427741239837,27.979999542236328
2020-05-11,0.00020522844506480454,-0.007836554138685564,-0.006253147010599243,27.56999969482422
2020-05-12,-0.020132990843739863,0.01021203483962261,0.0038815245238018456,33.040000915527344
2020-05-13,-0.017844217158682323,0.006972452708223133,0.009576645345897673,35.279998779296875
2020-05-14,0.011896388366372575,0.009739312915700349,0.008811127536123346,32.61000061035156
2020-05-15,0.00458639116926396,-0.0025761766042462705,0.005627947839551041,31.889999389648438
2020-05-18,0.03000520085478273,-0.0221988644078841,-0.007592898231851983,29.299999237060547
2020-05-19,-0.010324210762958351,0.003734908368204981,0.009603940342589153,30.530000686645508
2020-05-20,0.016844951268106763,0.0029892915627215315,0.0023714668825757603,27.989999771118164
2020-05-21,-0.006927647392064575,0.0024942800496059103,-0.014683616168536867,29.530000686645508
2020-05-22,0.0018973714637200271,0.0059980514793766294,0.005899400714775776,28.15999984741211
2020-05-26,0.012245211879657677,-0.013500976325585628,-0.014316858429627,28.010000228881836
2020-05-27,0.014769400652308312,-0.001838271523957681,0.001800809585778032,27.6200008392334
2020-05-28,-0.0018466445546836384,-0.003686936921555946,0.0033447448656947374,28.59000015258789
2020-05-29,0.004445955228495282,0.00711631094975106,0.007331471236597383,27.510000228881836
2020-06-01,0.004033249958193686,-0.006755281235108757,0.004593203918142176,28.229999542236328
2020-06-02,0.008246285634087627,-0.0036426978414586873,-0.006497892824854574,26.84000015258789
2020-06-03,0.01322077630794749,-0.013386295627371196,-0.01862251139241922,25.65999984741211
2020-06-04,-0.00263059296133761,-0.014585151131012462,0.010471254055873179,25.809999465942383
2020-06-05,0.025306862901355313,-0.007148668988411346,-0.02048368991541374,24.520000457763672
2020-06-08,0.012014982299405863,0.003835773771687406,0.010764002439043798,25.809999465942383
2020-06-09,-0.007484693988401304,0.011294676245393289,0.009595645355064148,27.56999969482422
2020-06-10,-0.005595615912593412,0.01471876218803742,0.014223142854853236,27.56999969482422
2020-06-11,-0.05937756231401354,0.01872448449411885,-0.007240232329265166,40.790000915527344
2020-06-12,0.011904823435580433,-0.009687870359893196,0.0014153150353447643,36.09000015258789
2020-06-15,0.009292277812743681,0.0005541568140281968,-0.0017848491512042477,34.400001525878906
2020-06-16,0.01906475575520302,-0.015451848008669779,-0.0004929560183834836,33.66999816894531
2020-06-17,-0.004162620199074429,0.004118223729865755,0.0019087937874243815,33.470001220703125
2020-06-18,0.000385109474469461,0.010532414653422917,-0.0019703951105462295,32.939998626708984
2020-06-19,-0.005731335013852146,0.0008012096253811697,0.010972576221366465,35.119998931884766
2020-06-22,0.006394385353806041,0.00012292948391509902,0.006441427074830093,31.770000457763672
2020-06-23,0.004593070133602397,-0.0068577627092162915,0.008384398864595731,31.3700008392334
2020-06-24,-0.025839306829101575,0.010668040477624997,-0.0034899960158010397,33.84000015258789
2020-06-25,0.010663034959415545,0.002878457946707821,-0.0006028992986150158,32.220001220703125
2020-06-26,-0.024037924934140177,0.010646842814359177,0.0044532193863769335,34.72999954223633
2020-06-29,0.014590561410226919,-0.003151415133462691,0.0005403343600226875,31.780000686645508
2020-06-30,0.0127283686443608,-0.004868320906328728,0.004431086497931087,30.43000030517578
2020-07-01,0.006980359690308622,-0.0019438342386243895,-0.004491160110102202,28.6200008392334
2020-07-02,0.005491702174947676,0.0010397444238050369,0.0021582779375089872,27.68000030517578
2020-07-06,0.015319447281769864,-0.004104393097617479,0.005970880083946397,27.940000534057617
2020-07-07,-0.010367343741877108,0.013958261419752191,0.0062904343270385864,29.43000030517578
2020-07-08,0.007619650747178354,-0.004003583982740231,0.006192353605402356,28.079999923706055
2020-07-09,-0.005709261828408298,0.0157974887225775,-0.002708063902871328,29.260000228881836
2020-07-10,0.01015909282243147,-0.005037445455306518,-0.0025972650920347735,27.290000915527344
2020-07-13,-0.00869696041354812,0.003301226485665908,0.0012403879870823364,32.189998626708984
2020-07-14,0.012875883812013326,0.0014370971348045005,0.004652728164010819,29.520000457763672
2020-07-15,0.009145106960216523,-0.00467827367599297,0.0008809438623464781,27.760000228881836
2020-07-16,-0.003299048546420422,0.004737712589030859,-0.009496639325154646,28.0
2020-07-17,0.00289516028444323,-0.0020965649965916417,0.008204262794308569,25.68000030517578
2020-07-20,0.008048971441080155,0.002455849800174223,0.004808590336846309,24.459999084472656
2020-07-21,0.002125325742809073,0.0005979038884712175,0.011978962477666387,24.84000015258789
2020-07-22,0.005676259020090014,0.0029846033534108108,0.015087942737564556,24.31999969482422
2020-07-23,-0.012003710389303634,0.011613174420046475,0.008786586410813348,26.079999923706055
2020-07-24,-0.006461269958699288,-5.8950997617712184e-05,0.008542281441677423,25.84000015258789
2020-07-27,0.0072661929221953785,-0.0037183496543895453,0.019561196964697856,24.739999771118164
2020-07-28,-0.006362809104800136,0.006895135296971539,0.008306536040413818,25.440000534057617
2020-07-29,0.01222363293695853,-0.0017050172818988403,0.007482169283186,24.100000381469727
2020-07-30,-0.0035744022885440367,0.006567735354808756,-0.007427778888433271,24.760000228881836
2020-07-31,0.007871163213826094,-0.0006434945287663539,0.00904688435302792,24.459999084472656
2020-08-03,0.0069284335995202775,-0.005047639188863966,0.0011318982444248418,24.280000686645508
2020-08-04,0.0038549152544731604,0.009487081879926283,0.021054515412853636,23.760000228881836
2020-08-05,0.006191860832399446,-0.00878134325342636,0.009240417270834574,22.989999771118164
2020-08-06,0.006662245463769248,0.005570776223485529,0.013186741026147062,22.649999618530273
2020-08-07,0.0007177915810096578,-0.0066883008061886335,-0.016012829047696152,22.209999084472656
2020-08-10,0.002984230550193734,-0.004484028495741545,-0.0034649534714480275,22.1299991607666
2020-08-11,-0.008289139319754996,-0.01195586373845183,-0.0551897267189793,24.030000686645508
2020-08-12,0.01384623302786347,-0.00913792411996473,-0.004679132411383586,22.280000686645508
2020-08-13,-0.0018093554617574347,-0.010746415237491294,0.023343474417206588,22.1299991607666
2020-08-14,2.9929271246631294e-05,-0.003914739618522833,-0.004318527254207777,22.049999237060547
2020-08-17,0.0031714441465070815,0.0025098469987374526,0.02146194877539166,21.350000381469727
2020-08-18,0.002157851460182693,0.007126371338750445,0.008967673573403242,21.510000228881836
2020-08-19,-0.004171965425486265,-0.0062711003121180865,-0.03207438281593019,22.540000915527344
2020-08-20,0.0031083759939491496,0.008998944709776595,0.006890137653281628,22.719999313354492
2020-08-21,0.00354106999857807,0.005974009679935164,-0.008043165542872153,22.540000915527344
2020-08-24,0.010082087767006271,-0.0016254698621419091,-0.005674470685927035,22.3700008392334
2020-08-25,0.0034933361905328704,-0.007683350283173243,0.0012147382641175607,22.030000686645508
2020-08-26,0.009975918234420266,-0.0038337908026836705,0.011739667325137685,23.270000457763672
2020-08-27,0.0021841051261591985,-0.017155213513097997,-0.011629286747359606,24.469999313354492
2020-08-28,0.006438328863952204,-0.0007440624876792228,0.01723092629924,22.959999084472656
2020-08-31,-0.0036290607681788876,0.006618680808644687,0.00238341719432408,26.40999984741211
2020-09-01,0.009374537562674352,0.011372940119592384,0.001189581722410416,26.1200008392334
2020-09-02,0.014360404394781834,0.009475267771481154,-0.013218610873058246,26.56999969482422
2020-09-03,-0.035020348832249124,0.0028374724556491115,-0.008137254873336977,33.599998474121094
2020-09-04,-0.008198003405069121,-0.019171190624847463,0.0027564932922231992,30.75
2020-09-08,-0.0277031039511818,0.006125894043167353,-0.0019287808618004912,31.459999084472656
2020-09-09,0.01955456108981257,-0.002690900430077146,0.009661434230238847,28.809999465942383
2020-09-10,-0.01751617249614271,0.005069804529797806,-0.0032283485242562797,29.709999084472656
2020-09-11,0.0005092948899722717,0.0021302593764364005,-5.4861557792618405e-05,26.8700008392334
2020-09-14,0.013085127939949434,-6.0814256472661973e-05,0.00786160327773618,25.850000381469727
2020-09-15,0.005039791347193111,-0.0024352753811318164,-0.0023956152677241513,25.59000015258789
2020-09-16,-0.003976767381955176,-0.0029911699872987737,0.0028305733071044767,26.040000915527344
2020-09-17,-0.008834069647291573,0.003052354194343892,-0.005505121062685115,26.459999084472656
2020-09-18,-0.011579601243358814,-0.0031130583492173054,0.001310849171618332,25.829999923706055
2020-09-21,-0.011191957606362287,0.005061456763855039,-0.020291789448272826,27.780000686645508
2020-09-22,0.010133013052879078,-0.0007908161277810605,-0.004858095828927072,26.860000610351562
2020-09-23,-0.0234641517795005,0.001337802018101964,-0.021843335368817322,28.579999923706055
2020-09-24,0.0026617787177171093,0.0038229697250141354,0.0037119030895910897,28.510000228881836
2020-09-25,0.016037818128752303,0.0,-0.0028540460781505306,26.3799991607666
2020-09-28,0.01647289938455345,-0.0028507239586937584,0.010010290107421884,26.190000534057617
2020-09-29,-0.005460970210877363,0.0011534671551419622,0.008397048385655496,26.270000457763672
2020-09-30,0.00755351878227965,-0.009631627266656208,-0.006022969047958764,26.3700008392334
2020-10-01,0.006399689301195321,0.001648279216230756,0.008880963695329078,26.700000762939453
2020-10-02,-0.009539959258412297,-0.003740892875695805,-0.0008957769408936138,27.6299991607666
2020-10-05,0.01757753527149233,-0.019732607947825383,0.004861081696310086,27.959999084472656
2020-10-06,-0.01431812656930035,0.005375065896168894,-0.011830479550692698,29.479999542236328
2020-10-07,0.0172571190909007,-0.007319958353256699,-0.00045132478533539146,28.059999465942383
2020-10-08,0.008823442518895715,0.005385388405816475,0.0035486272055745486,26.360000610351562
2020-10-09,0.008890456743181894,-0.0001871150367483272,0.017998399966815504,25.0
2020-10-12,0.01595946811994078,0.0031808417803319915,-0.002875813691634357,25.06999969482422
2020-10-13,-0.006547288063167058,0.007135109838398462,-0.01585383405158326,26.06999969482422
2020-10-14,-0.00630312772688893,0.00228485161318219,0.0030899939936110464,26.399999618530273
2020-10-15,-0.0012366064104983858,-0.0017290331056124943,0.003639489400711449,26.969999313354492
2020-10-16,-0.0006046103522701067,-0.0027836504275667176,-0.0034712263457632483,27.40999984741211
2020-10-19,-0.015320291934437787,-0.0037875443305346924,0.0005046193567768562,29.18000030517578
2020-10-20,0.003997705498560332,-0.009561363182345082,0.004809318137998378,29.350000381469727
2020-10-21,-0.001894837910097729,-0.0034596665604858068,0.00750319529892231,28.649999618530273
2020-10-22,0.005470599664158244,-0.010451284775240578,-0.009849030639627157,28.110000610351562
2020-10-23,0.0033892796342221924,0.006093992403603676,-0.0010630400237792174,27.549999237060547
2020-10-26,-0.018652693851667727,0.009259954868001708,-0.0005039129828936211,32.459999084472656
2020-10-27,-0.0034534944331195525,0.00668693385409817,0.002628864176270774,33.349998474121094
2020-10-28,-0.03477667785841586,0.0009342428364768031,-0.01627516884164325,40.279998779296875
2020-10-29,0.010112151548584171,-0.00975540020940845,-0.004153341326592121,37.59000015258789
2020-10-30,-0.010479468267822086,-0.009914226152255321,0.004550651041840146,38.02000045776367
2020-11-02,0.011146094799350184,0.007462378738428872,0.00965812884851217,37.130001068115234
2020-11-03,0.01750187235223737,-0.00581843771226283,0.0056609432999779495,35.54999923706055
2020-11-04,0.022103016323142512,0.021460618983267774,-0.0005590140649358909,29.56999969482422
2020-11-05,0.019314993327152183,0.0017363336505646992,0.022723771699055755,27.579999923706055
2020-11-06,-0.00022815613141662907,-0.012158016344394142,0.0014203529597109255,24.860000610351562
2020-11-09,0.012487426429406607,-0.021239392320613903,-0.045280856143465276,25.75
2020-11-10,-0.0014677581406896678,-0.0057836533689924405,0.0033073065556014952,24.799999237060547
2020-11-11,0.007400878923030535,0.0036029684158921395,-0.00433598220930235,23.450000762939453
2020-11-12,-0.009748040622377952,0.016874972582283924,0.006042387508780373,25.350000381469727
2020-11-13,0.01374935458241841,-0.0013269367428937675,0.006796565090032186,23.100000381469727
2020-11-16,0.012405294219295924,-0.002405975531708175,-5.650286865533134e-05,22.450000762939453
2020-11-17,-0.005392699487662368,0.006507453382088338,-0.0036759204841880807,22.709999084472656
2020-11-18,-0.012107641347495863,0.0028914133110250046,-0.005738783845972931,23.84000015258789
2020-11-19,0.004201328670194559,0.0051358226368043965,-0.0018822296869570197,23.110000610351562
2020-11-20,-0.006871554261265233,0.008830801717638885,0.003021229432643738,23.700000762939453
2020-11-23,0.005976392182135122,-0.004592397602022549,-0.019890324232127853,22.65999984741211
2020-11-24,0.015985509041285564,-0.010001915529450723,-0.015447030279527764,21.639999389648438
2020-11-25,-0.0015430271577325108,-0.003083178657440726,-0.0004718480371509017,21.25
2020-11-27,0.0027811865520299107,0.009658250028701739,-0.010198732236165305,20.84000015258789
2020-11-30,-0.004437251681667333,-0.0012486609856887814,-0.006697358920117144,20.56999969482422
2020-12-01,0.010877905372627039,-0.014854593962304211,0.02084085881536413,20.770000457763672
2020-12-02,0.002101767733280283,-0.007967977189450536,0.007493385024315116,21.170000076293945
2020-12-03,-0.00027271438050650897,0.00803162961271003,0.007842668530553789,21.280000686645508
2020-12-04,0.008580879168873746,-0.01477467441442268,-0.00283945502654119,20.790000915527344
2020-12-07,-0.0020572440925184063,0.008980003944222483,0.014803945459514797,21.299999237060547
2020-12-08,0.0029220752298742296,0.004714793259581559,0.003481841534737405,20.68000030517578
2020-12-09,-0.009009474782038939,-0.0033106901493539253,-0.017241806434506103,22.270000457763672
2020-12-10,-0.0003269792607331794,0.00882485426846549,-0.0019148863181888906,22.520000457763672
2020-12-11,-0.0011735355765969584,0.0035331208868457755,0.001856945469586849,23.309999465942383
2020-12-14,-0.00448729470525576,-0.0027751601005996567,-0.005522859199322822,24.719999313354492
2020-12-15,0.013429093133795676,-0.003353142766056725,0.013893989774039692,22.889999389648438
2020-12-16,0.00156819119082906,-0.002665289890369836,0.005503920929853093,22.5
2020-12-17,0.005576624281485831,-0.002649427702593606,0.01046541004295572,21.93000030517578
2020-12-18,-0.004001209660699082,-0.0030022129064316908,-0.0016988680965652808,21.56999969482422
2020-12-21,-0.003581775161722185,0.003958449652894598,-0.0031789169989821435,25.15999984741211
2020-12-22,-0.0016867561564043918,0.005147340023570137,-0.007934507183398202,24.229999542236328
2020-12-23,0.0008979595936271371,-0.006932986209457291,0.006625879072275585,23.309999465942383
2020-12-24,0.0038829631886344047,0.003949414438241787,0.003977347328631379,21.530000686645508
2020-12-28,0.008554064110484018,0.0004453817731519961,-0.003635744312567208,21.700000762939453
2020-12-29,-0.0019094254925064178,-0.001271860706253211,0.003635744312567162,23.079999923706055
2020-12-30,0.001425647230423331,0.002161109699220099,0.007626026694655132,22.770000457763672
2020-12-31,0.005068167967283796,0.0014588172886342429,0.0037072651943418997,22.75
2021-01-04,-0.013707719998448182,-0.0012049570129775754,0.02201425891234798,26.969999313354492
2021-01-05,0.00686384049072392,-0.00745494884119493,0.0029572490918935946,25.34000015258789
2021-01-06,0.005960643017281137,-0.020741304684020776,-0.016374384156319522,25.06999969482422
2021-01-07,0.014747995781004743,-0.008853002370368034,-0.0023373497260989994,22.3700008392334
2021-01-08,0.005681495906573631,-0.003233169094504481,-0.03480879472366203,21.559999465942383
2021-01-11,-0.006763418293407141,-0.0016536597952887114,-0.001963368081678198,24.079999923706055
2021-01-12,0.00021137184037988934,-0.0007950722134665647,0.006453094143516468,23.329999923706055
2021-01-13,0.0026892261743127364,0.01119942460987691,-0.004316677807613859,22.209999084472656
2021-01-14,-0.0035082162250617845,-0.009412043977710944,-0.0005192346256867747,23.25
2021-01-15,-0.007319228452570445,0.0039598932888370506,-0.012485246085867416,24.34000015258789
2021-01-19,0.007821317136411739,0.0032223012459261942,0.008437377567923208,23.239999771118164
2021-01-20,0.01374372402112411,0.000984055645748171,0.016151154600027997,21.579999923706055
2021-01-21,0.0009112447767309742,-0.00704260772072742,-0.0006273739671711188,21.31999969482422
2021-01-22,-0.003545768563455791,0.003231677186673622,-0.007904302060517928,21.90999984741211
2021-01-25,0.003936011438937526,0.01171635790762028,0.0008622455288576803,23.190000534057617
2021-01-26,-0.0015618860718043218,-0.001889088653883848,-0.002473656951145883,23.020000457763672
2021-01-27,-0.02474429466675558,0.0025400171689265224,-0.006355778295441206,37.209999084472656
2021-01-28,0.008563635641807957,-0.0055433066996840585,0.000926931727635592,30.209999084472656
2021-01-29,-0.020222822399849794,-0.00603425110010412,-0.0004054103376829626,33.09000015258789
2021-02-01,0.01650849504292592,0.0011584031718704989,0.00934152297824149,30.239999771118164
2021-02-02,0.014041178410189589,-0.006468079062310388,-0.012242430084677477,25.559999465942383
2021-02-03,0.0007856611581836955,-0.008912977484294673,-0.0015117720158050482,22.90999984741211
2021-02-04,0.011302041032311343,-0.0026758013110383,-0.021765636924135134,21.770000457763672
2021-02-05,0.003928045478141449,-0.00840889274605449,0.009823748692690917,20.8700008392334
2021-02-08,0.007195892425689263,0.0043814745223637735,0.01001975221091292,21.239999771118164
2021-02-09,-0.000666079994530061,0.0007394668878236322,0.0032595928083516256,21.6299991607666
2021-02-10,-0.00043539183389617404,0.006631676313874754,0.003654430629279855,21.989999771118164
2021-02-11,0.0016136619517023694,-0.005489435997306378,-0.008723013798522866,21.25
2021-02-12,0.004927368013309944,-0.012497343700921858,-0.003041852351548402,19.969999313354492
2021-02-16,-0.0008664214394485743,-0.015343660212928658,-0.014457496034195686,21.459999084472656
2021-02-17,0.00022943711723086947,0.006330870394460253,-0.011417786234196115,21.5
2021-02-18,-0.004264793655129417,-0.004055875395404142,-6.0090224343136566e-05,22.489999771118164
2021-02-19,-0.0017675027043768264,-0.013381039827906909,0.004139970385631239,22.049999237060547
2021-02-22,-0.007721573073452074,-0.00763656541179263,0.014858231751961605,23.450000762939453
2021-02-23,0.0012134467626406737,-0.0028882803230526493,-0.0023033964742125187,23.110000610351562
2021-02-24,0.010959196124676758,-0.0065815521184866745,-0.0007097783269727351,21.34000015258789
2021-02-25,-0.024390676282164507,-0.016465389825500287,-0.018995808065307287,28.889999389648438
2021-02-26,-0.005166062515480353,0.032524337090385956,-0.024480114534154506,27.950000762939453
2021-03-01,0.023951260784055163,-0.013295645070986895,-0.0017319159550744983,23.350000381469727
2021-03-02,-0.007834071824337173,7.108528078506237e-05,0.005433148366520264,24.100000381469727
2021-03-03,-0.01333407102250608,-0.01090486989521999,-0.011082728374520621,26.670000076293945
2021-03-04,-0.01245211285539908,-0.006470353262580439,-0.00988559566723337,28.56999969482422
2021-03-05,0.018229297235245683,0.0019451154359149403,0.0006286134207733884,24.65999984741211
2021-03-08,-0.004990912143279339,-0.0078052980022805234,-0.010422315048141234,25.469999313354492
2021-03-09,0.014176481306517942,0.013762350813345052,0.02104806019448947,24.030000686645508
2021-03-10,0.006205389303758216,0.0020019547018259925,0.005085327698430273,22.559999465942383
2021-03-11,0.010087722149443987,-0.0072392068468251,-0.0008663865026826478,21.90999984741211
2021-03-12,0.0013460807613022774,-0.02145015365477379,-0.00018574519969141986,20.690000534057617
2021-03-15,0.005945650029100182,0.005862528818482198,0.004386867610048303,20.030000686645508
2021-03-16,-0.001261750569696628,-0.004027021671147371,0.0009244132771239594,19.790000915527344
2021-03-17,0.0034037727762101025,-0.007510691901335481,0.0071195808075622735,19.229999542236328
2021-03-18,-0.014656467627348325,-0.010177964117930188,-0.0058269675795917875,21.579999923706055
2021-03-19,-0.0018519846231922986,0.006178333738386667,0.004174394816826358,20.950000762939453
2021-03-22,0.007953311815136432,0.011143423980274793,-0.0014713433816878438,18.8799991607666
2021-03-23,-0.007902222259034532,0.008986456930698399,-0.007327408483150656,20.299999237060547
2021-03-24,-0.00509611832765105,0.005367938883068011,0.003454859203276189,21.200000762939453
2021-03-25,0.005609637293618072,-0.007916304830235333,-0.0036402714825327686,19.809999465942383
2021-03-26,0.01598667041346361,-0.0035067990906224662,0.002839374216722469,18.860000610351562
2021-03-29,-0.0005053727218925284,-0.00852405032431093,-0.011967328788777756,20.739999771118164
2021-03-30,-0.002656515251579717,0.005225990760814685,-0.01723957501602924,19.610000610351562
2021-03-31,0.004045243316161771,-0.005595282669457018,0.015053975494509144,19.399999618530273
2021-04-01,0.010741241302931507,0.01646083495757823,0.012549018493591777,17.329999923706055
2021-04-05,0.014250892376615908,-0.004372588122112833,-0.00037046965366193687,17.90999984741211
2021-04-06,-0.0005907725365036819,0.006769475113507281,0.007996616729269289,18.1200008392334
2021-04-07,0.0011566859478861987,-0.006988663235258677,-0.0028223021365765604,17.15999984741211
2021-04-08,0.004735552351892493,0.008221236228158338,0.010694635856861524,16.950000762939453
2021-04-09,0.007243757527552831,-0.0036294599842942943,-0.007566026934120144,16.690000534057617
2021-04-12,0.0003646440737572223,-0.0004366422868636958,-0.006082067490100263,16.90999984741211
2021-04-13,0.002959149870893936,0.0074661718095437426,0.007061488473290135,16.649999618530273
2021-04-14,-0.0034209912940987475,-0.0031827411866483077,-0.0043537794872208335,16.989999771118164
2021-04-15,0.010685284660574635,0.01659614054412175,0.0160335365383925,16.56999969482422
2021-04-16,0.0033367699367615506,-0.007796711821581848,0.0060295628147861114,16.25
2021-04-19,-0.004924896930199578,-0.002876708118333104,-0.0027691247303623773,17.290000915527344
2021-04-20,-0.007348573532341184,0.004598691529839303,0.003550241996940974,18.68000030517578
2021-04-21,0.00941750834243053,0.0020046592137812733,0.009862362310853667,17.5
2021-04-22,-0.009174957120923392,0.004355106473355306,-0.00650425423162094,18.709999084472656
2021-04-23,0.010784031938757073,-0.002353684932492552,-0.0038387727937765547,17.329999923706055
2021-04-26,0.002085445890185908,-0.001428975226429454,0.002640755671589698,17.639999389648438
2021-04-27,-0.00021550182821748835,-0.008760668609012806,-0.0025205449092440876,17.559999465942383
2021-04-28,-0.0002874863130176469,0.000648361624913314,0.002940064461277065,17.280000686645508
2021-04-29,0.006352591296632026,-0.0029593261730034193,-0.004142547462168167,17.610000610351562
2021-04-30,-0.006592004523986321,0.002310964548090084,-0.003374702192485256,18.610000610351562
2021-05-03,0.002154221002958883,0.0005988077302630679,0.01289485518814097,18.309999465942383
2021-05-04,-0.0061883849329476565,0.006763526161968432,-0.007356686965198023,19.479999542236328
2021-05-05,0.0003127668275714617,0.001647677404057497,0.00413361336698124,19.149999618530273
2021-05-06,0.0079539468749574,0.0016449670284420766,0.016542002735280385,18.389999389648438
2021-05-07,0.007251623734558358,-0.004943752873073666,0.00895658735382193,16.690000534057617
2021-05-10,-0.00995191767929115,-0.010178354672070001,0.0030259218728549953,19.65999984741211
2021-05-11,-0.008964811687939,-0.005675881890486983,0.0001742848474817966,21.84000015258789
2021-05-12,-0.021474206145826735,-0.010563584733177077,-0.009983483413452903,27.59000015258789
2021-05-13,0.011940862248369504,0.001547629811682569,0.004098917859921596,23.1299991607666
2021-05-14,0.015238908742876726,0.009307777100013516,0.009074563611959028,18.809999465942383
2021-05-17,-0.0025480047841496857,-0.0021177744530049055,0.011572105937362132,19.719999313354492
2021-05-18,-0.008652564419672588,-0.002561828619367103,0.0019442812059788442,21.34000015258789
2021-05-19,-0.002625410953882113,-0.002421468187901785,0.0006853819629941132,22.18000030517578
2021-05-20,0.010700466003850346,0.008194909175534637,0.004556871795741219,20.670000076293945
2021-05-21,-0.0008190114694754415,0.0032013309254615534,0.00045446916842239933,20.149999618530273
2021-05-24,0.010142624473237195,0.0036977926922673226,0.001759487487714246,18.399999618530273
2021-05-25,-0.002221258246091578,0.009220561291622447,0.009031903514378268,18.84000015258789
2021-05-26,0.001982700183436195,-0.0017226706851666258,-0.0017435678186662285,17.360000610351562
2021-05-27,0.0005246747084629495,-0.004030623527006497,0.0003940189892895408,16.739999771118164
2021-05-28,0.0017873296387595431,-0.001587761387615159,0.0037630876338542248,16.760000228881836
2021-06-01,-0.0008814310165704621,-0.00022432330451028487,-0.0026945732480542135,17.899999618530273
2021-06-02,0.0015714959445811744,0.002312337719388343,0.004878526963101577,17.479999542236328
2021-06-03,-0.0037183972143232814,-0.0037606190766315563,-0.019772420864664846,18.040000915527344
2021-06-04,0.009104246509664694,0.013601866354718458,0.010725633264657355,16.420000076293945
2021-06-07,-0.0009705821264434888,-0.0030784785868249193,0.003999619209610979,16.420000076293945
2021-06-08,0.00021311833998785597,0.007002518999712943,-0.003096867753862795,17.06999969482422
2021-06-09,-0.001493093039158253,0.008789382677232189,-0.0019193434836643904,17.889999389648438
2021-06-10,0.004637533500937376,0.005981308070771273,0.004285131517665339,16.100000381469727
2021-06-11,0.0016513056740378165,-0.0016147226569435177,-0.011316177890912231,15.649999618530273
2021-06-14,0.002236309942934676,-0.0076889569380138205,-0.005878166410042197,16.389999389648438
2021-06-15,-0.0018358019191055525,-0.001204360444847737,-0.0037848631237422004,17.020000457763672
2021-06-16,-0.00559892656941622,-0.0008512437208275757,-0.01703600368035545,18.149999618530273
2021-06-17,-0.00033151572901340195,0.01486094209476959,-0.03122282591641038,17.75
2021-06-18,-0.013582384059259886,0.018631397053958092,-0.005562705142465907,20.700000762939453
2021-06-21,0.014214429641767534,-0.016885092505127007,0.012173251058176099,17.889999389648438
2021-06-22,0.005332111524362004,0.0024393261064577262,-0.00420166857422807,16.65999984741211
2021-06-23,-0.001205895423636036,-0.002578953461114695,-0.0006618767987564016,16.31999969482422
2021-06-24,0.005898159952237878,0.0016037864936473292,-0.0006021199876096117,15.970000267028809
2021-06-25,0.0035455539706663974,-0.010437693557068813,0.003306999189259349,15.619999885559082
2021-06-28,0.002014229782302946,0.010228865181605545,-5.999643961855651e-05,15.760000228881836
2021-06-29,0.0005376668746718529,0.0016715354230504248,-0.010561034647227364,16.020000457763672
2021-06-30,0.0008413759542245955,0.004443255252307519,0.004841763592293601,15.829999923706055
2021-07-01,0.005521217860349156,5.5647284964341354e-05,0.0034354496150826534,15.479999542236328
2021-07-02,0.007614602478689333,0.006016281441011687,0.0065369291506959725,15.069999694824219
2021-07-06,-0.0018231985468208764,0.011652958481989158,0.004949187883217545,16.440000534057617
2021-07-07,0.0035277187730073664,0.008820163604615848,0.0037995736126820853,16.200000762939453
2021-07-08,-0.008181251980610121,0.003909820665166765,-0.0006520293887520076,19.0
2021-07-09,0.010618153067777867,-0.014162193683916158,0.0033150614410246745,16.18000030517578
2021-07-12,0.003575628960794657,-0.0012975403832464155,-0.0012418718351821449,16.170000076293945
2021-07-13,-0.0034148652265335307,-0.007682649250610581,0.0013009357869861221,17.1200008392334
2021-07-14,0.0014911785548274413,0.01129788774014033,0.010697757313475486,16.329999923706055
2021-07-15,-0.0034214519414100465,0.010969921749606247,0.00017546425482688882,17.010000228881836
2021-07-16,-0.007874311961764312,-0.0018873951028618974,-0.009751038308664077,18.450000762939453
2021-07-19,-0.014878285042566592,0.021691180209411166,0.001179853512608669,22.5
2021-07-20,0.014228735493654396,-0.009685938561876044,-0.0012979424872485647,19.729999542236328
2021-07-21,0.008063794287790409,-0.01274780450207016,-0.003726190289074976,17.90999984741211
2021-07-22,0.002091822921050709,0.009408564520009221,0.0019535411866020086,17.690000534057617
2021-07-23,0.01023556939252022,-0.00671193737515601,-0.003139340880551927,17.200000762939453
2021-07-26,0.0024517779011955705,-0.0029671453107297783,-0.0023758261058627853,17.579999923706055
2021-07-27,-0.00456797409234226,0.010615352897407586,0.0016636888817755746,19.360000610351562
2021-07-28,-0.00041018073903959586,6.639696454239843e-05,0.0050335632022407,18.309999465942383
2021-07-29,0.004138676287133964,-0.005561198266747445,0.011044023020098688,17.700000762939453
2021-07-30,-0.004868038105631248,0.004692406326494221,-0.007918108309762988,18.239999771118164
2021-08-02,-0.0021004043142055268,0.008880047028199677,-0.0012374082182159806,19.459999084472656
2021-08-03,0.008102675734239081,0.0005305904061897363,-0.0007077270423842932,18.040000915527344
2021-08-04,-0.00493113009644578,0.002053858019040995,0.00023593466942563418,17.969999313354492
2021-08-05,0.006312926301397643,-0.005110276284591203,-0.003959922253451811,17.280000686645508
2021-08-06,0.0016512229251486302,-0.016841758818103778,-0.025308704477345147,16.149999618530273
2021-08-09,-0.0008140003195194241,-0.0035927595950883025,-0.017894816057729707,16.719999313354492
2021-08-10,0.001243154556718893,-0.0046291890114091416,0.00030914743149373187,16.790000915527344
2021-08-11,0.0024818291736510537,-0.0006139020747438722,0.01369082807188368,16.170000076293945
2021-08-12,0.0029923893643923937,-0.0016400010578864524,0.00024383177142714218,15.59000015258789
2021-08-13,0.0018181977369841119,0.01567263735681974,0.014224167163591615,15.449999809265137
2021-08-16,0.002351905513930965,0.002420590945392214,0.004975891262677384,16.1200008392334
2021-08-17,-0.006576734674466426,-0.0004032562256135307,-0.001496155150116038,17.90999984741211
2021-08-18,-0.011005390923929197,0.003353988182134844,0.0007783092556947036,21.56999969482422
2021-08-19,0.0015473412194531007,0.007337768100007188,-0.0029367165231408677,21.670000076293945
2021-08-20,0.007925432408106841,0.0006643426148722822,0.0005400158455303154,18.559999465942383
2021-08-23,0.008758070112451876,-0.0006643426148723598,0.012104007439095057,17.149999618530273
2021-08-24,0.0015860782370180162,-0.007807033268763166,-0.0004742535717267673,17.219999313354492
2021-08-25,0.0020959686436646434,-0.008341051891198065,-0.006961609676564189,16.790000915527344
2021-08-26,-0.00592061354716543,0.002765583429434524,0.001133835388463418,18.84000015258789
2021-08-27,0.008901353964020387,0.006780667958867498,0.014917723322635659,16.389999389648438
2021-08-30,0.004388012312863796,0.002606183549107212,-0.004947859047149437,16.190000534057617
2021-08-31,-0.001482842383113081,-0.006830058540539573,0.00200564206756742,16.479999542236328
2021-09-01,0.0005314094466022445,0.0016731177199188145,5.88968847449306e-05,16.110000610351562
2021-09-02,0.003072019044955765,0.004356766294602595,-0.002655242464544409,16.40999984741211
2021-09-03,-0.0002428584167138645,-0.009136194598954435,0.010637446088029513,16.40999984741211
2021-09-07,-0.003582158213514488,-0.008471797993237502,-0.019778020504279115,18.139999389648438
2021-09-08,-0.0012187464965646387,0.006782843252651827,-0.002507544166051433,17.959999084472656
2021-09-09,-0.004289316665765021,0.012027625178140055,0.004413734414974538,18.799999237060547
2021-09-10,-0.00791591058212828,-0.008855019197146473,-0.005071495164425335,20.950000762939453
2021-09-13,0.0025559567737338013,0.006046129353327996,0.0033441618437189445,19.3700008392334
2021-09-14,-0.005411274551063128,0.012050166148350732,0.006417907636002404,19.459999084472656
2021-09-15,0.008318178826843348,-0.003513025181610127,-0.005881528710091136,18.18000030517578
2021-09-16,-0.0015867611990292713,-0.004593281210767041,-0.022902242747818987,18.690000534057617
2021-09-17,-0.009788765486905686,-0.004815227038891014,-0.0015862999324902439,20.809999465942383
2021-09-20,-0.016814732439274865,0.012325828834005483,0.007118755657039398,25.709999084472656
2021-09-21,-0.0009449601845142411,-0.0008612607398934492,0.00664689654260444,24.360000610351562
2021-09-22,0.009707385163436924,0.005946595197822213,-0.0037409995549623856,20.8700008392334
2021-09-23,0.012076691696042953,-0.022855829454419357,-0.011613566243419594,18.6299991607666
2021-09-24,0.001646243195097461,-0.009821441806639181,-0.0012850982867509395,17.75
2021-09-27,-0.002865030970391556,-0.0036825143282323246,0.0020798706668898187,18.760000228881836
2021-09-28,-0.020357857143632016,-0.01569947509121125,-0.009763940911599527,23.25
2021-09-29,0.001681895220125201,0.0017334291051289011,-0.0045149330127863515,22.559999465942383
2021-09-30,-0.012297863776990797,-0.00013833530127216098,0.01781698430701417,23.139999389648438
2021-10-01,0.01181435343923664,0.008380413761722758,0.0022505110921036547,21.100000381469727
2021-10-04,-0.012979954999477196,-0.0025489021164599207,0.004667408258473528,22.959999084472656
2021-10-05,0.010350904772606433,-0.009703589145016397,-0.004667408258473519,21.299999237060547
2021-10-06,0.004147632983827188,0.005625618927767908,0.002669757352534067,21.0
2021-10-07,0.008608564567277464,-0.010512608802272257,-0.005285683868044846,19.540000915527344
2021-10-08,-0.0018255789837222265,-0.007023880352105283,0.00042627404378714777,18.770000457763672
2021-10-11,-0.007265846224478053,-0.0025403004839408944,-0.0018893655741350408,20.0
2021-10-12,-0.0024645979072552937,0.016955256985839662,0.004504271350483098,19.850000381469727
2021-10-13,0.0035910843303367484,0.00967956115064169,0.01763773443447277,18.639999389648438
2021-10-14,0.016680962994393513,0.003708347468763669,0.0024434808580754102,16.860000610351562
2021-10-15,0.007586749249654747,-0.005844181727485343,-0.0160204917648545,16.299999237060547
2021-10-18,0.0029561096991614915,0.0046785536481354535,-0.002482990902389477,16.309999465942383
2021-10-19,0.007685363886693616,-0.013891057523530067,0.003208519186409284,15.699999809265137
2021-10-20,0.0039199996272712345,-0.006773010906251213,0.008725778175468667,15.489999771118164
2021-10-21,0.0026049414278729918,-0.0011921218480246466,-0.0008991093021597419,15.010000228881836
2021-10-22,-0.0010368206863627918,0.010952907795074808,0.006098334452755203,15.430000305175781
2021-10-25,0.005348496643671579,-0.0015267588405284244,0.006890365329616705,15.239999771118164
2021-10-26,0.0008995825693311685,0.00823457166302307,-0.007427027125168416,15.979999542236328
2021-10-27,-0.004440015520190127,0.018030883611528808,0.0026206236403640355,16.979999542236328
2021-10-28,0.009602512112890581,-0.003390496425948712,-0.00023791366260843256,16.530000686645508
2021-10-29,0.0020273046934980044,0.003051860591921325,-0.008544299301700552,16.260000228881836
2021-11-01,0.0017186073392973604,-0.0072262307004987885,0.005207004497418708,16.40999984741211
2021-11-02,0.004034901802501859,0.0044289060677443716,-0.0021513131388870075,16.030000686645508
2021-11-03,0.006086715079736994,-0.010387164217731594,-0.0083501482773226,15.100000381469727
2021-11-04,0.004701437867418057,0.010455467045027315,0.011277125295739413,15.4399995803833
2021-11-05,0.0034636652075044497,0.014844708559167976,0.012978359326946427,16.479999542236328
2021-11-08,0.0008530720893630417,-0.0018773741603794153,0.003585184846901929,17.219999313354492
2021-11-09,-0.003310592767507021,0.012934864489901332,0.004916006634195484,17.780000686645508
2021-11-10,-0.008077434723677786,-0.01845251029144281,0.010800248284572371,18.729999542236328
2021-11-11,0.00032352439536038305,-0.0014855649090920963,0.005586453042738802,17.65999984741211
2021-11-12,0.007518483460425782,-0.0044020893820092425,0.0018934614978916627,16.290000915527344
2021-11-15,0.00034252809615760915,-0.012636524736584229,-0.00154894492430588,16.489999771118164
2021-11-16,0.003949860602750948,-0.0025462107884961305,-0.007260156004477963,16.3700008392334
2021-11-17,-0.0024322985787128028,0.007893462552270488,0.009095692432078762,17.110000610351562
2021-11-18,0.00339072294473558,0.0037534494515296117,-0.0032143154449525086,17.59000015258789
2021-11-19,-0.001790088668808607,0.010502465843387451,-0.007675708262916443,17.90999984741211
2021-11-22,-0.0028188321184973997,-0.011797183972858404,-0.02267561664312034,19.170000076293945
2021-11-23,0.0013251252179732672,-0.014564933317039433,-0.008690053468478977,19.3799991607666
2021-11-24,0.0026662941269413104,0.01592826718788338,-0.0009569597921073518,18.579999923706055
2021-11-26,-0.022555714789781654,0.024954626845666284,-0.0016168462526691021,28.6200008392334
2021-11-29,0.012192021535654607,-0.008070884050239178,-0.0013795005365548109,22.959999084472656
2021-11-30,-0.01964943304325648,0.01508795840691534,-0.006744546424564762,27.190000534057617
2021-12-01,-0.011169322746228115,0.006150046178336554,0.003980006790395922,31.1200008392334
2021-12-02,0.015200103536350148,0.0012463207920686394,-0.005552205835401061,27.950000762939453
2021-12-03,-0.008739367349223624,0.01186143260303008,0.008376819081740972,30.670000076293945
2021-12-06,0.011773850784376245,-0.013830018139093991,-0.0024635953850727986,27.18000030517578
2021-12-07,0.02047368951246527,-0.00811220002469183,0.0035432060613326127,21.889999389648438
2021-12-08,0.002644486730923939,-0.017436163643202756,0.0005393685677794685,19.899999618530273
2021-12-09,-0.0067743808478355405,0.005577520366484006,-0.006130129283900702,21.579999923706055
2021-12-10,0.009369411793750178,-0.0024159017797079794,0.004211020685246302,18.690000534057617
2021-12-13,-0.008897824107423657,0.014671190094883237,0.002518126917516811,20.309999465942383
2021-12-14,-0.006903742731689074,-0.0023862620257692835,-0.009385206339641532,21.889999389648438
2021-12-15,0.015504080903440874,-0.009668138818377565,0.004282351988516796,19.290000915527344
2021-12-16,-0.008857401052320354,0.000389097197751533,0.012024970840539904,20.56999969482422
2021-12-17,-0.010700075691506739,0.011268422110913643,-0.002143116686188639,21.56999969482422
2021-12-20,-0.010690444265831283,-0.007520672630524996,-0.004240244730917084,22.8700008392334
2021-12-21,0.017603128054088122,-0.003814362513821358,-0.00041897618344674124,21.010000228881836
2021-12-22,0.009949042203385659,0.004615980464874713,0.00935611880010715,18.6299991607666
2021-12-23,0.00620283682443093,-0.008714748745691602,0.002251481491211197,17.959999084472656
2021-12-27,0.01405298251576175,0.002420618002944105,0.002364450476828884,17.68000030517578
2021-12-28,-0.0008176023442441371,-0.0039708302972817355,-0.004319380340024978,17.540000915527344
2021-12-29,0.001278357628489055,-0.010984781420834928,-0.0002965516280151311,16.950000762939453
2021-12-30,-0.0027682650493337495,0.008351104080541287,0.007151581744182501,17.329999923706055
2021-12-31,-0.0025234266955883565,0.0019589530997970723,0.006808358432551388,17.219999313354492
2022-01-03,0.005773431370724483,-0.026600691067155385,-0.015503300973700684,16.600000381469727
2022-01-04,-0.00033513399306529546,-0.004166933828243909,0.007339514803169255,16.90999984741211
2022-01-05,-0.0193887869676104,-0.005442740780923445,-0.003012197052209778,19.729999542236328
2022-01-06,-0.0009399156122363079,0.0025855511457545284,-0.012319703780209438,19.610000610351562
2022-01-07,-0.0039613191592866945,-0.007214092544613296,0.004540812572282988,18.760000228881836
2022-01-10,-0.0012450550057210971,0.002457218210097344,0.0030355936239956378,19.399999618530273
2022-01-11,0.00906694670686807,0.0066395285337680675,0.01199245713664559,18.40999984741211
2022-01-12,0.00269987892239746,-0.0038383230818450783,0.0026391371424113854,17.6200008392334
2022-01-13,-0.013874245804850648,0.00884110388253156,-0.003402771341298051,20.309999465942383
2022-01-14,0.0004087802089775137,-0.015224497188475126,-0.002883829150556528,19.190000534057617
2022-01-18,-0.017868182293669845,-0.014174792113482987,-0.0016516182679313014,22.790000915527344
2022-01-19,-0.010438052968870374,0.006900069004288101,0.015755750605134237,23.850000381469727
2022-01-20,-0.011129679737191756,0.006148046691684693,-0.0025020112544038944,25.59000015258789
2022-01-21,-0.019825864859266244,0.011836275943119584,-0.003267771913809988,28.850000381469727
2022-01-24,0.0042377527998827885,-0.008249869273076516,0.005479160681096094,29.899999618530273
2022-01-25,-0.012284158089479814,-0.0016161979143517165,0.003192034576976311,31.15999984741211
2022-01-26,-0.002511844266526341,-0.012167386107899903,-0.01629856790431354,31.959999084472656
2022-01-27,-0.004950270661349893,0.018196195757544317,-0.01298211532059733,30.489999771118164
2022-01-28,0.024532134080554057,0.0003494676760521409,-0.002987752337666492,27.65999984741211
2022-01-31,0.01785064270918215,-0.005183294731138003,0.005907056331230696,24.829999923706055
2022-02-01,0.006734262854107919,-0.003324659909363466,0.0008325368758188378,21.959999084472656
2022-02-02,0.009667043645379191,0.003380585877925266,0.00361943388995412,22.09000015258789
2022-02-03,-0.023785460684694358,-0.007836494820006814,-0.0014224174555621005,24.350000381469727
2022-02-04,0.0046911674735265595,-0.01485196622083919,0.0015408910869810946,23.219999313354492
2022-02-07,-0.003214394739788432,0.0006470773579259554,0.007375317353577323,22.860000610351562
2022-02-08,0.008194196965700869,-0.006708096664340938,0.0030522079460774463,21.440000534057617
2022-02-09,0.014529970285847972,0.0018802907616829068,0.003393414275398407,19.959999084472656
2022-02-10,-0.018128964682387037,-0.01602044389052154,-0.0038037857675304026,23.90999984741211
2022-02-11,-0.019915795485344903,0.014719150154152035,0.018875607865561438,27.360000610351562
2022-02-14,-0.0032745539571450975,-0.012519330945167745,0.005336451777182292,28.329999923706055
2022-02-15,0.015998012572834945,-0.011417861605651355,-0.009545260370239185,25.700000762939453
2022-02-16,0.0011203615667549865,0.0059093117544949236,0.01023173130733765,24.290000915527344
2022-02-17,-0.021592823388812174,0.007411014397645866,0.013575508168976262,28.110000610351562
2022-02-18,-0.00649617806120248,0.01047205193197557,-0.000733724019731723,27.75
2022-02-22,-0.010789605882912905,0.0026010154667941514,0.002086858856896338,28.809999465942383
2022-02-23,-0.017897930872411424,-0.01387759727139658,0.004497100140272996,31.020000457763672
2022-02-24,0.014937074389212171,0.0006586254077597909,-0.006471023453826176,30.31999969482422
2022-02-25,0.02182413249376543,0.0007306758822848939,-0.0033362372759372606,27.59000015258789
2022-02-28,-0.0025618280091458103,0.021681886251749147,0.010311993951243732,30.149999618530273
2022-03-01,-0.015347588471617732,0.011495242406677705,0.01800043176575384,33.31999969482422
2022-03-02,0.018229063963889493,-0.0347805505723118,-0.010460864384517259,30.739999771118164
2022-03-03,-0.004990927347347128,0.010133916771624726,0.005935763844875876,30.479999542236328
2022-03-04,-0.008157886312999052,0.017116626121227944,0.015803608419049087,31.979999542236328
2022-03-07,-0.029922225368555988,-0.007659156542085514,0.014753495270293054,36.45000076293945
2022-03-08,-0.007610646714636804,-0.010110473395595931,0.026991429368426304,35.130001068115234
2022-03-09,0.026457625335145292,-0.009847357152206885,-0.030161495266205762,32.45000076293945
2022-03-10,-0.004525786911171856,-0.014471228063134797,0.003116366878477797,30.229999542236328
2022-03-11,-0.012796500464846518,0.0033412281599792867,-0.007052696024243029,30.75
2022-03-14,-0.007335126423368345,-0.023625880085068756,-0.01518847505814139,31.770000457763672
2022-03-15,0.021752093896187093,-0.0017472261418651474,-0.018882610033681094,29.829999923706055
2022-03-16,0.02193187457804121,0.00975992204814626,0.006241285995487705,26.670000076293945
2022-03-17,0.01243332750180968,-0.007481897580172745,0.004876733952655098,25.670000076293945
2022-03-18,0.010893267768752433,0.012139104552840946,-0.008828710707897394,23.8700008392334
2022-03-21,-0.0002924949099999928,-0.023428908503402127,0.00761175501954624,23.530000686645508
2022-03-22,0.011633646158187386,-0.01289465749670448,-0.007277189924242526,22.940000534057617
2022-03-23,-0.012962160223388036,0.02167854498666727,0.013567209576051467,23.56999969482422
2022-03-24,0.014961929425179035,-0.007863777039081043,0.007234137513108609,21.670000076293945
2022-03-25,0.00487164988420682,-0.013970216518803976,-0.004103860537691329,20.809999465942383
2022-03-28,0.007087917818516394,0.008513372040412573,-0.018371517706821095,19.6299991607666
2022-03-29,0.012294808393662307,0.0075240028115151954,0.00044668806848975184,18.899999618530273
2022-03-30,-0.00619375268326765,0.007771736840447503,0.008006283379257595,19.329999923706055
2022-03-31,-0.015511073443878058,0.0024255662771431076,0.00038752078804877134,20.559999465942383
2022-04-01,0.0028300644709328797,0.0037993928631064643,-0.00638621587890147,19.6299991607666
2022-04-04,0.008530001179431439,-0.006973859752943434,0.004835061682683925,18.56999969482422
2022-04-05,-0.01271164224327855,-0.022851546451328156,-0.006284549046099261,21.030000686645508
2022-04-06,-0.010049677153990298,-0.00812702009064951,0.0023404756196963713,22.100000381469727
2022-04-07,0.005026396080492609,-0.007561234989754691,0.0037777415804506904,21.549999237060547
2022-04-08,-0.002677629004615101,-0.010889667543129006,0.006246419748615932,21.15999984741211
2022-04-11,-0.01724003134338402,-0.01595145816311033,0.004947206140849894,24.3700008392334
2022-04-12,-0.003712084011398576,-0.001381548144428995,0.007647435301758943,24.260000228881836
2022-04-13,0.01138838795270965,0.0020310709878627654,0.004777109287769396,21.81999969482422
2022-04-14,-0.01253000210955268,-0.02024921724814043,-0.0033090194372706765,22.700000762939453
2022-04-18,0.0004111931047022715,-0.004981400584892842,0.0030924062818564585,22.170000076293945
2022-04-19,0.016013677515987937,-0.0075187529290433675,-0.015228268112133887,21.3700008392334
2022-04-20,-0.0007417470831861266,0.019925997765884284,0.0048830061930919995,20.31999969482422
2022-04-21,-0.015066434078313649,-0.007425844251948001,-0.003563943502360224,22.68000030517578
2022-04-22,-0.02782271399884863,-0.006313946036694995,-0.009769661352400816,28.209999084472656
2022-04-25,0.005780797468426085,0.00995107603842968,-0.018134432520229594,27.020000457763672
2022-04-26,-0.02938837977696775,0.010016696450508072,0.0015238553873300224,33.52000045776367
2022-04-27,0.002807818562485303,-0.0129089246813498,-0.007585723242633687,31.600000381469727
2022-04-28,0.024945752016208807,0.0014888013517514922,0.0053838047894630165,29.989999771118164
2022-04-29,-0.0376559356432161,-0.01305816344014117,-0.00011298334784093811,33.400001525878906
2022-05-02,0.006001327408345395,-0.01748574444506987,-0.01871452290294498,32.34000015258789
2022-05-03,0.0045738737164388674,0.006719437930785265,0.0026457593569150124,29.25
2022-05-04,0.0299982287971199,0.005494426467369704,0.009774616775434711,25.420000076293945
2022-05-05,-0.03618973624600717,-0.02778062616041176,-0.0038184194446891804,31.200000762939453
2022-05-06,-0.00598684567250939,-0.014844862824548463,0.0016545049194706565,30.190000534057617
2022-05-09,-0.03254101330583665,0.008758914388066726,-0.014585347642546313,34.75
2022-05-10,0.002307832920365965,0.009028903786534065,-0.00848106565352078,32.9900016784668
2022-05-11,-0.016013798826227024,0.019088696191074537,0.008133958004822058,32.560001373291016
2022-05-12,-0.001044460394757591,-0.0018672381364500295,-0.015452706170676834,31.770000457763672
2022-05-13,0.023626574800496958,-0.014891092274176995,-0.008142627698810948,28.8700008392334
2022-05-16,-0.004065708603071452,-0.0010354558092708292,0.009493279652076629,27.469999313354492
2022-05-17,0.020361681734043083,-0.012156751427321524,-0.006299094085683991,26.100000381469727
2022-05-18,-0.041146758767038945,0.02109325928503008,0.000531343704844183,30.959999084472656
2022-05-19,-0.006143304750031236,0.0023923885833193807,0.014590277160260899,29.350000381469727
2022-05-20,0.00043646662749850606,0.011286070490996213,0.000697767757192036,29.43000030517578
2022-05-23,0.018537123686204048,-0.016591261549297395,0.004639589893868967,28.479999542236328
2022-05-24,-0.0076631715003789075,0.019540187388179687,0.007493711725538028,29.450000762939453
2022-05-25,0.008796309840369656,0.003946478999899398,-0.006048248796558386,28.3700008392334
2022-05-26,0.01978440607632752,-0.004535404707241334,-0.001850609639927292,27.5
2022-05-27,0.0242524971345386,0.0024381971664796036,0.0005208853826908474,25.719999313354492
2022-05-31,-0.005626706548952417,-0.021389458847317272,-0.009942270255165302,26.190000534057617
2022-06-01,-0.00812134565166785,-0.0011434399562555285,0.0063488366174163004,25.690000534057617
2022-06-02,0.018864492946502744,0.0005161024454572549,0.012234040087981134,24.719999313354492
2022-06-03,-0.016547717299659665,-0.0021523388549347547,-0.010203900438868029,24.790000915527344
2022-06-06,0.0030400364642154494,-0.01861559545934244,-0.004413447852864014,25.06999969482422
2022-06-07,0.009546583607515325,0.010742056006835823,0.006497267812168451,24.020000457763672
2022-06-08,-0.010931721662103596,-0.008900274602235091,-0.0009256257836888652,23.959999084472656
2022-06-09,-0.02407032097762874,0.003325249560774892,-0.0031883338247287547,26.09000015258789
2022-06-10,-0.029424189907791363,-0.006221413624815271,0.013323135228160962,27.75
2022-06-13,-0.03870775947040433,-0.03188215118451236,-0.02676735882447253,34.02000045776367
2022-06-14,-0.0030180139809174358,-0.01269373222980559,-0.008035407203286724,32.689998626708984
2022-06-15,0.0141557153910249,0.018484579036597202,0.012966509676610984,29.6200008392334
2022-06-16,-0.03365604484615102,0.007908251016548186,0.011180446816136464,32.95000076293945
2022-06-17,0.0021534730480634793,0.0032172324423772256,-0.008256810144045654,31.1299991607666
2022-06-21,0.024861782531141678,-0.017097665010392525,-0.0037437854344901486,30.190000534057617
2022-06-22,-0.0018143676755859876,0.027129296619639545,0.003977268335422712,28.950000762939453
2022-06-23,0.009754613591533068,0.008181153789896102,-0.006148118298448717,29.049999237060547
2022-06-24,0.03129884132728644,-0.013939415862568512,-0.0009989609969459391,27.229999542236328
2022-06-27,-0.0038268164859098994,-0.00856499986934599,-0.0011176944418580068,26.950000762939453
2022-06-28,-0.020644479468484824,0.004648278356689533,-0.0016493806069405818,28.360000610351562
2022-06-29,-0.0008149099252294097,0.015487708015156084,-0.0007666517068580592,28.15999984741211
2022-06-30,-0.008157402734400358,0.008743776438761902,-0.006095587698335223,28.709999084472656
2022-07-01,0.010520802176321077,0.010214140589471735,-0.0008313996785857856,26.700000762939453
2022-07-05,0.00188697512555484,0.007826321248563105,-0.021437799680384485,27.540000915527344
2022-07-06,0.0033716719528020145,-0.016933223326154424,-0.01596901758740465,26.729999542236328
2022-07-07,0.01486604575424275,-0.008839556694676958,0.0005548992912700342,26.079999923706055
2022-07-08,-0.0008229602479179234,-0.011137412634847368,0.00043143823725389326,24.639999389648438
2022-07-11,-0.011489406534554924,0.017097262133008734,-0.0053749265251639535,26.170000076293945
2022-07-12,-0.008888259426169633,0.005924693460538903,-0.0037236489059839332,27.290000915527344
2022-07-13,-0.005265366591688945,0.011400672082812549,0.004776265963686179,26.81999969482422
2022-07-14,-0.00243138776835456,-0.008191937670281485,-0.014146649261641277,26.399999618530273
2022-07-15,0.01892459721535244,0.005612396638299001,-0.0020104758163567997,24.229999542236328
2022-07-18,-0.008290996534713735,-0.01047320574267488,0.000942949789432323,25.299999237060547
2022-07-19,0.02666052785589475,-0.005409243044742797,0.002384623832616704,24.5
2022-07-20,0.006352808306881676,0.0026212458172394574,-0.009446509339211243,23.8799991607666
2022-07-21,0.010131840913602438,0.01712832653705406,0.01401179660226555,23.110000610351562
2022-07-22,-0.009321510531586428,0.016671010223634403,0.0024926409954947677,23.030000686645508
2022-07-25,0.0012142657104316766,-0.009833067554584159,-0.0027423043036363935,23.360000610351562
2022-07-26,-0.01190157664743562,0.0007667829650528969,-0.001186514317386386,24.690000534057617
2022-07-27,0.02563501214315947,-0.005633853394749478,0.010133467249785824,23.239999771118164
2022-07-28,0.01246419147752645,0.007929180791183064,0.01211168004371747,22.329999923706055
2022-07-29,0.014473650997209216,-0.0027209862953437116,0.0028071459585694595,21.329999923706055
2022-08-01,-0.0029657428498499542,0.023797810253272336,0.005651232868696488,22.84000015258789
2022-08-02,-0.006619122923963722,-0.021386634799510248,-0.005955990148902209,23.93000030517578
2022-08-03,0.015538365441444492,0.01562214178242635,0.002435276067987767,21.950000762939453
2022-08-04,-0.0006761632043052673,-0.0003355437983361969,0.016404693683584038,21.440000534057617
2022-08-05,-0.0016914013285357144,-0.02409094671871852,-0.011309781450742627,21.149999618530273
2022-08-08,-0.0011615114816626595,0.016012349525567085,0.008434348290836127,21.290000915527344
2022-08-09,-0.003979026514101678,-0.0038942564281071665,0.003054867797077557,21.770000457763672
2022-08-10,0.020786540078972696,-0.006552996024648123,-0.0025151110588634198,19.739999771118164
2022-08-11,0.0,-0.02358543151863387,-0.002641706914863643,20.200000762939453
2022-08-12,0.01678707595410568,0.01008998174705128,0.009155976822720392,19.530000686645508
2022-08-15,0.004112352721522882,-0.0008661418405208069,-0.012950528089989187,19.950000762939453
2022-08-16,0.0019568545389420126,0.004149104671996162,-0.0017516299628300418,19.690000534057617
2022-08-17,-0.007123105642008441,-0.010492280587542787,-0.006489345947105167,19.899999618530273
2022-08-18,0.002901968618134,0.0014809252413733338,-0.0026198444873023344,19.559999465942383
2022-08-19,-0.01352904301961134,-0.01623353842789361,-0.007347552958114958,20.600000381469727
2022-08-22,-0.021042376091759293,-0.0033671938207917754,-0.00665930336783302,23.799999237060547
2022-08-23,-0.0024221540083426154,-0.005518726749026798,0.006966551217581505,24.110000610351562
2022-08-24,0.0031959965399203033,-0.007345495131551468,0.002944580504679446,22.81999969482422
2022-08-25,0.014018884257446074,0.013840221740939523,0.0030581063588208724,21.780000686645508
2022-08-26,-0.03443527603671099,0.007509198029486956,-0.012227153201929956,25.559999465942383
2022-08-29,-0.006634175636734114,-0.0083075871543696,0.0006180465249853886,26.209999084472656
2022-08-30,-0.011038508453755095,0.002481682853608537,-0.008375556136480044,26.209999084472656
2022-08-31,-0.007638101143299749,-0.009606972543264597,-0.0077553096129762645,25.8700008392334
2022-09-01,0.003132866540795512,-0.018477870438188597,-0.00882902347465035,25.559999465942383
2022-09-02,-0.010600421542084884,0.005640789441899223,0.00876617372318804,25.469999313354492
2022-09-06,-0.0037804738274863276,-0.025080142499149777,-0.005856578259356107,26.90999984741211
2022-09-07,0.017805699703923025,0.015691687441039135,0.010117286090114818,24.639999389648438
2022-09-08,0.006515108244720713,-0.010310551433068318,-0.006020378897494643,23.610000610351562
2022-09-09,0.015415822720514219,0.0022184810347113484,0.005269846503477033,22.790000915527344
2022-09-12,0.01069023129383442,-0.00825111326383058,0.005055386193321507,23.8700008392334
2022-09-13,-0.044456060060072675,0.002324300585824889,-0.013096728906648173,27.270000457763672
2022-09-14,0.003808466161665154,0.003430878698608383,-0.003855034555311845,26.15999984741211
2022-09-15,-0.0114184020939258,-0.0006480971100232768,-0.018855801737618274,26.270000457763672
2022-09-16,-0.007658006218750993,-0.008370863078617462,0.005533767627080334,26.299999237060547
2022-09-19,0.0077250882480397,0.0023323819532591744,0.0007697907679810017,25.760000228881836
2022-09-20,-0.01154501393999619,-0.01002043553417831,-0.005722932055293624,27.15999984741211
2022-09-21,-0.017597702049639556,0.01661426805207168,0.004632228320962459,27.989999771118164
2022-09-22,-0.008435370596773675,-0.025880047284269663,-0.0005778441890031698,27.350000381469727
2022-09-23,-0.01689680859440411,0.004075889095459777,-0.017427816406674814,29.920000076293945
2022-09-26,-0.0099420392456403,-0.019295432748964232,-0.01170141432179742,32.2599983215332
2022-09-27,-0.002556078570432237,-0.026684056380471294,0.0020477436877313054,32.599998474121094
2022-09-28,0.0194857343104753,0.03293362235470069,0.020573557832177892,30.18000030517578
2022-09-29,-0.021110529206987045,-0.005189193869508621,-0.0001939471718055397,31.84000015258789
2022-09-30,-0.015584197497542697,-0.012994868065752008,6.462035224685361e-05,31.6200008392334
2022-10-03,0.02605874607940751,0.015764639230571812,0.024019005945363412,30.100000381469727
2022-10-04,0.030516215565690574,-0.0027967244722846766,0.014226444596111972,29.06999969482422
2022-10-05,-0.0023308533190829466,-0.009607950713983217,-0.005553659432976476,28.549999237060547
2022-10-06,-0.010369516028349584,-0.005573555029656587,-0.0011269264553861384,30.520000457763672
2022-10-07,-0.0282903948001227,-0.009755211449698695,-0.011023386142689101,31.360000610351562
2022-10-10,-0.007664557103054713,-0.015668114078430467,-0.015318203217156916,32.45000076293945
2022-10-11,-0.00635283855214534,0.004415951874705278,-0.002060212330939929,33.630001068115234
2022-10-12,-0.003303949618004581,0.004894713844930959,0.005335071671709423,33.56999969482422
2022-10-13,0.026048416218714995,-0.009612514828010326,-0.006947611087114204,31.940000534057617
2022-10-14,-0.023052211620745475,-0.00828427109366031,-0.012537160793022467,32.02000045776367
2022-10-17,0.025372378835112182,-0.0048819487306399414,0.0028720806307473926,31.3700008392334
2022-10-18,0.011681143658004859,0.002342157623251197,0.002148660090392182,30.5
2022-10-19,-0.007111829820825487,-0.018373604488739367,-0.013488925988338462,30.760000228881836
2022-10-20,-0.008420584440121646,-0.017240932067369402,-0.0015834633753089122,29.979999542236328
2022-10-21,0.024010975238876457,-0.018187106839029455,0.01767059741452654,29.690000534057617
2022-10-24,0.012162180504944825,-0.008298821653481878,-0.0032488658845126403,29.850000381469727
2022-10-25,0.01584240965010077,0.028696918963030078,0.002275353560635257,28.459999084472656
2022-10-26,-0.007562710743422855,0.01430435657234862,0.006343446354353355,27.280000686645508
2022-10-27,-0.005354048910973991,0.010416409189777646,-0.0015497241473593686,27.389999389648438
2022-10-28,0.023511879645791347,-0.0068975395736114815,-0.01026317410117862,25.75
2022-10-31,-0.0072495004071323295,-0.007153891102706332,-0.008194886192774814,25.8799991607666
2022-11-01,-0.0043853579112778,0.00930207645025147,0.010151726172797497,25.809999465942383
2022-11-02,-0.02541672652120626,-0.004349423305652063,-0.006996970202892216,25.860000610351562
2022-11-03,-0.01035013367654543,-0.005411604058471523,-0.003813297433937162,25.299999237060547
2022-11-04,0.014290595402827604,-0.016943089344580466,0.0302345832528433,24.549999237060547
2022-11-07,0.009519874811075774,-0.0100269026534898,-0.003970260739379374,24.350000381469727
2022-11-08,0.0053811790550883296,0.01087541848905899,0.022836328940686813,25.540000915527344
2022-11-09,-0.02081728533192417,0.0032818629462134127,-0.005029894759161607,26.09000015258789
2022-11-10,0.053497302244785286,0.03775214808390442,0.029990153003992607,23.530000686645508
2022-11-11,0.00963202742537248,-0.0036706985541277207,0.00658459794711783,22.520000457763672
2022-11-14,-0.008543386679200363,-0.002454788795985133,0.0021852662272774694,23.729999542236328
2022-11-15,0.008493069054197737,0.01605076281233888,0.0035106980811025834,24.540000915527344
2022-11-16,-0.007658057552286006,0.021632309231862847,-0.0022987420952167376,24.110000610351562
2022-11-17,-0.0030645017013946046,-0.010608004130016273,-0.007293959961673216,23.93000030517578
2022-11-18,0.004530334288367688,-0.006901184067633855,-0.006917507382313755,23.1200008392334
2022-11-21,-0.0036428854758300835,0.004206199635766206,-0.0056056352070885974,22.360000610351562
2022-11-22,0.013367318147312688,0.014092395141678976,0.0011730356909015207,21.290000915527344
2022-11-23,0.0062816599884414764,0.01729117126275227,0.006212503317279542,20.350000381469727
2022-11-25,-0.00022357317312023424,-0.003395636010188876,0.000858102340972588,20.5
2022-11-28,-0.016085708089881214,0.0028140665050850346,-0.007934893665371402,22.209999084472656
2022-11-29,-0.001718944150041877,-0.011795008451093214,0.004928261563008794,21.889999389648438
2022-11-30,0.031014549336639382,0.007327195555954806,0.012700921015012894,20.579999923706055
2022-12-01,-0.0007361570964078424,0.03144646768661799,0.01821784239630758,19.84000015258789
2022-12-02,-0.0011544113248847009,0.012497014957797311,-0.0034616677176241193,19.059999465942383
2022-12-05,-0.01815302964580446,-0.014105818847040014,-0.01730780530272015,20.75
2022-12-06,-0.014519715144792993,0.012797557917247465,0.0027336344458788004,22.170000076293945
2022-12-07,-0.0017026519477286628,0.023289163967054948,0.008998493556537802,22.68000030517578
2022-12-08,0.007803382932310288,-0.0027441049119900297,0.0008413425277820795,22.290000915527344
2022-12-09,-0.007498073936742681,-0.026358756080314405,0.0035378943750204003,22.829999923706055
2022-12-12,0.014314083733498878,0.003192602434382518,-0.008294841833501867,25.0
2022-12-13,0.00754156422177128,0.009609309759660439,0.016936889733695327,22.549999237060547
2022-12-14,-0.006414256044089364,0.004262229979882399,-0.0024359858905979824,21.139999389648438
2022-12-15,-0.024765713688220385,0.0038939108328584606,-0.016494600382901816,22.829999923706055
2022-12-16,-0.011876310656729535,-0.011233318967299788,0.008671019495160068,22.6200008392334
2022-12-19,-0.008515893288186159,-0.01694783064896005,-0.0028218082489996433,22.420000076293945
2022-12-20,0.001367435750756709,-0.01791656838678,0.016458298941440037,21.479999542236328
2022-12-21,0.014841608927393368,0.0025100668590364306,-0.0016573862871153066,20.06999969482422
2022-12-22,-0.01436865286756859,-0.0001925870462427533,-0.012158980168932585,21.969999313354492
2022-12-23,0.005735663421204223,-0.014769159203229899,0.002993835039254722,20.8700008392334
2022-12-27,-0.0039512347404095476,-0.01997097877904611,0.008394677302769623,21.649999618530273
2022-12-28,-0.012505735065704878,-0.005909195881301398,-0.004515989032750605,22.139999389648438
2022-12-29,0.017840078195000664,0.011287333825959589,0.005582639597805041,21.440000534057617
2022-12-30,-0.0026373516689171365,-0.011186603205065284,0.004667758029330661,21.670000076293945
2023-01-03,-0.0042189863129750505,0.01890396093426654,0.008335816871946341,22.899999618530273
2023-01-04,0.007690777206477968,0.013607026015851965,0.009367889939565922,22.010000228881836
2023-01-05,-0.01147903613820025,0.004171992101619682,-0.01252963086748756,22.459999084472656
2023-01-06,0.022672774272942592,0.018229571348973055,0.01853466381119925,21.1299991607666
2023-01-09,-0.0005669024864185946,0.005309875957053914,0.0022426010679794787,21.969999313354492
2023-01-10,0.006988264203355932,-0.01668835954064555,0.003669304474491391,20.579999923706055
2023-01-11,0.012568785636319451,0.01612089698670254,-0.0006870298860052756,21.09000015258789
2023-01-12,0.0036340323651007397,0.01949088241534691,0.011501603213231942,18.829999923706055
2023-01-13,0.0038720626107255776,-0.00941666296116511,0.011930333702592914,18.350000381469727
2023-01-17,-0.001833512932480129,-0.006485141391193397,-0.006566591290624395,19.360000610351562
2023-01-18,-0.01591411018392143,0.023942962243436245,-0.0028758838411488395,20.34000015258789
2023-01-19,-0.007306268787614253,-0.0062797284332603,0.015743931377470842,20.520000457763672
2023-01-20,0.018457604159534104,-0.016344065708518103,-0.0033409804213138158,19.850000381469727
2023-01-23,0.011927130100293417,-0.004719221054286288,0.0018946378029897782,19.809999465942383
2023-01-24,-0.0010738405679586909,0.014278122471154134,0.0036119840879409123,19.200000762939453
2023-01-25,0.00037474686932039954,0.002421763721768289,0.004593393795208086,19.079999923706055
2023-01-26,0.01093027017715965,-0.004662887751341345,-0.009096515003608066,18.729999542236328
2023-01-27,0.0022950754276447926,-0.0025266602045886806,-0.0013939615756237058,18.510000228881836
2023-01-30,-0.012626137927319668,-0.0036615743552204827,-0.002570014931290955,19.940000534057617
2023-01-31,0.01459632209616094,0.007962820951734473,0.0036296165072691286,19.399999618530273
2023-02-01,0.01057183088487179,0.011949346125447137,0.012518134528387544,17.8700008392334
2023-02-02,0.014451913032496296,0.001293546533672175,-0.0209702840085377,18.729999542236328
2023-02-03,-0.01068597152069169,-0.015068951526271964,-0.025274496401227434,18.329999923706055
2023-02-06,-0.006130013483758645,-0.007431136558738055,0.002073259184240806,19.43000030517578
2023-02-07,0.012993772917291434,-0.00805801950644063,0.0009200023760844002,18.65999984741211
2023-02-08,-0.010994913182115302,0.004747682561532082,0.002468544755507998,19.6299991607666
2023-02-09,-0.008707125300024442,-0.009518428745220738,-0.007943887464013586,20.709999084472656
2023-02-10,0.002331049814243526,-0.011252633512143386,0.0019053779351280687,20.530000686645508
2023-02-13,0.011670440835298968,0.008379372664677759,-0.005089097798950408,20.34000015258789
2023-02-14,-0.00046007684981788877,-0.002304584280081288,0.000753454984742333,18.90999984741211
2023-02-15,0.003242016477328826,-0.009368709485334355,-0.010014646847400324,18.229999542236328
2023-02-16,-0.013864462265866821,-0.014269464372760375,-0.0008195726363130796,20.170000076293945
2023-02-17,-0.0025013165634675495,0.007746342535258304,0.002982339072148569,20.020000457763672
2023-02-21,-0.02026493758519706,-0.019628813149392837,-0.0037440046605545256,22.8700008392334
2023-02-22,-0.001378995901623647,0.009122653649616728,-0.0056423768979153,22.290000915527344
2023-02-23,0.005305280448360956,0.00972425547618652,-0.0005305918526508475,21.139999389648438
2023-02-24,-0.010739884251809544,-0.013086004347563237,-0.0072206822499255125,21.670000076293945
2023-02-27,0.003399996885349721,0.0027692691928078513,0.003912670406128105,20.950000762939453
2023-02-28,-0.0037028182996599068,0.004532772121547991,0.004545621851780495,20.700000762939453
2023-03-01,-0.0038433468263312266,-0.010801134934848123,0.005755555600934512,20.579999923706055
2023-03-02,0.007747203451199387,-0.008906765926576838,-0.000585735153896139,19.59000015258789
2023-03-03,0.01591066822619379,0.023937109773752116,0.010666001055863707,18.489999771118164
2023-03-06,0.0006924543112189763,-0.007783655950512188,-0.0050565936951402655,18.610000610351562
2023-03-07,-0.01544737632692189,0.006113992392134957,-0.017635068390636166,19.59000015258789
2023-03-08,0.0016307745942190151,0.0009826528838824415,-0.0004745630282821619,19.110000610351562
2023-03-09,-0.018622025495311965,0.002452161171625582,0.00980112770009771,22.610000610351562
2023-03-10,-0.014534560993528815,0.03390477055781035,0.021333667247723984,24.799999237060547
2023-03-13,-0.001426539241283671,0.0022705165871543,0.022688861946558777,26.520000457763672
2023-03-14,0.016395069050572253,-0.016578272445491357,-0.005807897981361377,23.729999542236328
2023-03-15,-0.0062739691420760765,0.01912613998589719,0.007773838437142398,26.139999389648438
2023-03-16,0.017392952441037286,-0.007853451772712053,0.0020180543660701534,22.989999771118164
2023-03-17,-0.011761509463320332,0.014897466832005124,0.028704276731304653,25.510000228881836
2023-03-20,0.009569602034144059,-0.008836351607562935,0.0003807952240648717,24.149999618530273
2023-03-21,0.013045131751128708,-0.008628931790956298,-0.01905552456933767,21.3799991607666
2023-03-22,-0.017193550290361032,0.013244929095663166,0.016877382247649345,22.260000228881836
2023-03-23,0.002699852448325901,0.0,0.012460224063675791,22.610000610351562
2023-03-24,0.006540551493274355,0.004220354302856133,-0.011316136891165252,21.739999771118164
2023-03-27,0.001868177090548349,-0.02377115694819693,-0.009299831745516636,20.600000381469727
2023-03-28,-0.0022472018537220955,0.00181944698063293,0.008155744573006158,19.969999313354492
2023-03-29,0.014430197527832148,-0.0020111385596905014,-0.0049731154716589265,19.1200008392334
2023-03-30,0.005838227862045505,0.004590486449829815,0.008998964139577773,19.020000457763672
2023-03-31,0.013996150863705975,0.014870065414756497,-0.0052258772770236855,18.700000762939453
2023-04-03,0.0038034420287645916,0.004692126628319968,0.00717858251921089,18.549999237060547
2023-04-04,-0.005563732044113648,0.004958972455399805,0.018469345695108493,19.0
2023-04-05,-0.002621594393240212,0.010400892923966674,-0.0007982432900847153,19.079999923706055
2023-04-06,0.003893277365143319,0.002583009427045508,-0.007159660374899705,18.399999618530273
2023-04-10,0.001025830162752977,-0.016256026499311658,-0.007427401530065852,18.969999313354492
2023-04-11,0.00026838726779266676,0.002058241839337804,0.00630066529229045,19.100000381469727
2023-04-12,-0.004084218533711053,-0.0010285509267472716,0.0048732452945133,19.09000015258789
2023-04-13,0.013195322146545865,-0.00788929188407539,0.013425150587981827,17.799999237060547
2023-04-14,-0.002445715996283973,-0.009188815926299837,-0.017869017219899228,17.06999969482422
2023-04-17,0.0035820644237301415,-0.011967269111541107,-0.00446370276447651,16.950000762939453
2023-04-18,0.0006517595478556384,0.0035572286002541493,0.0038732698004284223,16.829999923706055
2023-04-19,-0.000168911223618204,-0.0009600110860855286,-0.004789973842758077,16.459999084472656
2023-04-20,-0.005472018617389205,0.008512967597068303,0.003930524556986942,17.170000076293945
2023-04-21,0.0007765074757364518,-0.005635197833167373,-0.009936876904451757,16.770000457763672
2023-04-24,0.0010427835519846097,0.00962769620076379,0.0030347260178608367,16.889999389648438
2023-04-25,-0.016001346668984933,0.014597495230845392,0.005073426510561733,18.760000228881836
2023-04-26,-0.004244654867686464,-0.010715248895399706,-0.005452222698837164,18.84000015258789
2023-04-27,0.019712634529173403,-0.009972267249382768,5.4098929279836664e-05,17.030000686645508
2023-04-28,0.00849885402343889,0.016001796809556913,0.0002706158931134578,15.779999732971191
2023-05-01,-0.0010103113020705548,-0.029258420891554393,-0.004501468248394752,16.079999923706055
2023-05-02,-0.011302732203938062,0.024614374586392564,0.01911282169964576,17.780000686645508
2023-05-03,-0.00688760362744027,0.005566637679863603,0.00844333039400089,18.34000015258789
2023-05-04,-0.007108352445193984,-0.009927914779768749,0.007008337579460111,20.09000015258789
2023-05-05,0.01834351256270208,-0.0033313842151426886,-0.015771672012865213,17.190000534057617
2023-05-08,0.00026642319110571454,-0.014113868206803973,0.0012261535425393925,16.979999542236328
2023-05-09,-0.0043950140540042135,-0.003583688358187607,0.007061173494320752,17.709999084472656
2023-05-10,0.004661443097452185,0.00965715774149739,-0.0014294640409972018,16.940000534057617
2023-05-11,-0.0017455246351672528,0.010516435160343885,-0.008619799546280105,16.93000030517578
2023-05-12,-0.0013110688388793701,-0.00840426533930508,-0.001711544099310757,17.030000686645508
2023-05-15,0.003444202389265624,-0.010411808493706588,0.0021389727993926496,17.1200008392334
2023-05-16,-0.006705257423304692,-0.0030085122614988435,-0.01257816833072297,17.989999771118164
2023-05-17,0.012065889059911407,-0.002920386198069314,-0.003467895133703326,16.8700008392334
2023-05-18,0.009587235925634173,-0.007436545316668457,-0.013057794413406836,16.049999237060547
2023-05-19,-0.0014561812900801081,-0.007096583825036855,0.009850156652287684,16.809999465942383
2023-05-22,0.0004059696375324543,-0.0035672672626034896,-0.002344243508491738,17.209999084472656
2023-05-23,-0.01128623286494557,0.0028747914950523336,0.0012000108481294142,18.530000686645508
2023-05-24,-0.00727120974736523,-0.004961353294790725,-0.008101176111367243,20.030000686645508
2023-05-25,0.008622705734562084,-0.002489679883653194,-0.00966457904681634,19.139999389648438
2023-05-26,0.01286758643674885,0.008044796023356716,0.003987606250000357,17.950000762939453
2023-05-30,0.0003806915096173193,0.009941563746648244,0.006171471778321201,17.459999084472656
2023-05-31,-0.005560559598572018,0.008679191530910532,0.001537018842589403,17.940000534057617
2023-06-01,0.009456062375068675,0.00391567307910032,0.007867103377943253,15.649999618530273
2023-06-02,0.014357778392328168,-0.011018815232194697,-0.014857275420164701,14.600000381469727
2023-06-05,-0.0019182378661929715,-0.0018643304582574652,0.0060023657211361265,14.729999542236328
2023-06-06,0.0021750686322846123,0.0058764135719940585,0.0010974372841257363,13.960000038146973
2023-06-07,-0.003463574164404746,-0.014954960391456468,-0.012083252758880945,13.9399995803833
2023-06-08,0.006030477442423255,0.01162921111685476,0.013124733073092816,13.649999618530273
2023-06-09,0.0017924772679776921,-0.0013727170406074435,-0.002688130119841765,13.829999923706055
2023-06-12,0.009030969278845826,0.002939148453706658,-0.0008792504640156504,15.010000228881836
2023-06-13,0.006571340100388619,-0.009929731520801345,-0.00739483312084137,14.609999656677246
2023-06-14,0.0011901437020470018,0.007971118841419754,0.0005537743402144653,13.880000114440918
2023-06-15,0.012321345983323908,0.009560431109216054,0.007005982383036308,14.5
2023-06-16,-0.0034119130114424454,-0.003891233111256232,-0.0015404017609150433,13.539999961853027
2023-06-20,-0.0052018395345646805,0.00689603594795354,-0.010404681043488588,13.880000114440918
2023-06-21,-0.005136923899711921,0.0024174938844773257,-0.0014474699268161662,13.199999809265137
2023-06-22,0.0036033059539295016,-0.01214398523908051,-0.009966480697039254,12.90999984741211
2023-06-23,-0.007588691979250962,0.009920402455089116,0.0027534519339434175,13.4399995803833
2023-06-26,-0.004094114681789841,0.0010641346112130491,0.0017380933759117798,14.25
2023-06-27,0.01090352466020003,-0.0026138924827697856,-0.00460411859047838,13.739999771118164
2023-06-28,0.0005043361865270429,0.0042558400148633236,-0.002310076023493695,13.430000305175781
2023-06-29,0.003933684727781618,-0.018213289145423705,-0.0010723394318449203,13.539999961853027
2023-06-30,0.01173157819530492,0.011725450773257366,0.006641221688667137,13.59000015258789
2023-07-03,0.0011498895935602698,-0.005685046387652523,0.001121247777740352,13.569999694824219
2023-07-05,-0.0014882980710740645,-0.009547692151365788,-0.003536277643963551,14.180000305175781
2023-07-06,-0.007861522192020626,-0.014243837408867595,-0.002984649764026069,15.4399995803833
2023-07-07,-0.0025279087400917628,-0.006037692947419027,0.007473004815488796,14.829999923706055
2023-07-10,0.0025279087400918708,0.0013112061880303167,0.0007833887164984092,15.069999694824219
2023-07-11,0.006348297998181769,0.005127477021387086,0.003740607755698653,14.84000015258789
2023-07-12,0.008013807430665085,0.011069689565412322,0.013450555215707776,13.539999961853027
2023-07-13,0.007905539279839332,0.010458063734329509,0.0007144446386035077,13.609999656677246
2023-07-14,-0.0006230257782817717,-0.005906262834832353,-0.0031917364290746223,13.34000015258789
2023-07-17,0.0034661408149192934,0.0004934173092447597,0.0007163001287566721,13.479999542236328
2023-07-18,0.007403075259901996,0.004528945698550317,0.011391151915954547,13.300000190734863
2023-07-19,0.002221376315053231,0.01123305680620406,0.00016334311378929522,13.760000228881836
2023-07-20,-0.006656557726850724,-0.01221567249774172,-0.005076251540707524,13.989999771118164
2023-07-21,0.0,0.0002947849029905614,-0.003069238517008006,13.600000381469727
2023-07-24,0.004457163625961129,-0.00364371456690809,-0.0042906650791519445,13.90999984741211
2023-07-25,0.00272649637051523,-0.0018761152214416424,0.0055524167407640206,13.859999656677246
2023-07-26,0.00015372052251970915,0.0009877607977773607,0.0048672507195615744,13.1899995803833
2023-07-27,-0.006651942405334452,-0.019644811594726187,-0.015836715414990758,14.40999984741211
2023-07-28,0.009742491653127532,0.005123014250006128,0.007949707574281263,13.329999923706055
2023-07-31,0.001902279031534081,0.0024016930787918913,0.002690787072192315,13.630000114440918
2023-08-01,-0.002865644082828461,-0.016522872271472762,-0.010418766955581948,13.930000305175781
2023-08-02,-0.014008363961188272,-0.010756702024581916,-0.004776993918500052,16.09000015258789
2023-08-03,-0.0028701312392492265,-0.02334147109135477,-0.00033420291832367705,15.920000076293945
2023-08-04,-0.0045328558467402184,0.01755707023880238,0.003613876354074006,17.100000381469727
2023-08-07,0.008690605158160237,-0.009890331259900876,-0.002277988932518744,15.770000457763672
2023-08-08,-0.004358110469059743,0.011546446891149982,-0.006361270240024672,15.989999771118164
2023-08-09,-0.006707617152909466,0.005158051200857388,-0.00476956334967285,15.960000038146973
2023-08-10,0.0003587397204656302,-0.016599864146252176,-0.0010691758408616784,15.850000381469727
2023-08-11,-0.0005833187314669574,-0.0023038516915738372,0.0,14.84000015258789
2023-08-14,0.0055049227872889135,-0.0022043346873692267,-0.003045220530389694,14.819999694824219
2023-08-15,-0.01171724399343454,-0.006113621925665799,-0.0026580037072091345,16.459999084472656
2023-08-16,-0.007365191617319497,-0.007855141531509884,-0.005792775189194925,16.780000686645508
2023-08-17,-0.007649092070592413,-0.0042716586475533185,-0.0015390561619561794,17.889999389648438
2023-08-18,0.00048110721180220787,0.003525413846645612,0.0001711135895520659,17.299999237060547
2023-08-21,0.00648523112127287,-0.013420135188702246,0.00273392964256731,17.1299991607666
2023-08-22,-0.0027123216837319493,0.007644896229321262,0.0016481975934526548,16.969999313354492
2023-08-23,0.011076394220763659,0.024475422998758295,0.010113328144583607,15.979999542236328
2023-08-24,-0.013956267159659258,-0.006615713611596584,-0.0002248455933195227,17.200000762939453
2023-08-25,0.007025101935416053,0.003260766708184328,-0.0012941233726573686,15.680000305175781
2023-08-28,0.006321289724021339,0.0010495295435338605,0.002867238875764686,15.079999923706055
2023-08-29,0.014351392749128174,0.010332645203567636,0.00972069237763269,14.449999809265137
2023-08-30,0.004110308936438406,-0.00103900213245506,0.002498750315822613,13.880000114440918
2023-08-31,-0.0014643851015756755,0.004459627387402591,-0.001665111347163996,13.569999694824219
2023-09-01,0.0018634800900080007,-0.015701347204543782,0.0004997991755412262,13.09000015258789
2023-09-05,-0.0043313093840526345,-0.014121199624332803,-0.008195174622491511,14.010000228881836
2023-09-06,-0.006745309478036737,0.002456276586671725,-0.004544556063018457,14.449999809265137
2023-09-07,-0.0030749247927351793,0.0027696041441065103,0.0010678794784509471,14.399999618530273
2023-09-08,0.0015051004103343265,0.0038218692822373722,0.0003369702787594387,13.84000015258789
2023-09-11,0.006555094070413274,-0.007231584588896887,0.0018513951035425602,13.800000190734863
2023-09-12,-0.005500737632830303,0.005747117733549251,-0.005169992663578624,14.229999542236328
2023-09-13,0.0011652672695937256,-0.00021247951954375335,-0.002312682045193072,13.479999542236328
2023-09-14,0.008585509092235665,-0.007243911210657854,0.0005080950731221542,12.819999694824219
2023-09-15,-0.012121394754943695,-0.006112921432799768,0.00658210689497754,13.789999961853027
2023-09-18,0.0005860314343740774,0.00568528314988401,0.00587038313631886,14.0
2023-09-19,-0.0020756917479940675,-0.007408266162674251,-0.0009480950413542692,14.109999656677246
2023-09-20,-0.009235984176009533,0.003120328925224856,0.0007251297423292754,15.140000343322754
2023-09-21,-0.016666352804245402,-0.026009426747455523,-0.0072748111459232075,17.540000915527344
2023-09-22,-0.002251240233865771,0.008016417758223671,0.0031961900557462815,17.200000762939453
2023-09-25,0.004196339796751982,-0.024916746270471416,-0.005163898932470834,16.899999618530273
2023-09-26,-0.014800145652947369,-0.0034823162944144412,-0.008023084937964609,18.940000534057617
2023-09-27,0.0003991326457231091,-0.00518948836492885,-0.012443751217319037,18.219999313354492
2023-09-28,0.00578061336179705,0.003049286405223372,-0.005009715204337903,17.34000015258789
2023-09-29,-0.002429975572948729,0.00011282228122175358,-0.010328505518099336,17.520000457763672
2023-10-02,-0.0003976499075769865,-0.016881929085627106,-0.0105542058560987,17.610000610351562
2023-10-03,-0.013476509048014116,-0.021746349986105192,-0.002892421000056923,19.780000686645508
2023-10-04,0.0072557076807560576,0.014008890755919804,-0.00011826350756014561,18.579999923706055
2023-10-05,-0.0003770017975967839,-0.004997079621795844,-0.0018344684108627424,18.489999771118164
2023-10-06,0.011802823826859727,-0.012191051456772021,0.005139851922273756,17.450000762939453
2023-10-09,0.006381904728791926,0.02319845285818128,0.018218478536943455,17.700000762939453
2023-10-10,0.005191294896654101,-0.0013838020715347293,-0.0016795054754092334,17.030000686645508
2023-10-11,0.0040878701581288845,0.020671265137471306,0.007276507826110017,16.09000015258789
2023-10-12,-0.006115182700217066,-0.027502761875854674,-0.0030543103873241243,16.690000534057617
2023-10-13,-0.004993300675102211,0.01773443622330395,0.03164231938177581,19.31999969482422
2023-10-16,0.010466636914395174,-0.016224946692620017,-0.004876800474351656,17.209999084472656
2023-10-17,-4.59960460089158e-05,-0.011081974607575835,0.0018525567250013085,17.8799991607666
2023-10-18,-0.01341465486220435,-0.008836999065650894,0.014367113783494704,19.219999313354492
2023-10-19,-0.00882524265371268,-0.02068598037814032,0.012199301049654077,21.399999618530273
2023-10-20,-0.012364200196342583,0.005662898212793426,0.0027271753020748097,21.709999084472656
2023-10-23,-0.0017346900373316869,0.01194185199141859,-0.0033827788768209456,20.3700008392334
2023-10-24,0.007511134204492602,0.013090212254223847,-0.00010933686369138149,18.969999313354492
2023-10-25,-0.014456014098965164,-0.022512627578655825,0.004199991317574014,20.190000534057617
2023-10-26,-0.01204703335877825,0.015222125307120301,0.00157720800379265,20.68000030517578
2023-10-27,-0.004542995025875697,-0.004257958540093052,0.011562693424814757,21.270000457763672
2023-10-30,0.01188483482521086,-0.004514048753064513,-0.0056565149769635704,19.75
2023-10-31,0.00626067913229715,-0.004893375304701964,-0.005471503988171267,18.139999389648438
2023-11-01,0.010608226048089182,0.021450402974577266,-0.0031556165767174377,16.8700008392334
2023-11-02,0.01898308453487442,0.022540910552291474,0.0033185604405963163,15.65999984741211
2023-11-03,0.009082031777561058,0.006755111334108129,0.0036323164276059108,14.90999984741211
2023-11-06,0.0022978033906764328,-0.009746779791286716,-0.00782308105070571,14.890000343322754
2023-11-07,0.002841916849461943,0.01464188835618913,-0.004153745714032089,14.8100004196167
2023-11-08,0.0007321351682530736,0.016890736327790125,-0.010017653470627112,14.449999809265137
2023-11-09,-0.007829231673862312,-0.02327034467752846,0.003975057413790778,15.289999961853027
2023-11-10,0.01548424695884534,0.005584536004072528,-0.010969699953245399,14.170000076293945
2023-11-13,-0.0009536873317791092,-0.0022755935404201364,0.005555261386915847,14.760000228881836
2023-11-14,0.0192151174681786,0.022414658122259696,0.008879636186604733,14.15999984741211
2023-11-15,0.0021146004550618076,-0.014133695054365568,-0.0026390807860946154,14.180000305175781
2023-11-16,0.0012224924572694308,0.012349727817206647,0.011222864579353571,14.319999694824219
2023-11-17,0.0012430005950847868,0.004675625723749938,-0.00010890827769753537,13.800000190734863
2023-11-20,0.0076680667087195955,0.0060896380132781005,-0.0016347162383040547,13.40999984741211
2023-11-21,-0.0021816777285643507,-0.0004412397561237888,0.010740019593542038,13.350000381469727
2023-11-22,0.0038532733056167168,0.003527462768906423,-0.004271361889171939,12.850000381469727
2023-11-24,0.0006152892619038331,-0.011844700031795628,0.005188115339681599,12.460000038146973
2023-11-27,-0.0018027363610439446,0.016565775497836,0.006715220224108336,12.6899995803833
2023-11-28,0.0009896717459683686,0.0019694327141062335,0.013243765854618068,12.6899995803833
2023-11-29,-0.0007035335994153021,0.01249285462407213,0.0014783465644929395,12.979999542236328
2023-11-30,0.003929620346758282,-0.011618609556086165,-0.004176660491012712,12.920000076293945
2023-12-01,0.005898477564019378,0.01865888793127723,0.0171240372669512,12.630000114440918
2023-12-04,-0.005263193748307146,-0.003986899737708217,-0.021850417580745678,13.079999923706055
2023-12-05,-0.0001971209930415111,0.021258314832995662,-0.003786606077863042,12.850000381469727
2023-12-06,-0.004037831988477064,0.013229567808132638,0.003680115406357525,12.970000267028809
2023-12-07,0.007601309748285907,-0.005753418207125013,0.001648967455985853,13.0600004196167
2023-12-08,0.0042899102766333665,-0.008216411700802461,-0.013430173514668298,12.350000381469727
2023-12-11,0.0038821168772227477,-0.0021177904888506362,-0.011104320560253362,12.630000114440918
2023-12-12,0.004556800061527671,0.0029635810479474466,-0.0005447904909059331,12.069999694824219
2023-12-13,0.01369595769256772,0.023191143442135128,0.02231176448891427,12.1899995803833
2023-12-14,0.0032041434646547743,0.02568029581291809,0.005845435089187853,12.479999542236328
2023-12-15,-0.0016477903545550365,0.0011100427797603879,-0.009208782757507668,12.279999732971191
2023-12-18,0.00560930337684178,-0.007999505166080115,0.004535187656823467,12.5600004196167
2023-12-19,0.00606251943786412,0.0053735701809920905,0.006790830606181505,12.529999732971191
2023-12-20,-0.013954290401301904,0.006752453208035796,-0.005460866362358439,13.670000076293945
2023-12-21,0.009437285571828454,-0.006347667124289422,0.007045755720440373,13.649999618530273
2023-12-22,0.0020076569389475612,-0.00455897887209828,0.004424614031362936,13.029999732971191
2023-12-26,0.004213718100482234,0.002839103853333426,0.007591842151508473,12.989999771118164
2023-12-27,0.0018064369932373153,0.017564727571962827,0.0045275772625212145,12.430000305175781
2023-12-28,0.00037765742315416215,-0.007289737944208711,-0.005832413160524644,12.470000267028809
2023-12-29,-0.0028991789678680766,-0.009060718337543615,-0.001568069797763166,12.449999809265137
2024-01-02,-0.005612169640267897,-0.005781287025528299,-0.0023566846852945507,13.199999809265137
2024-01-03,-0.008200190333412122,0.004161959191561721,-0.008371755159892112,14.039999961853027
2024-01-04,-0.003226291743837468,-0.01531128054569906,0.0010041086074332737,14.130000114440918
2024-01-05,0.0013687016137899327,-0.009611935797227172,0.00015844285681933427,13.350000381469727
2024-01-08,0.01417508302444404,0.009817869173225588,-0.00784697829301582,13.079999923706055
2024-01-09,-0.0015182797494997166,-0.006396504443303243,0.0003193058065587502,12.760000228881836
2024-01-10,0.005639426677366785,-0.004668230228254921,-0.0022906686849215973,12.6899995803833
2024-01-11,-0.00044069059613725917,0.005599214635484112,0.001971362878362661,12.4399995803833
2024-01-12,0.0006926051795439928,-0.001966642326055856,0.009746417465784744,12.699999809265137
2024-01-16,-0.003678101495350643,-0.017769903044920342,-0.009533481464917172,13.84000015258789
2024-01-17,-0.005574113572440174,-0.0015829662943795558,-0.011077075533253638,14.789999961853027
2024-01-18,0.00885355681497499,-0.009339069508426506,0.0081991767942437,14.130000114440918
2024-01-19,0.012388906387294946,0.0031936917390829496,0.0029842685447011067,13.300000190734863
2024-01-22,0.0021121816798838683,0.005933942293801653,-0.003785111631635069,13.1899995803833
2024-01-23,0.0029123929908635954,-0.007955312526446703,0.0038915513093621982,12.550000190734863
2024-01-24,0.001092443430432972,-0.005874768043535237,-0.008281084265806402,13.140000343322754
2024-01-25,0.0054242117987263316,0.0065132870382652135,0.003962127078988696,13.449999809265137
2024-01-26,-0.0012712186770766642,-0.001917499688624755,-0.0006949345993064864,13.260000228881836
2024-01-29,0.007888159017031186,0.011450408313846654,0.007033690942252051,13.600000381469727
2024-01-30,-0.0007737825156976397,0.00902531663006936,0.0013795741766668092,13.3100004196167
2024-01-31,-0.01645189355712125,0.009772476617662935,-0.0007426235867567754,14.350000381469727
2024-02-01,0.013003275798320293,0.019425969287387615,0.010346957700093572,13.880000114440918
2024-02-02,0.01047226870199352,-0.022336541280453225,-0.009498266920115546,13.850000381469727
2024-02-05,-0.003647745650281179,-0.02040033881870351,-0.005529246178959096,13.670000076293945
2024-02-06,0.002899099466806998,0.009726404800294273,0.0052110917695982265,13.0600004196167
2024-02-07,0.008305866807581141,-0.004851199616150595,-0.0002652330017039186,12.829999923706055
2024-02-08,0.0004413992534773042,-0.005831416892623206,-0.0009022539588233346,12.789999961853027
2024-02-09,0.005762825195324282,-0.002022839416310105,-0.003883683822386861,12.930000305175781
2024-02-12,-0.00043898748977384,0.0011718372007490931,-0.0026153866387210066,13.930000305175781
2024-02-13,-0.013868689385724914,-0.017283791229493993,-0.01388463719494907,15.850000381469727
2024-02-14,0.009046499819321608,0.0050766382786394,-0.0005962900909107332,14.380000114440918
2024-02-15,0.006876042972305404,0.005158141511642778,0.00670130851432818,14.010000228881836
2024-02-16,-0.004992423687029854,-0.0058047839931316255,0.0036558786728406838,14.239999771118164
2024-02-20,-0.005520506812486622,0.0008620066838003031,0.006045896751115412,15.420000076293945
2024-02-21,0.0009052912008206081,-0.0071344456805199135,5.331114505738622e-05,15.34000015258789
2024-02-22,0.02048435775562523,0.004869808248261319,0.0004266309391015458,14.539999961853027
2024-02-23,0.0006893781654168484,0.013297947533307448,0.005635602023986148,13.75
2024-02-26,-0.0036692764676822323,-0.0029873140040759414,-0.002229172292928307,13.739999771118164
2024-02-27,0.0018560229826467824,-0.007076979169344947,-0.0010632481058260926,13.430000305175781
2024-02-28,-0.0013225210341043577,0.006328866383212868,0.001806857807827473,13.84000015258789
2024-02-29,0.003588512905759912,0.007032220620416027,0.0051370494877010335,13.399999618530273
2024-03-01,0.009344541376475108,0.006211652852034787,0.018734204946424127,13.109999656677246
2024-03-04,-0.0010730313170312933,-0.00403030596733018,0.016045575240364,13.489999771118164
2024-03-05,-0.010044495658969475,0.014141095584233087,0.006002093012312608,14.460000038146973
2024-03-06,0.00505448282836862,0.005851245780871803,0.008181839163568716,14.5
2024-03-07,0.009877530052305765,-0.0009383127263060449,0.005667751261581818,14.4399995803833
2024-03-08,-0.006020281656443549,-0.0017741235997195284,0.008417025116951235,14.739999771118164
2024-03-11,-0.0008602291344054963,-0.0005221743008439329,0.0018333385345244608,15.220000267028809
2024-03-12,0.010699858279855609,-0.008396583077465528,-0.011000916093968595,13.84000015258789
2024-03-13,-0.0015686147224729103,-0.004859805250387432,0.006982966028737541,13.75
2024-03-14,-0.0019788645975337355,-0.015476347460526185,-0.004183879789555109,14.399999618530273
2024-03-15,-0.006890161179735775,-0.00032259147804778327,-0.003199519647615261,14.40999984741211
2024-03-18,0.005925438074398445,-0.0030173575139072063,0.0016010012977577042,14.329999923706055
2024-03-19,0.005541810274073916,0.002801998586181781,-0.0011504677080451668,13.819999694824219
2024-03-20,0.009206883089198379,-0.00032276509096671087,0.011841472011166752,13.039999961853027
2024-03-21,0.003299259558213331,0.00215058103205042,-0.0010391759354036452,12.920000076293945
2024-03-22,-0.0018977697021707479,0.009515473811875137,-0.008053310017860683,13.0600004196167
2024-03-25,-0.0027666351154644626,-0.005013822651186927,0.0031893153617754324,13.1899995803833
2024-03-26,-0.0018486246998525547,0.0027767424774038695,0.0032287432792988957,13.239999771118164
2024-03-27,0.008368605670087502,0.009868842567010287,0.007214572450621008,12.779999732971191
2024-03-28,-0.00019104436999350314,-0.0008448082978645208,0.01281752820240996,13.010000228881836
2024-04-01,-0.0017412187867318293,-0.018817325488991534,0.01015632882706488,13.649999618530273
2024-04-02,-0.006378500522121108,-0.005525492936374758,0.014664311961913869,14.609999656677246
2024-04-03,0.001097760786851384,-0.00021774470846560519,0.008734121015036823,14.329999923706055
2024-04-04,-0.012281067728891178,0.007146982334427953,-0.005751211782367559,16.350000381469727
2024-04-05,0.010392811482660204,-0.01401668167774763,0.01696939930469014,16.030000686645508
2024-04-08,0.0005589868889734116,-0.00010950390816699122,0.006209168519561672,15.1899995803833
2024-04-09,0.0011561645371020745,0.009258957015356286,0.005482001328254476,14.979999542236328
2024-04-10,-0.010063546537600155,-0.02203442240924532,-0.009508923035404604,15.800000190734863
2024-04-11,0.0075184712367565645,-0.0045547567384994925,0.01924683287449554,14.90999984741211
2024-04-12,-0.013899132095850069,0.005330511468173812,-0.013327746093360097,17.309999465942383
2024-04-15,-0.01260730072771746,-0.015627037108156445,0.01854610800435578,19.229999542236328
2024-04-16,-0.0018254139462742867,-0.0066595062546659445,0.0012212692273934644,18.399999618530273
2024-04-17,-0.005935759877694602,0.011037242188991554,-0.007395532411290297,18.209999084472656
2024-04-18,-0.0020599091159160675,-0.005052959683559542,0.0034096367107846366,18.0
2024-04-19,-0.008766751091695554,0.0035959986337049873,0.0031266420969041134,18.709999084472656
2024-04-22,0.009166999354821815,-0.001684031962813215,-0.025012716627157542,16.940000534057617
2024-04-23,0.011796815394031643,0.00033678981172718844,-0.0024616906480957905,15.6899995803833
2024-04-24,-0.0004747199947719058,-0.007101327056400393,-0.0018618228395408355,15.970000267028809
2024-04-25,-0.003806143124186124,-0.007038299246762046,0.005945756955740473,15.369999885559082
2024-04-26,0.009429289692970494,0.005226566852393583,0.0032366836371748075,15.029999732971191
2024-04-29,0.0035351736498407723,0.00835136766724041,-0.002033283758808563,14.670000076293945
2024-04-30,-0.01596802953489481,-0.008578017919274416,-0.02013850411793736,15.649999618530273
2024-05-01,-0.003252372112086802,0.007344280892338532,0.009021337418355644,15.390000343322754
2024-05-02,0.009309933818523545,0.004281444738229175,-0.003091862325121168,14.680000305175781
2024-05-03,0.012319165078220826,0.010068379760958876,-0.0007979449099420573,13.489999771118164
2024-05-06,0.010273836955981703,0.0038883741109894884,0.010463427933373832,13.489999771118164
2024-05-07,0.001102763434147798,0.0060795514475259875,-0.00461094049941965,13.229999542236328
2024-05-08,9.671275762442907e-05,-0.0060795514475260794,-0.0029453952906236033,13.0
2024-05-09,0.005745451594597788,0.004866649454076742,0.01565541986116323,12.6899995803833
2024-05-10,0.0012872746997713816,-0.005643041891731423,0.008079783894319735,12.550000190734863
2024-05-13,0.00013407338179133378,0.002548782880636787,-0.011265319955387511,13.600000381469727
2024-05-14,0.004577880398145717,0.005628443287930794,0.008426442720749588,13.420000076293945
2024-05-15,0.01230686503075085,0.013555298283313465,0.012757032448187955,12.449999809265137
2024-05-16,-0.002059664345543783,-0.0009774741216851453,-0.003900942141432421,12.420000076293945
2024-05-17,0.00143660128942231,-0.006761354654446404,0.016363162829441925,11.989999771118164
2024-05-20,0.0011515005622798346,-0.0029585870240393507,0.004015863208074463,12.149999618530273
2024-05-21,0.0024494134752486626,0.005144691549112883,-0.0014706294501547247,11.859999656677246
2024-05-22,-0.0028834455866350367,0.001200015413959509,-0.018544867564565665,12.289999961853027
2024-05-23,-0.007331079448999309,-0.0064544255141222705,-0.02014614803918644,12.770000457763672
2024-05-24,0.006594717081072719,0.002958820234284952,0.0009266841017383871,11.930000305175781
2024-05-28,0.0006986012794964109,-0.014439475154259373,0.01045829379441463,12.920000076293945
2024-05-29,-0.007027205122289881,-0.012175404068560856,-0.009347362870368763,14.279999732971191
2024-05-30,-0.006655984487470361,0.009618687214540298,0.0018949634848045166,14.470000267028809
2024-05-31,0.009066909256698211,0.006766812113515841,-0.005881436093592545,12.920000076293945
2024-06-03,0.0008151843489045567,0.01604530351091561,0.008878251926791354,13.109999656677246
2024-06-04,0.0011171174892687845,0.011613567744129872,-0.00901759641821021,13.15999984741211
2024-06-05,0.011815211217708092,0.00731088780217214,0.011775993219294973,12.630000114440918
2024-06-06,-1.8826389757929994e-05,-0.001500981743980043,0.0073641743967564136,12.579999923706055
2024-06-07,-0.0012162807591576666,-0.018516070029936674,-0.036335512840658196,12.220000267028809
2024-06-10,0.003084795564088039,-0.006688553211541154,0.009126408480625946,12.739999771118164
2024-06-11,0.002405674146507986,0.010288842076729142,0.0028525382508942246,12.850000381469727
2024-06-12,0.00817941944661009,0.007485745147175425,0.002658183908153708,12.039999961853027
2024-06-13,0.002011392952919653,0.01459260612264743,-0.008183543017197694,11.9399995803833
2024-06-14,0.0006083660892198396,0.008379676583383622,0.012876289526632455,12.65999984741211
2024-06-17,0.007927031014027641,-0.00997873175839732,-0.005205175700450875,12.75
2024-06-18,0.002537825626313326,0.00913340167949744,0.0039992641040523845,12.300000190734863
2024-06-20,-0.0027203415916810824,-0.006682537942706783,0.012407060942233438,13.279999732971191
2024-06-21,-0.0013416056626281395,0.0,-0.015614512577113812,13.199999809265137
2024-06-24,-0.003255921869277183,0.004036035866121725,0.0039497558204108826,13.329999923706055
2024-06-25,0.003843567663473732,0.0016946836690575641,-0.004974590412272679,12.84000015258789
2024-06-26,0.0012472591725555641,-0.014388672676391238,-0.009271011435783051,12.550000190734863
2024-06-27,0.0015752820100936133,0.003963824337484352,0.011273144249924162,12.239999771118164
2024-06-28,-0.003942982169885508,-0.018780721455473343,9.297215668029186e-05,12.4399995803833
2024-07-01,0.002055774057011789,-0.017409462169050573,0.0026012036358740546,12.220000267028809
2024-07-02,0.00670731107175983,0.007755422695063183,-4.643502198142268e-05,12.029999732971191
2024-07-03,0.0044528171721015565,0.013047696832964036,0.01120993363706169,12.09000015258789
2024-07-05,0.005750020237212273,0.008244717442821427,0.013396660734694752,12.479999542236328
2024-07-08,0.0011530503656150097,0.0021584961546848064,-0.012479622087256387,12.369999885559082
2024-07-09,0.0009721194549690999,-0.004429732615812366,0.00169431118809057,12.510000228881836
2024-07-10,0.009846667255694523,0.0031350336910881864,0.003653653384415314,12.850000381469727
2024-07-11,-0.008660114259832138,0.009668304811306087,0.017578001160184497,12.920000076293945
2024-07-12,0.006287624148823306,0.00426717191260381,-0.0006272936376368344,12.460000038146973
2024-07-15,0.0027464571479919805,-0.01156331882738378,0.0032219172131206842,13.119999885559082
2024-07-16,0.00591267816960782,0.014008593352000621,0.01972987782004887,13.1899995803833
2024-07-17,-0.014120399731959738,0.00021256747179745683,-0.0046540195707980275,14.479999542236328
2024-07-18,-0.00771449355674057,-0.007673620393957635,-0.006401633154546632,15.930000305175781
2024-07-19,-0.0066628645941847215,-0.005901515233009548,-0.018100662230646155,16.520000457763672
2024-07-22,0.010257140725397707,-0.00290991560518965,0.0003156824791686295,14.90999984741211
2024-07-23,-0.0015697529434939104,-0.0014043771431113525,0.003510507096461622,14.720000267028809
2024-07-24,-0.022923452017785628,-0.010867377628808038,-0.0035105070964615765,18.040000915527344
2024-07-25,-0.0052237832769062255,0.008161406077311823,-0.015768400613655725,18.459999084472656
2024-07-26,0.011137459437553917,0.007772944977464789,0.010479424389843233,16.389999389648438
2024-07-29,0.0005874925144674297,0.005362640550575338,-0.0014060442276131696,16.600000381469727
2024-07-30,-0.005079342212160226,0.003843262528594212,0.009935936183544776,17.690000534057617
2024-07-31,0.01612400909867429,0.01017703954679342,0.017948680176279857,16.360000610351562
2024-08-01,-0.014262021983354306,0.008587810124839723,-0.003448883709883457,18.59000015258789
2024-08-02,-0.018794122569683547,0.030686227884375715,-0.0019064443892985788,23.389999389648438
2024-08-05,-0.029556156969170244,0.005276953992098022,-0.01277316576262444,38.56999969482422
2024-08-06,0.009177404624741828,-0.022622688057343014,-0.008032891286850252,27.709999084472656
2024-08-07,-0.00670649375969903,-0.007064722821169778,-0.0006798590470787476,27.850000381469727
2024-08-08,0.022854157344390766,-0.006170799628028755,0.01556622880577821,23.790000915527344
2024-08-09,0.004399941804783993,0.009813474264931428,0.002452251987911254,20.3700008392334
2024-08-12,0.0005254369766317401,0.003629283367426945,0.01699935451192235,20.709999084472656
2024-08-13,0.016311545326634827,0.006911206480611779,-0.0015335341694870399,18.1200008392334
2024-08-14,0.003150100246220468,0.00625086484137155,-0.008189191333501105,16.190000534057617
2024-08-15,0.016994781282737247,-0.008102966263361577,0.0031339290416113642,15.229999542236328
2024-08-16,0.0022395823466458136,0.003495435778003177,0.0221408117352879,14.800000190734863
2024-08-19,0.009515950300571948,0.004607530485358464,-0.0016393656726291592,14.649999618530273
2024-08-20,-0.001627437600269879,0.00793668880035256,0.003663270802502215,15.880000114440918
2024-08-21,0.0034306615385566665,0.0006078941391033132,-0.0013345079227065216,16.270000457763672
2024-08-22,-0.007879204157651407,-0.009975707126584946,-0.012047289256477975,17.549999237060547
2024-08-23,0.010568922594093205,0.006526021587727263,0.011487194343258993,15.859999656677246
2024-08-26,-0.0023864039200277485,-0.002544162036258673,0.0031842629268953445,16.149999618530273
2024-08-27,0.0013721566775546563,-0.0017337247625350222,0.00270301522962425,15.430000305175781
2024-08-28,-0.005822388847180728,-0.0012257663539945837,-0.007051666972008083,17.110000610351562
2024-08-29,8.951822014287093e-05,-0.0032754843593714943,0.005164620716356872,15.649999618530273
2024-08-30,0.009500823223605135,-0.010720607886340543,-0.0071515197828322195,15.0
2024-09-03,-0.02079369435930284,0.016222970768922068,-0.00433295027353233,20.719999313354492
2024-09-04,-0.0020490877297187978,0.01280752860723488,0.0006077417877377091,21.31999969482422
2024-09-05,-0.0024348883567116147,0.005640049324165514,0.008297784905920138,19.899999618530273
2024-09-06,-0.016973394434186866,-0.00010041171695380395,-0.007430165851405754,22.3799991607666
2024-09-09,0.01113398651894169,0.004309609405173737,0.004197056104325384,19.450000762939453
2024-09-10,0.004346099383515008,0.006976439740110732,0.004394427867847918,19.079999923706055
2024-09-11,0.010206795264228104,-0.0007950417909408074,-0.0015918222264343484,17.690000534057617
2024-09-12,0.008388007445118225,-0.004682256103368761,0.01741476344611925,17.06999969482422
2024-09-13,0.005209258259204788,0.0026925760926421872,0.009894570827460453,16.559999465942383
2024-09-16,0.0014755907795741706,0.009120622217045618,-8.375168155570817e-05,17.139999389648438
2024-09-17,0.00040870701479295187,-0.004847254421462888,-0.005546263478781612,17.610000610351562
2024-09-18,-0.0029702475783927105,-0.01247349023081645,-0.007740344731775493,18.229999542236328
2024-09-19,0.016920417068611568,-0.003319080632629451,0.015421236419487627,16.329999923706055
2024-09-20,-0.001730022308289763,-0.003835625427445131,0.012630557682531525,16.149999618530273
2024-09-23,0.0024955984564345216,-0.0021260099130208094,0.00193852671610104,15.890000343322754
2024-09-24,0.0028573552999647143,-0.00020283183232504983,0.013872405171650835,15.390000343322754
2024-09-25,-0.002208106043133619,-0.008346948857978573,-0.0013827232563758825,15.40999984741211
2024-09-26,0.003956909205468846,0.0023483389194775737,0.005073989582052931,15.369999885559082
2024-09-27,-0.0014516332388114536,0.005187370173504807,-0.00796748708764577,16.959999084472656
2024-09-30,0.003999547025829251,-0.0047796420646366074,-0.008031540905021974,16.729999542236328
2024-10-01,-0.008998799687865268,0.007193959203623178,0.01043659814331518,19.260000228881836
2024-10-02,0.00042199267355252397,-0.008462760448843946,0.000203566476664949,18.899999618530273
2024-10-03,-0.0018299588971565878,-0.009465121887368415,-0.0006922454344502302,20.489999771118164
2024-10-04,0.00904622870774709,-0.012377273059662314,-0.00199802503899798,19.209999084472656
2024-10-07,-0.009081461481495611,-0.007563880312832624,-0.0033935140367649104,22.639999389648438
2024-10-08,0.00941320616559217,0.0016857274265735954,-0.007399232494344503,21.420000076293945
2024-10-09,0.006902367575606198,-0.005701004744397782,-0.0054610705017173605,20.860000610351562
2024-10-10,-0.0017515944258309486,-0.0039249273063903046,0.007316064767089658,20.93000030517578
2024-10-11,0.0059705168194461615,-0.004047263969148815,0.01085428686886074,20.459999084472656
2024-10-14,0.008144868313950336,0.0007467231134640347,-0.0016308312397319176,19.700000762939453
2024-10-15,-0.0077998623098996245,0.012084007469724602,0.0034623584364339233,20.639999389648438
2024-10-16,0.004336865180397527,0.004205676453363722,0.0049891427128232555,19.579999923706055
2024-10-17,8.588642288709105e-05,-0.015969954849783412,0.005970452161761758,19.110000610351562
2024-10-18,0.003839100863365285,0.0007460145784410924,0.010562207979593495,18.030000686645508
2024-10-21,-0.0016433420439647252,-0.017625181649481896,-0.0001990210805239133,18.3700008392334
2024-10-22,-0.0005313397393026245,0.000975060726184542,0.010729555523637746,18.200000762939453
2024-10-23,-0.00917942688650807,-0.0027114548175332233,-0.012123752431615111,19.239999771118164
2024-10-24,0.0021603916004062384,0.006387941407718669,0.007663817134299539,19.079999923706055
2024-10-25,-0.0003454350047973738,-0.005628092054045,0.0020548662166116312,20.329999923706055
2024-10-28,0.0030866576271853827,-0.0027169368057164797,3.945329776617785e-05,19.799999237060547
2024-10-29,0.0016170844558278737,0.0015225396233856752,0.010835937036952448,19.34000015258789
2024-10-30,-0.0030298165972406864,0.0029295620899822653,0.005490789207931537,20.350000381469727
2024-10-31,-0.019797747056354575,0.0016234898288411876,-0.01561647178727062,23.15999984741211
2024-11-01,0.004211677917161197,-0.014198502791812326,-0.004110813705942248,21.8799991607666
2024-11-04,-0.0021564475073458478,0.015402756789324278,0.0014248987496042703,21.979999542236328
2024-11-05,0.012019296392962288,0.005297387567227593,0.0022519104403696992,20.489999771118164
2024-11-06,0.024561573185624373,-0.02777034578956555,-0.030857976694085517,16.270000457763672
2024-11-07,0.0077022165982762085,0.012450129485341105,0.01594864539186116,15.199999809265137
2024-11-08,0.0043225953500614965,0.012621164558740851,-0.006792442588197375,14.9399995803833
2024-11-11,0.0009521646996652316,-0.004877364715902738,-0.02375140115119195,14.970000267028809
2024-11-12,-0.003111074729682036,-0.015106952926880912,-0.008668821068980244,14.710000038146973
2024-11-13,0.00048565151541094567,-0.009531519494313825,-0.010132384997697268,14.020000457763672
2024-11-14,-0.006450883465471252,0.005774081149212827,-0.002612551531378293,14.3100004196167
2024-11-15,-0.012891449069122629,-0.0026608461374143183,-0.0017736414154014318,16.139999389648438
2024-11-18,0.0040889050955754845,0.0017747139657859543,0.01884162282592499,15.579999923706055
2024-11-19,0.003649028946839409,0.005084457543270333,0.00891942849470824,16.350000381469727
2024-11-20,0.0003386364663645973,-0.0032023080509082213,0.005616245032295766,17.15999984741211
2024-11-21,0.005354088058386392,-0.0007746745557678378,0.008304918886222272,16.8700008392334
2024-11-22,0.003094485882628035,0.0005534130751234284,0.012809813332372074,15.239999771118164
2024-11-25,0.003386412252227037,0.025558514251266512,-0.029901483187305778,14.600000381469727
2024-11-26,0.005207896253582305,-0.0038899263006646197,0.001936433160954421,14.100000381469727
2024-11-27,-0.0030346597241055645,0.006904764180924913,0.0022202481870022992,14.100000381469727
2024-11-29,0.006192849565569897,0.010268742329385286,0.008587567442534243,13.510000228881836
2024-12-02,0.001790963240444145,0.0023994819738524654,-0.008792948302693988,13.34000015258789
2024-12-03,0.0004635720682117777,-0.00866619180887537,0.0020107532444556663,13.300000190734863
2024-12-04,0.006190198461458886,0.010688390010510548,0.00302908748607766,13.449999809265137
2024-12-05,-0.0016468536024237565,0.0020179448747021794,-0.0074252082091734815,13.539999961853027
2024-12-06,0.0018938421023573637,0.0014842329473371745,0.0003705001517975754,12.770000457763672
2024-12-09,-0.0051629313144236,-0.009259974353030345,0.009870874002918592,14.1899995803833
2024-12-10,-0.003113962224766218,-0.004715812180927963,0.013078415980993926,14.180000305175781
2024-12-11,0.007700935315359931,-0.009499046128603994,0.009488652360594872,13.579999923706055
2024-12-12,-0.005165913499901922,-0.01222205988266734,-0.01477229774782158,13.920000076293945
2024-12-13,-0.0001986415474580235,-0.010263200740333519,-0.01216527622337442,13.8100004196167
2024-12-16,0.004260893044531318,0.002990340554197981,0.00241229791280552,14.6899995803833
2024-12-17,-0.004128563775186064,0.00243040750845782,-0.003846011153453628,15.869999885559082
2024-12-18,-0.03025662357994095,-0.012583026367772492,-0.01937149963953244,27.6200008392334
2024-12-19,-0.0003071524575040355,-0.015257387840622375,0.0014200879312812307,24.09000015258789
2024-12-20,0.011939542011083892,0.005678042231127876,0.01037999743966833,18.360000610351562
2024-12-23,0.0059703602676112535,-0.0092145367857449,-0.004719916680210798,16.780000686645508
2024-12-24,0.011053541106187552,0.004219689532251193,0.001990032656870636,14.270000457763672
2024-12-26,6.683036504476618e-05,-0.0005691739351943424,0.0067284927019149185,14.729999542236328
2024-12-27,-0.010582411670752774,-0.008232619624449796,-0.006894214453703814,15.949999809265137
2024-12-30,-0.011477220648675521,0.008004748770789447,-0.0031947790408758405,17.399999618530273
2024-12-31,-0.0036447900509968315,-0.005367559802127014,0.006214287831739849,17.350000381469727
2025-01-02,-0.0024600674771376447,0.0027444143540447602,0.013496228917030742,17.93000030517578
2025-01-03,0.012426055631793395,-0.003202302820027362,-0.007895124609843816,16.1299991607666
2025-01-06,0.0057440328939620195,-0.004478110416306729,-0.0012328556129918074,16.040000915527344
2025-01-07,-0.01136849654505707,-0.011341269812183053,0.0056176267350635505,17.81999969482422
2025-01-08,0.001460083077304643,0.0012793808940347925,0.005301603121984425,17.700000762939453
2025-01-10,-0.015385334931691717,-0.006647823741914986,0.009512918374949771,19.540000915527344
2025-01-13,0.001549346330506105,-0.00035088843901498896,-0.01000110030367562,19.190000534057617
2025-01-14,0.0013748771556175742,-0.001640120802338124,0.005235693007988435,18.709999084472656
2025-01-15,0.0180266266615254,0.017088647248963314,0.007461090407550896,16.1200008392334
2025-01-16,-0.0019250258231096,0.003222019307760576,0.0068871946090514665,16.600000381469727
2025-01-17,0.009989888126204568,0.001721830775804513,-0.005321403332684962,15.970000267028809
2025-01-21,0.00911184153609896,0.00890611301789256,0.015366546556984287,15.0600004196167
2025-01-22,0.0056057265506004325,-0.00524282680600268,0.005122510213068569,15.100000381469727
2025-01-23,0.005443181011497253,-0.007800727548280732,-0.0014158718257654048,15.020000457763672
2025-01-24,-0.002923649803944801,0.004481526196490555,0.006199449222329872,14.850000381469727
2025-01-27,-0.014246059984403732,0.011739800561550641,-0.010459313683880304,17.899999618530273
2025-01-28,0.008555639615600547,-0.0006799771744939374,0.008619165823801737,16.40999984741211
2025-01-29,-0.00449299756588761,-0.0020431696312522164,-0.0038478030414185464,16.559999465942383
2025-01-30,0.005352624078568015,0.0037424752950890048,0.015031970539815968,15.84000015258789
2025-01-31,-0.005336161731915576,-0.006587143882097228,0.0019744486005825435,16.43000030517578
2025-02-03,-0.006752291637566292,0.008109071882650212,0.005323078655223283,18.6200008392334
2025-02-04,0.006685926146732894,0.0030579772620985927,0.00980023748604468,17.209999084472656
2025-02-05,0.004046200304760887,0.016375174282746655,0.00619034264242983,15.770000457763672
2025-02-06,0.0034697926477979288,-0.0004447882459840347,-0.0026537744373774834,15.5
2025-02-07,-0.009195733845060524,-0.006476184435522056,0.001782570144409176,16.540000915527344
2025-02-10,0.006768133482180273,-0.003028978034070526,0.01679638680250656,15.8100004196167
2025-02-11,0.0007603452599696442,-0.0064252235671700235,-0.003658285589870855,16.020000457763672
2025-02-12,-0.0032266930567723807,-0.013663055218166008,0.001046607072714827,15.890000343322754
2025-02-13,0.010502124669382646,0.01648608414792612,0.009814510830150894,15.100000381469727
2025-02-14,-4.905180973979657e-05,0.005286032498214273,-0.014983466926549421,14.770000457763672
2025-02-18,0.002931466010428503,-0.011847667867147187,0.01642526914447792,15.350000381469727
2025-02-19,0.0023521747666686295,0.00124760353968902,0.0005539429240083393,15.270000457763672
2025-02-20,-0.004169042434476105,0.0037340447629162854,0.000516699154436362,15.65999984741211
2025-02-21,-0.01725204722983592,0.012012473530907078,-0.0009229691054979344,18.209999084472656
2025-02-24,-0.004560761261523953,0.0028973791700318092,0.0054148811569904014,18.979999542236328
2025-02-25,-0.004985772161722372,0.017100067671792687,-0.013276072540975698,19.43000030517578
2025-02-26,0.00050483185358909,0.0058894240580075925,0.0015251697060953886,19.100000381469727
2025-02-27,-0.016090692718088075,-0.007093371021426508,-0.015357280506670757,21.1299991607666
2025-02-28,0.015484884746307192,0.012191168154665878,-0.006285532695668532,19.6299991607666
2025-03-03,-0.01767505971738865,0.004656060960137577,0.01309428477593445,22.780000686645508
2025-03-04,-0.011907507261230079,-0.01239143795752909,0.008660029400338953,23.510000228881836
2025-03-05,0.010690461058066167,-0.008016474550986122,0.0020791481693780457,21.93000030517578
2025-03-06,-0.0179105433535515,-0.003312629893924592,-0.005094160642131142,24.8700008392334
2025-03-07,0.005589214198181434,-0.003213615816767175,0.0005218196474086795,23.3700008392334
2025-03-10,-0.026996599292966498,0.010378059183139733,-0.008794495623060066,27.860000610351562
2025-03-11,-0.008347702839898438,-0.007164443366372636,0.01165930639065754,26.920000076293945
2025-03-12,0.005292522344748348,-0.005991815738922731,0.004337373317600702,24.229999542236328
2025-03-13,-0.013420289364922736,0.008753353242173098,0.01760034574283983,24.65999984741211
2025-03-14,0.02044539224722203,-0.0053092043895158125,0.0003996778676249641,21.770000457763672
2025-03-17,0.0076818548542385845,0.004978137157374219,0.005398932434643415,20.510000228881836
2025-03-18,-0.01086728105332802,0.0009925187977561328,0.011604364010877142,21.700000762939453
2025-03-19,0.01083201580103441,0.0051680806375230875,0.00409929439969153,19.899999618530273
2025-03-20,-0.0028961005136627317,0.0006577841965212681,-0.0012814060805390753,19.799999237060547
2025-03-21,0.00032997533914416114,-0.0059362240089850015,-0.008082476604942154,19.280000686645508
2025-03-24,0.017749976730995206,-0.010306178645706704,-0.004462490783133984,17.479999542236328
2025-03-25,0.0024009971253177113,-0.0001116043111925857,0.004390711790074645,17.149999618530273
2025-03-26,-0.0120100659661846,-0.006594906050859471,-0.0008263225124260293,18.329999923706055
2025-03-27,-0.0026592845740137966,-0.002920018324676459,0.013316671121389569,18.690000534057617
2025-03-28,-0.020343823330424816,0.013739580648910907,0.007384788228782128,21.649999618530273
2025-03-31,0.006690231009001413,0.009825122280946761,0.014261049112946074,22.280000686645508
2025-04-01,0.002820487746496578,0.008628118141059796,-0.0019801896396476866,21.770000457763672
2025-04-02,0.00630860371520596,-0.0006560001600641576,0.0020495598046479263,21.510000228881836
2025-04-03,-0.05053675934531426,0.004583163974491053,-0.0060565822044141146,30.020000457763672
2025-04-04,-0.060326445117786044,0.010828535929408436,-0.02367020473214484,45.310001373291016
2025-04-07,-0.0017827814203064058,-0.030620066916585864,-0.021719986685703737,46.97999954223633
2025-04-08,-0.015786671024523878,-0.01905903002066168,0.0054290299021522185,52.33000183105469
2025-04-09,0.09986278391659298,0.005868511607712638,0.036323492196158734,33.619998931884766
2025-04-10,-0.044808164846050234,-0.027955660085605485,0.02413009288681445,40.720001220703125
2025-04-11,0.0176855106277157,0.00542381920664913,0.01890679950058093,37.560001373291016
2025-04-14,0.009654680107025373,0.007110102694016436,-0.005722318290653523,30.889999389648438
2025-04-15,-0.0028047392406681144,0.003536411067150576,0.005218738019025799,30.1200008392334
2025-04-16,-0.022478680983856872,0.005563954856312455,0.032022570753676,32.63999938964844
2025-04-17,0.0014256749196053591,-0.008871794232567079,-0.004400359490663115,29.649999618530273
2025-04-21,-0.024090623785153736,-0.017634425835220305,0.030466725196562627,33.81999969482422
2025-04-22,0.025685115551747496,0.00556613445178819,-0.014297390879940051,30.56999969482422
2025-04-23,0.015376528663946976,0.009666274817372086,-0.024270798064606143,28.450000762939453
2025-04-24,0.020830549392469144,0.010480788158915495,0.014451351409752674,26.469999313354492
2025-04-25,0.007199287618880849,0.007339288943223278,-0.010900878955956528,24.84000015258789
2025-04-28,0.00038134148818529286,0.006280076290253813,0.014141637459613693,25.149999618530273
2025-04-29,0.006279582464638656,0.008349708292283004,-0.009786658970495412,24.170000076293945
2025-04-30,0.000396845329843556,-0.008126093325004679,-0.007510353244041899,24.700000762939453
2025-05-01,0.0070619207658889575,-0.005083443300672348,-0.02099106650379782,24.600000381469727
2025-05-02,0.014734924412869804,-0.01088298015946173,0.0017466735903771576,22.68000030517578
2025-05-05,-0.005750689730443321,-0.00560127799208648,0.029430400577679455,23.639999389648438
2025-05-06,-0.008393557909377652,0.003318698226741707,0.027638515747736927,24.760000228881836
2025-05-07,0.004196729249441555,0.004218217176223904,-0.015106592963135799,23.549999237060547
2025-05-08,0.006943736889946084,-0.01121189370132596,-0.019890788928179075,22.479999542236328
2025-05-09,-0.0012751464308772592,0.0014947380257282904,0.007228485693538802,21.899999618530273
2025-05-12,0.03251318263492386,-0.009348506124397547,-0.028595551740996136,18.389999389648438
2025-05-13,0.0065822298340525425,-0.0040666681781826655,0.004249948759953267,18.219999313354492
2025-05-14,0.001277138441893241,-0.006658593680119277,-0.02126227662564288,18.6200008392334
2025-05-15,0.004872557252141818,0.008752051417635196,0.015837869719407486,17.829999923706055
2025-05-16,0.0063138938296915135,0.002668714529099658,-0.012160689602209927,17.239999771118164
2025-05-19,0.001093320207623707,-0.002900960459491426,0.012798420816745652,18.139999389648438
2025-05-20,-0.003367792702729912,-0.007231363052689949,0.018450974483986242,18.09000015258789
2025-05-21,-0.016994383379737646,-0.017237621506991714,0.007351594562024017,20.8700008392334
2025-05-22,0.0003945692246958432,0.0052260376254947205,-0.008900989925318167,20.280000686645508
2025-05-23,-0.006849183214543818,0.0016573547536944983,0.021669792905121613,22.290000915527344
2025-05-27,0.020577491444211893,0.01385969799638416,-0.017094433359300068,18.959999084472656
2025-05-28,-0.0058022148167059025,-0.00432493985787219,-0.002268589173612519,19.309999465942383
2025-05-29,0.003939611908384163,0.009212172741882713,0.0059072333619440654,19.18000030517578
2025-05-30,-0.0011191873844055738,0.0015078099934016697,-0.006598665713002106,18.56999969482422
2025-06-02,0.005617096261868067,-0.00935030951296501,0.026233913208447007,18.360000610351562
2025-06-03,0.005686392165638516,-0.0017627419841333982,-0.008894994642019345,17.690000534057617
2025-06-04,-0.00026837630786721444,0.016102952745814542,0.0064213132412345815,17.610000610351562
2025-06-05,-0.00484458823974022,0.0006942044507613767,-0.005062672644074125,18.479999542236328
2025-06-06,0.010216612089215106,-0.012805625634539929,-0.01350688232494814,16.770000457763672
2025-06-09,0.0009009799228951651,0.0010538985447638466,0.004707437493749117,17.15999984741211
2025-06-10,0.005653549667344995,0.00513650566279561,0.00029346792267399537,16.950000762939453
2025-06-11,-0.0028559890477173793,0.0030228693859565485,0.005397696978330561,17.260000228881836
2025-06-12,0.003966349722052468,0.011886434479541972,0.01234370232269246,18.020000457763672
2025-06-13,-0.011243031070609706,-0.009682973594663061,0.01301549409169947,20.81999969482422
2025-06-16,0.009469221553216311,-0.010128776685443965,-0.014361734303802328,19.110000610351562
2025-06-17,-0.00858175064837527,0.012095926127803708,0.0005130624809404316,21.600000381469727
2025-06-18,-0.0001506471008758913,0.0017325878586599884,-0.00540018233840262,20.139999389648438
2025-06-20,-0.002351401529176355,-0.001848249517660987,-0.0004191069541604869,20.6200008392334
2025-06-23,0.009829017063755472,0.003232106759071899,0.003058490504208936,19.829999923706055
2025-06-24,0.010986735734259066,0.007234338172476287,-0.015844238391270016,17.479999542236328
2025-06-25,0.0005601062431551068,0.0012577674557865378,0.0030327025232496515,16.760000228881836
2025-06-26,0.0077933328130199795,0.005015490171189982,-0.0011076604529502278,16.59000015258789
2025-06-27,0.004956130432601319,-0.006387455422592109,-0.018289975504647085,16.31999969482422
2025-06-30,0.004769811928816336,0.00979265189864362,0.011913301279755133,16.729999542236328
2025-07-01,-0.0003237317036786633,0.0024764781971093283,0.008883435847179964,16.829999923706055
2025-07-02,0.004523032166475909,-0.006373921702179507,0.00551237530942954,16.639999389648438
2025-07-03,0.00785049006139128,-0.006989294832363124,-0.006846293882020621,16.3799991607666
2025-07-07,-0.007479922081385233,-0.009589418412193632,0.0007485003525817282,17.790000915527344
2025-07-08,-0.000547866269065751,-0.0012778170024371396,-0.010498326962963742,16.809999465942383
2025-07-09,0.005978718557821743,0.010407172495439525,0.004461316177625558,15.9399995803833
2025-07-10,0.0028163406054207227,0.000689787517362103,0.002223316131965108,15.779999732971191
2025-07-11,-0.003521617492822476,-0.013890663712424587,0.00955577301886398,16.399999618530273
2025-07-14,0.0019063975979420422,-0.002100157316030725,-0.0036620144241214002,17.200000762939453
2025-07-15,-0.004282421636416066,-0.007033265118745123,-0.004164364075514542,17.3799991607666
2025-07-16,0.003337615079474222,0.001410597337661189,0.004975696789391886,17.15999984741211
2025-07-17,0.006101040721242929,-0.00023502343064843873,-0.0021758989541098375,16.520000457763672
2025-07-18,-0.0007327793271960323,0.0015262479498229595,0.0025975477973482998,16.40999984741211
2025-07-21,0.0018944777745851093,0.008876391267810193,0.015253192127432761,16.649999618530273
2025-07-22,0.00014311092236799798,0.006028402672506562,0.0094401831613078,16.5
2025-07-23,0.008471555947003452,-0.005563181704177,-0.012478717461642091,15.369999885559082
2025-07-24,0.00033090071475673087,-0.0017450274864090837,-0.006137070328856787,15.390000343322754
2025-07-25,0.004215452532187758,0.006267495955481384,-0.009293039490678532,14.930000305175781
2025-07-28,-0.00025103506196874024,-0.006500255170443884,-0.006494663067578282,15.029999732971191
2025-07-29,-0.002641133326156579,0.01674492172025042,0.002746613677307996,15.979999542236328
2025-07-30,-0.0012601246347007209,-0.005166807528616846,-0.017424424698434752,15.479999542236328
2025-07-31,-0.0037582800219577626,0.000575419928467307,0.006623418228251275,16.719999313354492
2025-08-01,-0.01652617763451541,0.014116580052826238,0.020096397826572604,20.3799991607666
2025-08-04,0.015085355384855111,0.0027290441680695187,0.005806339793967675,17.520000457763672
2025-08-05,-0.005082764440420212,0.0030614883443981764,0.0008037680984962059,17.850000381469727
2025-08-06,0.0076303958197283745,-0.005790532512467516,-0.0021233597342562006,16.770000457763672
2025-08-07,-0.0008379750805715818,-0.0017096785229433864,0.008402586680171171,16.56999969482422
2025-08-08,0.007767426102698934,-0.004343855286814129,-0.00022360485625666846,15.149999618530273
2025-08-11,-0.001979497560583303,0.0011450407227601136,-0.014479017992943764,16.25
2025-08-12,0.010589747830358579,-0.005047616555813895,-0.0009078785028290671,14.729999542236328
2025-08-13,0.003417206376974111,0.008246431119867864,0.003044643380447489,14.489999771118164
2025-08-14,9.315201910403848e-05,-0.007441604364627435,-0.006358881635978504,14.829999923706055
2025-08-15,-0.002344034961438168,-0.007150480136783955,0.0005856467855486066,15.09000015258789
2025-08-18,-0.00021765512234882508,-0.002897620233514833,-0.0015624875893944005,14.989999771118164
2025-08-19,-0.005439899526511449,0.005787141561292415,-0.005488312721199512,15.569999694824219
2025-08-20,-0.002660523481711854,0.0021901460223549807,0.010071289165624142,15.6899995803833
2025-08-21,-0.004019987695829061,-0.004963842081502071,-0.00347592916281607,16.600000381469727
2025-08-22,0.015239972288353226,0.007379343602419565,0.010649518982753443,14.220000267028809
2025-08-25,-0.004410584084018229,-0.002876133839789198,-0.002417757282480456,14.789999961853027
2025-08-26,0.004178103890889278,-0.000576111667626817,0.0072358055476428994,14.619999885559082
2025-08-27,0.0022760168140987668,-0.001153402035856383,0.0020166939883499383,14.850000381469727
2025-08-28,0.0035351068723046006,0.00655664268420722,0.007391652350960381,14.430000305175781
2025-08-29,-0.00598153537129435,-0.007133934029476195,0.009603638858147003,15.359999656677246
2025-09-02,-0.007437888193564877,-0.007469486129503927,0.02336740250914344,17.170000076293945
2025-09-03,0.005404926745351524,0.010917718385695396,0.007801481349128729,16.350000381469727
2025-09-04,0.008322631068136768,0.007594863923697416,-0.0044286747373555105,15.300000190734863
2025-09-05,-0.002900350441516548,0.015132048278592602,0.013257668006979742,15.180000305175781
2025-09-08,0.0024535295419670193,0.013236319067468865,0.011323711365555902,15.109999656677246
2025-09-09,0.0023092523208794106,-0.005699304319731647,-0.002272485609217019,15.039999961853027
2025-09-10,0.0028866837953472123,0.005699304319731737,0.0035857690781288176,15.350000381469727
2025-09-11,0.008275924601042638,0.006663792088342059,-0.0014924929949519461,14.710000038146973
2025-09-12,-0.0003347625365709058,-0.00432645397335573,0.0019696315993883206,14.760000228881836
2025-09-15,0.00530983028777682,0.0023319748427211213,0.010351078276418409,15.6899995803833
2025-09-16,-0.0013777414352981307,0.00210509451141601,0.00200440059968761,16.360000610351562
2025-09-17,-0.0012433011331062585,-0.0025488237706390747,-0.007745087571334619,15.720000267028809
2025-09-18,0.004661749475952258,-0.010373243108156712,-0.004014356216469492,15.699999809265137
2025-09-19,0.004940556697161345,-0.001907865296483573,0.010551365296973236,15.449999809265137
2025-09-22,0.004719943972387415,-0.003601149078876565,0.017158380367683163,16.100000381469727
2025-09-23,-0.005458436585496771,0.006965543983176109,0.004078048498240162,16.639999389648438
2025-09-24,-0.003186705609680798,-0.0038138079009053375,-0.009104369003754706,16.18000030517578
2025-09-25,-0.004624172513464782,0.0,0.004156538489887818,16.739999771118164
2025-09-26,0.005712795234045289,-0.0008995207388296141,0.005755674720215595,15.289999961853027
2025-09-29,0.0028064247447203627,0.008177946339855227,0.01636192499893196,16.1200008392334
2025-09-30,0.0037597898827210047,-0.0029049107872595186,0.008503744538253297,16.280000686645508
2025-10-01,0.003401684988263315,0.002579129909714441,0.0015741326049985922,16.290000915527344
2025-10-02,0.001151140720406421,0.0029076684280761695,-0.003488904306035992,16.6299991607666
2025-10-03,-1.4767471260179647e-05,-0.001900160233971394,0.008000845595952238,16.649999618530273
2025-10-06,0.003579813724412676,-0.00797525161605572,0.018670357712142448,16.3700008392334
2025-10-07,-0.0037143820348426687,0.005735110747904886,0.005146197838027116,17.239999771118164
2025-10-08,0.005945343779221919,0.0007845544629138407,0.016356457714615965,16.299999237060547
2025-10-09,-0.002901212830195306,-0.0007845544629138669,-0.018625225753276277,16.43000030517578
2025-10-10,-0.027399797306962,0.01601820202316476,0.010047058859954893,21.65999984741211
2025-10-13,0.01522754489520044,-0.0005522301379193143,0.024010471634505016,19.030000686645508
2025-10-14,-0.0012224016319925188,0.0031970608393418983,0.007115811676483972,20.809999465942383
2025-10-15,0.004429697562726796,-0.0022036114919353304,0.01718391083164241,20.639999389648438
2025-10-16,-0.006833556809050219,0.007472550993083671,0.02311798516943165,25.309999465942383
2025-10-17,0.005660343785832389,-0.0015339512977310655,-0.018996349267191237,20.780000686645508
2025-10-20,0.010346762560389149,0.003830389840709961,0.03575507474940295,18.229999542236328
2025-10-21,-1.4904592548673624e-05,0.004903277437516385,-0.066427122202817,17.8700008392334
2025-10-22,-0.005212468267243702,0.0006520029200185342,0.00010605032482095541,18.600000381469727
2025-10-23,0.00591237858353294,-0.0068668973655351484,0.0039943702532297155,17.299999237060547
2025-10-24,0.008139356488562998,0.00043731125169004485,-0.003358466049881991,16.3700008392334
2025-10-27,0.011728661579555206,0.00338337592672346,-0.02823439606845571,15.789999961853027
2025-10-28,0.0026524780243792965,0.0026115320896013274,-0.007191829710492189,16.420000076293945
2025-10-29,0.00048027169098161166,-0.010157966101117627,-0.003794458273018786,16.920000076293945
2025-10-30,-0.011059070654489161,-0.005835384765554045,0.019451474207493994,16.90999984741211
2025-10-31,0.003274731939679319,-0.0029857462513965282,-0.005445349765875755,17.440000534057617
2025-11-03,0.001875018306885159,-0.00250419337548009,0.0017912982604373527,17.170000076293945
2025-11-04,-0.011924353295924664,0.0022263266064709557,-0.01767243750416923,19.0
2025-11-05,0.003459398571762206,-0.010956136657968378,0.01149801326624798,18.010000228881836
2025-11-06,-0.010787307565268271,0.008952674579558196,-0.0012012407765740096,19.5
2025-11-07,0.0009840232716329205,-0.0021190468811482567,0.006100376279774767,19.079999923706055
2025-11-10,0.015483847432383142,-0.0002231631124296385,0.026974026330607748,17.600000381469727
2025-11-11,0.0022866236688574054,0.004567867602366503,0.0039300815092205245,17.280000686645508
2025-11-12,0.0005563336963194146,0.0017770010206351189,0.015982361021277473,17.510000228881836
2025-11-13,-0.016733243059015003,-0.008245252288584618,-0.00811594387120292,20.0
2025-11-14,-0.00016378217190490574,-0.005722214057024756,-0.018212761198262515,19.829999923706055
2025-11-17,-0.009360102835536118,0.002472374895018017,-0.011530197275275704,22.3799991607666
2025-11-18,-0.008433010863377237,-0.0003367424929597285,0.0072386702324458525,24.690000534057617
2025-11-19,0.003855757148191913,-0.002023103058289366,0.0016281258445646413,23.65999984741211
2025-11-20,-0.015359602533844793,0.003930220908193414,-0.00029336859393561273,26.420000076293945
2025-11-21,0.009911937023691694,0.003021198729007169,-0.0015485295000223418,23.43000030517578
2025-11-24,0.014611241086193577,0.00568222261631196,0.015720029429592993,20.520000457763672
2025-11-25,0.009362030553383407,0.0025519330912787907,-0.0003157406112365523,18.559999465942383
2025-11-26,0.006879763512976049,0.004422860253280032,0.007966521739529534,17.190000534057617
2025-11-28,0.0054435632273936016,-0.004755397120943832,0.012347782735317652,16.350000381469727
2025-12-01,-0.004575959173217758,-0.012526730721554321,0.004809481913078849,17.239999771118164
2025-12-02,0.0018505862825212542,0.0004504334020209253,-0.006460877304549151,16.59000015258789
2025-12-03,0.003456786217426821,0.0028110359179993032,-0.0009300505859088987,16.079999923706055
2025-12-04,0.0007307890626128348,-0.005404176035572863,0.0006459865002764292,15.779999732971191
2025-12-05,0.0018977350040129193,-0.004639401186900436,-0.001783943580710258,15.40999984741211
2025-12-08,-0.003008799415334641,-0.0032944454778699203,-0.0026429393579943225,16.65999984741211
2025-12-09,-0.0008634278241621205,0.0010236004520277255,0.005124051608821799,16.93000030517578
2025-12-10,0.006610281415951135,0.0038574970817792102,0.004250103468607047,15.770000457763672
2025-12-11,0.002324244979309141,-0.0013597451443610872,0.010712248978541639,14.850000381469727
2025-12-12,-0.010810189042095767,-0.00968505610202748,0.005578987507631519,15.739999771118164
2025-12-15,-0.001512030324677354,0.0006867647260058438,0.0009099271544499963,16.5
2025-12-16,-0.002736037133594218,0.005476938986575812,0.00022742956353926302,16.479999542236328
2025-12-17,-0.01106460773219221,-0.0009107868510655338,0.0085515594385759,17.6200008392334
2025-12-18,0.007522963990016468,0.004772226872535653,-0.0018048314286412761,16.8700008392334
2025-12-19,0.009022618958016409,-0.0037393804626222682,0.0011283535131121657,14.90999984741211
2025-12-22,0.006210566721978087,-0.0021725863809824446,0.022819254559298667,14.079999923706055
2025-12-23,0.004560042005282501,0.0016012547052894031,0.013165297757330809,14.0
2025-12-24,0.0035114479496600164,0.006038885037045169,-0.00414265150874824,13.470000267028809
2025-12-26,-0.0001014201750952399,-0.003299853385212011,0.011609088487159046,13.600000381469727
2025-12-29,-0.0035699930558561223,0.003754158288068687,-0.04450407961760148,14.199999809265137
2025-12-30,-0.0012218468855631148,-0.002387274431934834,0.0007273032894686568,14.329999923706055
2025-12-31,-0.0074365500962735335,-0.00799908313142203,-0.006488999253824397,14.949999809265137
2026-01-02,0.0018313617663269853,-0.0014927253539366674,0.004958545328225588,14.510000228881836
2026-01-05,0.006638033243240065,0.00492871644649203,0.025972938179914393,14.899999618530273
2026-01-06,0.005929568682081867,-0.0020602840680400466,0.010755105002161711,14.75
2026-01-07,-0.0032285629973805552,0.005826261617236436,-0.009605943617543307,15.380000114440918
2026-01-08,-0.00010153783677743937,-0.005024491241269139,0.005507322733438559,15.449999809265137
2026-01-09,0.006591570183952557,0.006618085335142604,0.007215903791294916,14.489999771118164
2026-01-12,0.0015692219387488094,-0.0029613037256693542,0.018549616736782293,15.119999885559082
2026-01-13,-0.002001476724789629,0.0017094331252600664,-0.0014220515093612454,15.979999542236328
2026-01-14,-0.004927356850498766,0.005790627109155193,0.0101703332395237,16.75
2026-01-15,0.0027195131661778946,-0.00022654568429168517,-0.0061465119926862365,15.84000015258789
2026-01-16,-0.0008382252035026964,-0.005791854714443434,-0.0048305320875177415,15.859999656677246
2026-01-20,-0.020566840670864645,-0.013184416287355047,0.037137944625647984,20.09000015258789
2026-01-21,0.0114749889632404,0.007587924398282533,0.014463871678662811,16.899999618530273
2026-01-22,0.005209636268787033,0.004342854734777319,0.01829421977969421,15.640000343322754
2026-01-23,0.00036271445090017455,0.0027332810442843966,0.013651695099226603,16.09000015258789
2026-01-26,0.005065296757285074,0.00476498795359387,0.014522878245374984,16.149999618530273
2026-01-27,0.003976348566725876,-0.006244631843583035,0.024235866660731666,16.350000381469727
2026-01-28,-0.00010067497120472829,-0.002280502497374257,0.03804054442699281,16.350000381469727
2026-01-29,-0.0019863539443873905,0.00022838163341760525,0.002705807739847273,16.8799991607666
2026-01-30,-0.0029870370168700792,-0.005608198395165313,-0.10841233744964726,17.440000534057617
2026-02-02,0.004959045712933714,-0.0028611676020824156,-0.04087351576386017,16.34000015258789
2026-02-03,-0.008491346084250548,0.0024233875408566467,0.061647351472448514,18.0
2026-02-04,-0.004855691490926631,-0.0025389887432200396,-0.0007046601942605336,18.639999389648438
2026-02-05,-0.012567856956365418,0.010803492007275534,-0.02699275619765067,21.770000457763672
2026-02-06,0.019003005567205973,0.0006856060380465078,0.030269515441489408,20.3700008392334
2026-02-09,0.004810244305276485,-0.00022851250050917357,0.025085614324893347,17.360000610351562
2026-02-10,-0.00264064386524897,0.011474193386401174,-0.009963188662021111,17.790000915527344
2026-02-11,-0.000231085512616827,-0.0053231362964392325,0.011247091222494243,17.649999618530273
2026-02-12,-0.015569451553392327,0.013199025556900867,-0.03534565209196913,20.81999969482422
2026-02-13,0.0007042374603937072,0.005476308292896831,0.02457422891441271,20.600000381469727
2026-02-17,0.0016121662321053362,0.001670570880138974,-0.031666383600955826,20.290000915527344
2026-02-18,0.005025111493454597,-0.0037904807583418023,0.022240759759257815,19.6200008392334
2026-02-19,-0.0026409180968155325,0.0010047869449412285,0.0027891563109147515,20.229999542236328
2026-02-20,0.0072058400517004155,-0.002345960255162897,0.0195226903950525,19.09000015258789
2026-02-23,-0.010263807839928392,0.0036839930153597013,0.02665702371732228,21.010000228881836
2026-02-24,0.007242165031108853,0.0017813204684769567,-0.013955835494471214,19.549999237060547
2026-02-25,0.008402945104341215,0.00011128086387740553,-0.0025104111690772445,17.93000030517578
2026-02-26,-0.005569959857260949,0.0039959206112229195,0.008539325114314078,18.6299991607666
2026-02-27,-0.004813509630285336,0.006074393865341216,0.01304594710817348,19.860000610351562
2026-03-02,0.0005684172026597193,-0.010092878523604597,0.012837146760680682,21.440000534057617
2026-03-03,-0.008853414553509194,-0.0020106718690168085,-0.04563796333219482,23.56999969482422
2026-03-04,0.007030536114047319,-0.0031358846812929867,0.007787713327779242,21.149999618530273
2026-03-05,-0.005591148225550186,-0.004046293674522891,-0.012090565447196364,23.75
2026-03-06,-0.013193791611277716,-0.0037235477487214666,0.015708476698148666,29.489999771118164
2026-03-09,0.008721878607696682,0.008666836988066558,-0.0020718179527898957,25.5
2026-03-10,-0.001608419719141641,-0.010703761670047978,0.011216537509720141,24.93000030517578
2026-03-11,-0.0012559513052689201,-0.012997482825386321,-0.003395863568684636,24.229999542236328
2026-03-12,-0.015301420789775961,-0.0019528850861160825,-0.01984963254664512,27.290000915527344
2026-03-13,-0.005676188622551868,-0.0049563964021921095,-0.013021372569552835,27.190000534057617
2026-03-16,0.010125430484197413,0.00771218418681398,-0.0008900836759419468,23.510000228881836
2026-03-17,0.002627101016221855,0.0027482142844872993,-0.002522571056499545,22.3700008392334
2026-03-18,-0.014051912692600945,-0.005619017318923102,-0.03214842869758357,25.09000015258789
2026-03-19,-0.0024673819700690397,0.0060763342861758695,-0.042088486470760696,24.059999465942383
2026-03-20,-0.01443952585884218,-0.019155876086217757,-0.031034054726858728,26.780000686645508
2026-03-23,0.010445276906504148,0.006503310835503909,-0.022853374485926194,26.149999618530273
2026-03-24,-0.0033624966130463346,-0.004408392927826595,0.00022271635118200717,26.950000762939453
2026-03-25,0.005557288574735996,0.0096037622110945,0.029645532839315883,25.329999923706055
2026-03-26,-0.018020135919566853,-0.008441782720382991,-0.038318848265911816,27.440000534057617
2026-03-27,-0.01719894102480063,-0.005473090876937977,0.034492091653875186,31.049999237060547
2026-03-30,-0.003349064243429706,0.01322372705569225,-0.0002894695055479165,30.610000610351562
2026-03-31,0.028653466042465783,-0.001037616295296215,0.037193492650150234,25.25
2026-04-01,0.00750622148232205,-0.0009848961220622404,0.017348463901669588,24.540000915527344
2026-04-02,0.0009000692442135715,0.006125364649595777,-0.019395701723403234,23.8700008392334
2026-04-06,0.004715661120724013,-0.0016143411932055265,-0.004107092256447038,24.170000076293945
2026-04-07,0.0004399773016391101,-0.00011542249595494812,0.009680581273932702,25.780000686645508
2026-04-08,0.025150609779818547,0.003226540371392645,0.006279313363379332,21.040000915527344
2026-04-09,0.005752513692051993,-0.0025342934689869937,0.007748433781414136,19.489999771118164
2026-04-10,-0.0006619995879319516,-0.0024250963963190573,-0.0017827733092611521,19.229999542236328
2026-04-13,0.009724956729963633,0.0030016765398447635,-0.004057403475821635,19.1200008392334
2026-04-14,0.012111242670247968,0.005288557903098039,0.02210325929203807,18.360000610351562
2026-04-15,0.0078600237887659,-0.004366808791006831,-0.010456884729500534,18.170000076293945
2026-04-16,0.002454297369362188,-0.006354417440577454,-0.0008631178955779131,17.940000534057617
2026-04-17,0.012013236382059651,0.009114577985945869,0.013205474549607812,17.479999542236328
2026-04-20,-0.0020016695574076216,-0.0002296566423411991,-0.0086484996289279,18.8700008392334
2026-04-21,-0.006568474427903533,-0.005529410774023467,-0.02872874757171026,19.5
2026-04-22,0.01007576539985774,0.001961780040862836,0.01315885071808192,18.920000076293945
2026-04-23,-0.0038882734971482065,-0.002192763260308729,-0.009742663076259298,19.309999465942383
2026-04-24,0.007719426373887486,0.0018469034621705002,0.005114015549751456,18.709999084472656
2026-04-27,0.0017213241598695744,-0.004971430812305595,-0.007785532512716458,18.020000457763672
2026-04-28,-0.004877826001792575,0.0010426533409336085,-0.01873736625464264,17.829999923706055
2026-04-29,-0.0001545530367001282,-0.007787642920169179,-0.010723068864617815,18.809999465942383
2026-04-30,0.009900455774975739,-0.0009339085858758888,0.01486229443655377,16.889999389648438
2026-05-01,0.002765286895853703,0.003569032879497409,-0.0011336522597227192,16.989999771118164
2026-05-04,-0.003670106278149628,-0.007621559166189021,-0.02021814296632195,18.290000915527344
2026-05-05,0.007990179213504577,0.005516784018111639,0.008547670573807937,17.3799991607666
2026-05-06,0.013803728106156042,0.007579786949260861,0.029888127796577613,17.389999389648438
2026-05-07,-0.0030708152880456166,-0.0050078750996093106,0.0016692975079796522,17.079999923706055
2026-05-08,0.008222178062143842,0.0050078750996093175,0.004829858327988968,17.190000534057617
2026-05-11,0.0022749958288905154,-0.00605926200525061,0.0020266811021026647,18.3799991607666
2026-05-12,-0.0015160886733100647,-0.006684278304315255,-0.003965060284398247,17.989999771118164
2026-05-13,0.005579255007885031,-0.0022379985898875626,-0.00562871133052066,17.8700008392334
2026-05-14,0.007863259651000725,0.0014140364873746042,-0.007671648257758531,17.260000228881836
2026-05-15,-0.012102290069018232,-0.014948605485170565,-0.023494231397838114,18.43000030517578
2026-05-18,-0.0007036831481133525,-0.0011961023168099573,0.0027281501848720967,17.81999969482422
2026-05-19,-0.00668314190839915,-0.006483405281308728,-0.016700574279936407,18.059999465942383
