Date,SPY_price,TLT_price,GLD_price
2005-01-03,81.38374328613281,44.39643096923828,43.02000045776367
2005-01-04,80.38927459716797,43.931209564208984,42.7400016784668
2005-01-05,79.83451080322266,44.166351318359375,42.66999816894531
2005-01-06,80.24041748046875,44.19638442993164,42.150001525878906
2005-01-07,80.12541198730469,44.296409606933594,41.84000015258789
2005-01-10,80.50428771972656,44.366451263427734,41.95000076293945
2005-01-11,79.94954681396484,44.626583099365234,42.209999084472656
2005-01-12,80.21337890625,44.68663024902344,42.599998474121094
2005-01-13,79.57069396972656,45.116920471191406,42.599998474121094
2005-01-14,79.99010467529297,45.1119270324707,42.31999969482422
2005-01-18,80.82221984863281,45.26203918457031,42.31999969482422
2005-01-19,79.97657775878906,45.39209747314453,42.2599983215332
2005-01-20,79.48948669433594,45.48209762573242,42.25
2005-01-21,79.00244140625,45.53213882446289,42.7400016784668
2005-01-24,78.8468246459961,45.727272033691406,42.77000045776367
2005-01-25,79.07005310058594,45.2969856262207,42.2400016784668
2005-01-26,79.30687713623047,45.382110595703125,42.689998626708984
2005-01-27,79.44214630126953,45.2969856262207,42.619998931884766
2005-01-28,79.44214630126953,45.75229263305664,42.689998626708984
2005-01-31,79.93599700927734,45.882354736328125,42.220001220703125
2005-02-01,80.44340515136719,45.809566497802734,42.099998474121094
2005-02-02,80.68693542480469,45.915035247802734,42.15999984741211
2005-02-03,80.47720336914062,45.88991928100586,41.68000030517578
2005-02-04,81.33636474609375,46.52769470214844,41.470001220703125
2005-02-07,81.22811126708984,46.87417984008789,41.27000045776367
2005-02-08,81.32282257080078,47.140323638916016,41.2599983215332
2005-02-09,80.71395111083984,47.26592254638672,41.310001373291016
2005-02-10,81.00485229492188,46.628074645996094,41.75
2005-02-11,81.7016830444336,46.59799575805664,42.08000183105469
2005-02-14,81.64081573486328,46.74361038208008,42.54999923706055
2005-02-15,81.94522857666016,46.507598876953125,42.58000183105469
2005-02-16,81.99934387207031,46.33182144165039,42.52000045776367
2005-02-17,81.33636474609375,46.04055404663086,42.72999954223633
2005-02-18,81.44462585449219,45.628787994384766,42.75
2005-02-22,80.2336654663086,45.42791748046875,43.56999969482422
2005-02-23,80.8086929321289,45.57857131958008,43.41999816894531
2005-02-24,81.3431396484375,45.47810745239258,43.33000183105469
2005-02-25,82.14817810058594,45.699134826660156,43.5
2005-02-28,81.60699462890625,45.206939697265625,43.529998779296875
2005-03-01,82.0129165649414,45.192848205566406,43.220001220703125
2005-03-02,81.97225952148438,45.132362365722656,43.25
2005-03-03,82.0061264038086,45.107208251953125,42.970001220703125
2005-03-04,83.02764129638672,45.59584426879883,43.380001068115234
2005-03-07,83.0682144165039,45.7772216796875,43.470001220703125
2005-03-08,82.75701141357422,45.343963623046875,44.029998779296875
2005-03-09,81.83702087402344,44.603424072265625,44.02000045776367
2005-03-10,82.01962280273438,44.87545394897461,44.20000076293945
2005-03-11,81.44462585449219,44.54798126220703,44.43000030517578
2005-03-14,81.95197296142578,44.81499099731445,44.029998779296875
2005-03-15,81.27552032470703,44.53289031982422,44.060001373291016
2005-03-16,80.58544158935547,44.80495071411133,44.310001373291016
2005-03-17,80.74783325195312,44.95100784301758,43.81999969482422
2005-03-18,80.50804901123047,44.66889572143555,43.88999938964844
2005-03-21,80.20923614501953,44.542972564697266,43.09000015258789
2005-03-22,79.39424896240234,44.165157318115234,42.650001525878906
2005-03-23,79.46211242675781,44.376712799072266,42.41999816894531
2005-03-24,79.55722045898438,44.4673957824707,42.38999938964844
2005-03-28,79.67269897460938,44.19535827636719,42.540000915527344
2005-03-29,79.1429672241211,44.45732498168945,42.560001373291016
2005-03-30,80.26356506347656,44.678977966308594,42.61000061035156
2005-03-31,80.11415100097656,45.001399993896484,42.81999969482422
2005-04-01,79.75421142578125,45.1530876159668,42.619998931884766
2005-04-04,79.89000701904297,45.14296340942383,42.400001525878906
2005-04-05,80.27037811279297,45.026668548583984,42.45000076293945
2005-04-06,80.54879760742188,45.183441162109375,42.630001068115234
2005-04-07,80.98346710205078,44.81941604614258,42.56999969482422
2005-04-08,80.14131927490234,44.97611618041992,42.689998626708984
2005-04-11,80.20244598388672,45.218807220458984,42.779998779296875
2005-04-12,80.61673736572266,45.638492584228516,42.84000015258789
2005-04-13,79.66590118408203,45.52725601196289,42.900001525878906
2005-04-14,78.62678527832031,45.45646667480469,42.310001373291016
2005-04-15,77.52653503417969,46.05815887451172,42.400001525878906
2005-04-18,77.76422882080078,46.02273941040039,42.689998626708984
2005-04-19,78.3823013305664,46.46771240234375,43.279998779296875
2005-04-20,77.28883361816406,46.35143280029297,43.400001525878906
2005-04-21,78.78977966308594,45.86601257324219,43.189998626708984
2005-04-22,78.49095153808594,46.250308990478516,43.38999938964844
2005-04-25,79.00708770751953,46.3868522644043,43.439998626708984
2005-04-26,78.2396240234375,46.3160514831543,43.63999938964844
2005-04-27,78.54528045654297,46.477874755859375,43.20000076293945
2005-04-28,77.5604476928711,46.82166290283203,43.0
2005-04-29,78.61322021484375,46.74077606201172,43.349998474121094
2005-05-02,79.05469512939453,46.73063278198242,42.880001068115234
2005-05-03,79.19049835205078,46.85747146606445,42.7599983215332
2005-05-04,79.80171966552734,46.446434020996094,42.900001525878906
2005-05-05,79.77454376220703,46.55302047729492,42.90999984741211
2005-05-06,79.52327728271484,46.20796585083008,42.52000045776367
2005-05-09,80.01907348632812,46.25360107421875,42.54999923706055
2005-05-10,79.19049835205078,46.58345413208008,42.63999938964844
2005-05-11,79.62515258789062,46.725528717041016,42.689998626708984
2005-05-12,78.74903869628906,46.90821075439453,42.15999984741211
2005-05-13,78.59283447265625,47.090938568115234,41.95000076293945
2005-05-16,79.32630157470703,47.03508377075195,41.880001068115234
2005-05-17,79.85603332519531,47.1670036315918,41.86000061035156
2005-05-18,80.67784881591797,47.481658935546875,42.04999923706055
2005-05-19,81.0174560546875,47.3598518371582,41.97999954223633
2005-05-20,80.90196990966797,47.41571807861328,41.650001525878906
2005-05-23,81.35023498535156,47.78609848022461,41.619998931884766
2005-05-24,81.16007995605469,47.91803741455078,41.72999954223633
2005-05-25,81.09894561767578,47.58316421508789,41.869998931884766
2005-05-26,81.53360748291016,47.56792449951172,41.689998626708984
2005-05-27,81.66943359375,47.61865234375,41.880001068115234
2005-05-31,81.14649963378906,48.20729446411133,41.650001525878906
2005-06-01,81.8392333984375,48.79758834838867,41.529998779296875
2005-06-02,82.01582336425781,48.91474914550781,42.099998474121094
2005-06-03,81.60150146484375,48.512351989746094,42.16999816894531
2005-06-06,81.52680969238281,48.76700973510742,42.47999954223633
2005-06-07,81.58793640136719,49.15407943725586,42.380001068115234
2005-06-08,81.43851470947266,48.91980743408203,42.34000015258789
2005-06-09,81.82565307617188,48.87909698486328,42.27000045776367
2005-06-10,81.63545227050781,48.329010009765625,42.619998931884766
2005-06-13,81.89356231689453,48.038719177246094,42.779998779296875
2005-06-14,82.08373260498047,47.722965240478516,42.599998474121094
2005-06-15,82.23995208740234,47.80953598022461,42.7400016784668
2005-06-16,82.4504623413086,48.04890060424805,43.459999084472656
2005-06-17,82.7559585571289,48.04378128051758,43.630001068115234
2005-06-20,82.78323364257812,47.96227264404297,43.65999984741211
2005-06-21,82.83100128173828,48.31373977661133,43.810001373291016
2005-06-22,82.89915466308594,48.89946746826172,43.720001220703125
2005-06-23,81.73310852050781,48.8485221862793,44.02000045776367
2005-06-24,81.13301086425781,49.093013763427734,43.900001525878906
2005-06-27,81.24893951416016,49.22541809082031,43.90999984741211
2005-06-28,81.93085479736328,48.88930892944336,43.45000076293945
2005-06-29,81.71269226074219,48.81290054321289,43.630001068115234
2005-06-30,81.26939392089844,49.2508659362793,43.439998626708984
2005-07-01,81.5080795288086,48.65389633178711,42.70000076293945
2005-07-05,82.1627197265625,48.19398880004883,42.279998779296875
2005-07-06,81.47400665283203,48.459754943847656,42.25
2005-07-07,81.79446411132812,48.56194305419922,42.36000061035156
2005-07-08,82.72869110107422,48.3626594543457,42.2599983215332
2005-07-11,83.15145874023438,48.3626594543457,42.540000915527344
2005-07-12,83.36966705322266,48.09176254272461,42.63999938964844
2005-07-13,83.48564147949219,48.020179748535156,42.349998474121094
2005-07-14,83.81292724609375,47.8975715637207,41.900001525878906
2005-07-15,83.76518249511719,48.02534484863281,42.04999923706055
2005-07-18,83.43106842041016,47.667564392089844,42.0099983215332
2005-07-19,83.88792419433594,47.83623504638672,41.88999938964844
2005-07-20,84.17436981201172,48.09690856933594,42.20000076293945
2005-07-21,83.68335723876953,47.442745208740234,42.459999084472656
2005-07-22,84.24250793457031,47.810665130615234,42.45000076293945
2005-07-25,84.00387573242188,47.63691329956055,42.5099983215332
2005-07-26,84.10614776611328,47.71356964111328,42.25
2005-07-27,84.41300964355469,47.63691329956055,42.439998626708984
2005-07-28,84.94487762451172,48.061119079589844,42.75
2005-07-29,84.37889099121094,47.58584213256836,42.81999969482422
2005-08-01,84.31753540039062,47.408851623535156,43.130001068115234
2005-08-02,84.8221206665039,47.25495910644531,43.13999938964844
2005-08-03,85.04717254638672,47.48578643798828,43.529998779296875
2005-08-04,84.36526489257812,47.38829803466797,43.68000030517578
2005-08-05,83.7924575805664,47.019012451171875,43.599998474121094
2005-08-08,83.63562774658203,46.931793212890625,43.349998474121094
2005-08-09,84.14022827148438,47.10620880126953,43.34000015258789
2005-08-10,84.09932708740234,47.05490493774414,43.650001525878906
2005-08-11,84.43342590332031,47.38319396972656,44.45000076293945
2005-08-12,83.9151840209961,47.86537170410156,44.4900016784668
2005-08-15,84.43342590332031,47.742271423339844,44.130001068115234
2005-08-16,83.3355712890625,48.075679779052734,44.54999923706055
2005-08-17,83.32875061035156,47.75767135620117,43.90999984741211
2005-08-18,83.32196044921875,48.11161422729492,43.83000183105469
2005-08-19,83.5129165649414,48.10649108886719,43.599998474121094
2005-08-22,83.5129165649414,48.05519104003906,43.70000076293945
2005-08-23,83.35604858398438,48.275760650634766,43.7599983215332
2005-08-24,82.6127700805664,48.32194519042969,43.59000015258789
2005-08-25,82.9128189086914,48.47580337524414,43.72999954223633
2005-08-26,82.34684753417969,48.46043014526367,43.61000061035156
2005-08-29,82.98100280761719,48.52195739746094,43.56999969482422
2005-08-30,82.54462432861328,48.829795837402344,43.0099983215332
2005-08-31,83.587890625,49.24017333984375,43.400001525878906
2005-09-01,83.52652740478516,48.94366455078125,44.220001220703125
2005-09-02,83.3764877319336,48.9848518371582,44.25
2005-09-06,84.35164642333984,48.63993453979492,44.27000045776367
2005-09-07,84.49481964111328,48.18181228637695,44.33000183105469
2005-09-08,84.21525573730469,48.233280181884766,44.599998474121094
2005-09-09,84.96533966064453,48.3876953125,44.84000015258789
2005-09-12,84.79486846923828,48.053096771240234,44.88999938964844
2005-09-13,84.32434844970703,48.30532455444336,44.560001373291016
2005-09-14,84.01748657226562,48.12000274658203,44.959999084472656
2005-09-15,83.9765853881836,47.723636627197266,45.41999816894531
2005-09-16,84.57372283935547,47.40960693359375,45.81999969482422
2005-09-19,84.29295349121094,47.51260757446289,46.25
2005-09-20,83.58075714111328,47.63614273071289,46.22999954223633
2005-09-21,82.80006408691406,48.07884216308594,47.060001373291016
2005-09-22,83.09457397460938,48.03251647949219,46.36000061035156
2005-09-23,83.16301727294922,47.672203063964844,46.279998779296875
2005-09-26,83.25889587402344,47.45598602294922,46.56999969482422
2005-09-27,83.23835754394531,47.52289962768555,46.25
2005-09-28,83.32054901123047,47.842071533203125,46.79999923706055
2005-09-29,83.99849700927734,47.625823974609375,47.099998474121094
2005-09-30,84.25872802734375,47.46110153198242,46.70000076293945
2005-10-03,83.9573974609375,47.09004211425781,46.41999816894531
2005-10-04,83.01236724853516,47.24513244628906,46.45000076293945
2005-10-05,81.92353057861328,47.45183181762695,46.36000061035156
2005-10-06,81.62903594970703,47.270965576171875,47.209999084472656
2005-10-07,81.90985870361328,47.46214294433594,47.36000061035156
2005-10-10,81.21820068359375,47.431129455566406,47.369998931884766
2005-10-11,81.10176849365234,47.33298873901367,47.38999938964844
2005-10-12,80.46488189697266,46.87299728393555,46.849998474121094
2005-10-13,80.41693878173828,46.7025032043457,47.02000045776367
2005-10-14,81.26608276367188,46.630123138427734,46.79999923706055
2005-10-17,81.56746673583984,46.619789123535156,47.2599983215332
2005-10-18,80.68404388427734,46.671443939208984,47.0
2005-10-19,82.02623748779297,46.69216537475586,46.34000015258789
2005-10-20,80.581298828125,46.81617736816406,45.97999954223633
2005-10-21,80.89630889892578,47.250244140625,46.52000045776367
2005-10-24,82.1495132446289,46.88336944580078,46.38999938964844
2005-10-25,81.98516082763672,46.48027420043945,47.060001373291016
2005-10-26,81.7454605102539,46.139156341552734,46.93000030517578
2005-10-27,80.87577056884766,46.30453872680664,47.18000030517578
2005-10-28,82.0399398803711,46.309696197509766,47.220001220703125
2005-10-31,82.26594543457031,46.39757537841797,46.400001525878906
2005-11-01,82.51245880126953,46.34410095214844,45.72999954223633
2005-11-02,83.37533569335938,46.12607955932617,46.130001068115234
2005-11-03,83.73139953613281,45.81465148925781,45.959999084472656
2005-11-04,83.6218490600586,45.741943359375,45.5099983215332
2005-11-07,83.70402526855469,45.89773178100586,45.77000045776367
2005-11-08,83.70402526855469,46.34410095214844,45.90999984741211
2005-11-09,83.81359100341797,45.866554260253906,46.560001373291016
2005-11-10,84.46417999267578,46.427154541015625,46.47999954223633
2005-11-11,84.75180053710938,46.45309829711914,46.79999923706055
2005-11-14,84.70384979248047,46.10530471801758,46.619998931884766
2005-11-15,84.39567565917969,46.40638732910156,46.65999984741211
2005-11-16,84.56690216064453,46.89434051513672,47.779998779296875
2005-11-17,85.35441589355469,47.00851821899414,48.47999954223633
2005-11-18,85.68997955322266,46.7905158996582,48.459999084472656
2005-11-21,86.12141418457031,46.93068313598633,48.9900016784668
2005-11-22,86.49119567871094,46.99296569824219,49.31999969482422
2005-11-23,86.99110412597656,46.81129837036133,49.150001525878906
2005-11-25,87.05958557128906,46.98258972167969,49.41999816894531
2005-11-28,86.4432601928711,47.21617889404297,49.7400016784668
2005-11-29,86.34737396240234,46.76976013183594,49.79999923706055
2005-11-30,85.88167572021484,46.717857360839844,49.099998474121094
2005-12-01,86.75823211669922,46.64484405517578,50.16999816894531
2005-12-02,86.8678207397461,46.6605224609375,50.31999969482422
2005-12-05,86.68293762207031,46.45197677612305,50.779998779296875
2005-12-06,86.84728240966797,46.9264030456543,50.88999938964844
2005-12-07,86.34052276611328,46.749114990234375,51.31999969482422
2005-12-08,86.28575134277344,47.05148696899414,51.900001525878906
2005-12-09,86.51171112060547,46.681365966796875,52.400001525878906
2005-12-12,86.5938720703125,46.59272384643555,52.560001373291016
2005-12-13,87.18280792236328,46.764732360839844,51.650001525878906
2005-12-14,87.52525329589844,47.244422912597656,50.349998474121094
2005-12-15,87.27183532714844,47.129737854003906,50.2400016784668
2005-12-16,86.99102020263672,47.286102294921875,50.09000015258789
2005-12-19,86.54351806640625,47.33303451538086,50.220001220703125
2005-12-20,86.6260986328125,47.275672912597656,49.040000915527344
2005-12-21,86.76380157470703,47.192264556884766,49.369998931884766
2005-12-22,87.21815490722656,47.567665100097656,50.13999938964844
2005-12-23,87.26637268066406,47.85961151123047,50.119998931884766
2005-12-27,86.37824249267578,48.25062942504883,50.63999938964844
2005-12-28,86.5710220336914,48.11606216430664,51.470001220703125
2005-12-29,86.18550872802734,48.22077560424805,51.470001220703125
2005-12-30,85.7173843383789,48.11086654663086,51.58000183105469
2006-01-03,87.22505950927734,48.04800796508789,53.119998931884766
2006-01-04,87.63811492919922,48.1632080078125,53.29999923706055
2006-01-05,87.69320678710938,48.10557556152344,52.34000015258789
2006-01-06,88.42291259765625,48.01659393310547,53.720001220703125
2006-01-09,88.65010833740234,48.04800796508789,54.599998474121094
2006-01-10,88.73958587646484,47.660606384277344,54.060001373291016
2006-01-11,89.02188873291016,47.58211898803711,54.529998779296875
2006-01-12,88.67080688476562,47.90142059326172,54.43000030517578
2006-01-13,88.58816528320312,48.17885971069336,55.439998626708984
2006-01-17,88.34721374511719,48.39350891113281,55.2599983215332
2006-01-18,87.99607849121094,48.377838134765625,54.06999969482422
2006-01-19,88.33344268798828,48.23649597167969,55.59000015258789
2006-01-20,86.72250366210938,48.362098693847656,55.20000076293945
2006-01-23,87.03230285644531,48.346405029296875,55.77000045776367
2006-01-24,87.12178039550781,48.11086654663086,55.72999954223633
2006-01-25,87.1975326538086,47.587318420410156,56.13999938964844
2006-01-26,87.6794204711914,47.38315200805664,55.880001068115234
2006-01-27,88.49180603027344,47.38315200805664,55.630001068115234
2006-01-30,88.42291259765625,47.3360481262207,56.68000030517578
2006-01-31,87.77581787109375,47.46689987182617,56.70000076293945
2006-02-01,88.38849639892578,47.304534912109375,56.70000076293945
2006-02-02,87.36276245117188,47.393890380859375,56.97999954223633
2006-02-03,86.92902374267578,47.7301025390625,56.5
2006-02-06,87.15621185302734,47.824642181396484,56.720001220703125
2006-02-07,86.38517761230469,47.5987548828125,54.599998474121094
2006-02-08,87.17000579833984,47.48843002319336,54.83000183105469
2006-02-09,87.025390625,47.703861236572266,56.18000030517578
2006-02-10,87.18377685546875,47.44113540649414,54.790000915527344
2006-02-13,87.025390625,47.446388244628906,53.720001220703125
2006-02-14,87.94790649414062,47.278297424316406,54.4900016784668
2006-02-15,88.2577133178711,47.393890380859375,53.7599983215332
2006-02-16,88.91861724853516,47.40437316894531,54.52000045776367
2006-02-17,88.67767333984375,47.78266525268555,54.959999084472656
2006-02-21,88.45735168457031,47.703861236572266,55.119998931884766
2006-02-22,88.99433135986328,48.02960968017578,55.34000015258789
2006-02-23,88.86353302001953,47.90874481201172,54.63999938964844
2006-02-24,89.09070587158203,47.835227966308594,55.63999938964844
2006-02-27,89.1251220703125,47.756370544433594,55.220001220703125
2006-02-28,88.27833557128906,47.99281311035156,56.06999969482422
2006-03-01,89.06317901611328,47.70288848876953,56.099998474121094
2006-03-02,89.0562744140625,47.370689392089844,56.7400016784668
2006-03-03,88.64328002929688,47.096561431884766,56.279998779296875
2006-03-06,88.23703002929688,46.685306549072266,55.22999954223633
2006-03-07,88.09939575195312,46.71691131591797,54.95000076293945
2006-03-08,88.28526306152344,46.70112228393555,53.970001220703125
2006-03-09,87.69320678710938,46.71691131591797,54.2400016784668
2006-03-10,88.52619934082031,46.54297637939453,53.83000183105469
2006-03-13,88.69141387939453,46.50605010986328,54.310001373291016
2006-03-14,89.62079620361328,46.817073822021484,54.869998931884766
2006-03-15,90.0201187133789,46.56404113769531,55.119998931884766
2006-03-16,90.20599365234375,46.98580551147461,55.34000015258789
2006-03-17,90.28129577636719,46.843475341796875,55.119998931884766
2006-03-20,90.13619995117188,46.917259216308594,55.16999816894531
2006-03-21,89.56941223144531,46.67473602294922,54.83000183105469
2006-03-22,90.11544036865234,46.774925231933594,54.75
2006-03-23,89.9288330078125,46.62733840942383,54.70000076293945
2006-03-24,89.99796295166016,46.97001266479492,55.709999084472656
2006-03-27,89.86659240722656,46.79600524902344,56.38999938964844
2006-03-28,89.31367492675781,46.35845184326172,56.060001373291016
2006-03-29,89.87351989746094,46.13698196411133,57.06999969482422
2006-03-30,89.714599609375,45.81541442871094,58.599998474121094
2006-03-31,89.73532104492188,45.79957962036133,58.099998474121094
2006-04-03,89.66615295410156,45.814369201660156,58.470001220703125
2006-04-04,90.2398681640625,45.76677322387695,58.33000183105469
2006-04-05,90.55089569091797,45.830265045166016,58.65999984741211
2006-04-06,90.4541015625,45.480960845947266,59.279998779296875
2006-04-07,89.53488159179688,45.036434173583984,58.59000015258789
2006-04-10,89.67310333251953,45.12110137939453,59.599998474121094
2006-04-11,88.91282653808594,45.2798957824707,59.0099983215332
2006-04-12,89.07869720458984,45.00471115112305,59.43000030517578
2006-04-13,88.96118927001953,44.68715286254883,59.5
2006-04-17,88.92659759521484,44.851219177246094,61.09000015258789
2006-04-18,90.33663177490234,44.93061065673828,61.849998474121094
2006-04-19,90.50941467285156,44.6554069519043,63.75
2006-04-20,90.63380432128906,44.61836624145508,60.959999084472656
2006-04-21,90.64763641357422,44.877716064453125,63.20000076293945
2006-04-24,90.48175811767578,45.057613372802734,61.650001525878906
2006-04-25,90.1085205078125,44.523067474365234,62.779998779296875
2006-04-26,90.1292495727539,44.44899368286133,63.650001525878906
2006-04-27,90.56468963623047,44.5072135925293,62.959999084472656
2006-04-28,90.86882781982422,44.53895568847656,65.08999633789062
2006-05-01,90.1292495727539,44.20423889160156,65.16000366210938
2006-05-02,90.80662536621094,44.321136474609375,66.55000305175781
2006-05-03,90.46795654296875,44.22554397583008,66.45999908447266
2006-05-04,90.79278564453125,44.15113830566406,67.4800033569336
2006-05-05,91.59456634521484,44.416805267333984,67.98999786376953
2006-05-08,91.48399353027344,44.443355560302734,67.55999755859375
2006-05-09,91.6636962890625,44.416805267333984,69.68000030517578
2006-05-10,91.61531829833984,44.496456146240234,70.37999725341797
2006-05-11,90.50941467285156,44.278602600097656,71.02999877929688
2006-05-12,89.32752227783203,43.91205978393555,71.12000274658203
2006-05-15,89.50720977783203,44.087371826171875,67.41000366210938
2006-05-16,89.37590026855469,44.416805267333984,68.61000061035156
2006-05-17,87.67558288574219,44.140480041503906,68.1500015258789
2006-05-18,87.2332534790039,44.740875244140625,67.45999908447266
2006-05-19,87.8483657836914,44.85773849487305,65.58000183105469
2006-05-22,87.17794036865234,44.9533576965332,65.30000305175781
2006-05-23,86.51438903808594,44.926815032958984,66.37999725341797
2006-05-24,87.20558166503906,44.94809341430664,64.05999755859375
2006-05-25,88.2838363647461,44.77274703979492,64.69999694824219
2006-05-26,88.73307800292969,44.740875244140625,65.0999984741211
2006-05-30,87.1572036743164,44.719627380371094,65.11000061035156
2006-05-31,88.13179016113281,44.45397186279297,64.2300033569336
2006-06-01,88.97498321533203,44.65240478515625,62.560001373291016
2006-06-02,89.1616439819336,45.2285041809082,63.5
2006-06-05,87.86221313476562,45.169830322265625,63.290000915527344
2006-06-06,87.64794921875,45.38315963745117,62.54999923706055
2006-06-07,86.99132537841797,45.39383316040039,62.279998779296875
2006-06-08,86.91529083251953,45.484535217285156,60.90999984741211
2006-06-09,86.63882446289062,45.724578857421875,60.45000076293945
2006-06-12,85.69879913330078,45.76187515258789,60.029998779296875
2006-06-13,84.70354461669922,45.79391098022461,55.91999816894531
2006-06-14,85.36015319824219,45.33517837524414,55.619998931884766
2006-06-15,87.1710205078125,45.07379150390625,57.31999969482422
2006-06-16,86.53577423095703,44.972434997558594,57.68000030517578
2006-06-19,85.85546875,44.90847396850586,56.36000061035156
2006-06-20,86.14705657958984,44.833770751953125,57.29999923706055
2006-06-21,86.78572845458984,44.84444046020508,58.33000183105469
2006-06-22,86.40390014648438,44.58841323852539,57.72999954223633
2006-06-23,86.39004516601562,44.497703552246094,57.9900016784668
2006-06-26,86.77185821533203,44.41240310668945,58.279998779296875
2006-06-27,86.02210235595703,44.63106155395508,57.68000030517578
2006-06-28,86.60520935058594,44.396385192871094,57.540000915527344
2006-06-29,88.35468292236328,44.54574203491211,59.52000045776367
2006-06-30,88.36164093017578,44.97783660888672,61.22999954223633
2006-07-03,88.72261047363281,44.9333381652832,62.18000030517578
2006-07-05,88.2158432006836,44.57456588745117,62.5
2006-07-06,88.47270965576172,44.84764862060547,63.02000045776367
2006-07-07,87.89652252197266,45.136817932128906,62.630001068115234
2006-07-10,88.06312561035156,45.179664611816406,62.02000045776367
2006-07-11,88.45185852050781,45.324275970458984,63.810001373291016
2006-07-12,87.50773620605469,45.33496856689453,64.91999816894531
2006-07-13,86.08454895019531,45.511722564697266,65.55000305175781
2006-07-14,85.7513427734375,45.538455963134766,65.8499984741211
2006-07-17,85.62632751464844,45.60806655883789,63.95000076293945
2006-07-18,86.06377410888672,45.2171516418457,62.900001525878906
2006-07-19,87.25780487060547,45.6455192565918,64.02999877929688
2006-07-20,86.66075897216797,45.77943801879883,62.540000915527344
2006-07-21,86.04985809326172,45.69371032714844,61.709999084472656
2006-07-24,87.61881256103516,45.66694259643555,61.13999938964844
2006-07-25,87.93120574951172,45.533077239990234,61.54999923706055
2006-07-26,88.0492172241211,45.699100494384766,62.0
2006-07-27,87.96590423583984,45.629459381103516,62.900001525878906
2006-07-28,88.84760284423828,45.89187240600586,63.11000061035156
2006-07-31,88.75733947753906,45.95077133178711,63.15999984741211
2006-08-01,88.31999969482422,45.946468353271484,64.31999969482422
2006-08-02,88.91703796386719,46.11852264404297,64.75
2006-08-03,89.1530990600586,46.12925338745117,64.12000274658203
2006-08-04,89.00031280517578,46.408851623535156,64.27999877929688
2006-08-07,88.79203796386719,46.43571090698242,64.5
2006-08-08,88.45185852050781,46.333560943603516,63.970001220703125
2006-08-09,88.15339660644531,46.18306350708008,64.62999725341797
2006-08-10,88.4240951538086,46.11312484741211,63.25
2006-08-11,88.17424774169922,45.914215087890625,62.709999084472656
2006-08-14,88.24362182617188,45.833560943603516,62.25
2006-08-15,89.2988510131836,46.22071075439453,62.0099983215332
2006-08-16,90.04169464111328,46.532493591308594,62.4900016784668
2006-08-17,90.27078247070312,46.516357421875,61.029998779296875
2006-08-18,90.72892761230469,46.650814056396484,61.040000915527344
2006-08-21,90.34019470214844,46.817466735839844,62.439998626708984
2006-08-22,90.3332290649414,46.83357620239258,62.04999923706055
2006-08-23,90.08334350585938,46.855098724365234,61.83000183105469
2006-08-24,90.00695037841797,46.941097259521484,61.75
2006-08-25,90.11804962158203,47.010990142822266,61.77000045776367
2006-08-28,90.54843139648438,47.05400085449219,61.0
2006-08-29,90.65260314941406,47.11848831176758,60.939998626708984
2006-08-30,90.70814514160156,47.242183685302734,61.41999816894531
2006-08-31,90.69424438476562,47.355079650878906,62.290000915527344
2006-09-01,91.23576354980469,47.37130355834961,62.13999938964844
2006-09-05,91.40931701660156,47.074378967285156,63.36000061035156
2006-09-06,90.60398864746094,47.009639739990234,62.86000061035156
2006-09-07,90.18748474121094,47.101356506347656,61.25
2006-09-08,90.44432830810547,47.13916015625,60.63999938964844
2006-09-11,90.53459167480469,47.095977783203125,58.5
2006-09-12,91.42318725585938,47.33349609375,58.31999969482422
2006-09-13,91.7911605834961,47.3550910949707,58.619998931884766
2006-09-14,91.7980728149414,47.24712371826172,57.189998626708984
2006-09-15,92.01353454589844,47.2093620300293,57.400001525878906
2006-09-18,92.13908386230469,47.13376998901367,58.22999954223633
2006-09-19,91.90890502929688,47.662757873535156,56.91999816894531
2006-09-20,92.39702606201172,47.7329216003418,57.2599983215332
2006-09-21,91.95079803466797,48.170169830322266,57.95000076293945
2006-09-22,91.67188262939453,48.407684326171875,58.5
2006-09-25,92.3760986328125,48.74769973754883,58.5
2006-09-26,93.14315795898438,48.542633056640625,58.7400016784668
2006-09-27,93.25472259521484,48.40226364135742,59.810001373291016
2006-09-28,93.2198486328125,48.3212890625,59.790000915527344
2006-09-29,93.14315795898438,48.261924743652344,59.470001220703125
2006-10-02,92.79447937011719,48.39410400390625,59.150001525878906
2006-10-03,92.98973846435547,48.32910919189453,57.11000061035156
2006-10-04,94.0774917602539,48.6813850402832,56.369998931884766
2006-10-05,94.25878143310547,48.339962005615234,56.91999816894531
2006-10-06,94.14022827148438,47.83594512939453,56.9900016784668
2006-10-09,94.1960220336914,47.966026306152344,57.20000076293945
2006-10-10,94.32154846191406,47.586673736572266,57.0
2006-10-11,94.20994567871094,47.445762634277344,56.880001068115234
2006-10-12,95.02581024169922,47.47289276123047,57.4900016784668
2006-10-13,95.26986694335938,47.234405517578125,58.56999969482422
2006-10-16,95.41629791259766,47.445762634277344,59.16999816894531
2006-10-17,95.11646270751953,47.48372268676758,58.650001525878906
2006-10-18,95.24198913574219,47.581275939941406,58.59000015258789
2006-10-19,95.39534759521484,47.4945182800293,59.40999984741211
2006-10-20,95.41629791259766,47.445762634277344,58.779998779296875
2006-10-23,95.85556030273438,47.25607681274414,57.7599983215332
2006-10-24,96.14146423339844,47.25607681274414,58.16999816894531
2006-10-25,96.46915435791016,47.63002014160156,58.7599983215332
2006-10-26,96.76904296875,47.93890380859375,59.290000915527344
2006-10-27,96.162353515625,48.161155700683594,59.400001525878906
2006-10-30,96.09264373779297,48.29660415649414,59.900001525878906
2006-10-31,96.07865905761719,48.6705322265625,60.2400016784668
2006-11-01,95.43022918701172,48.93983840942383,61.36000061035156
2006-11-02,95.37446594238281,48.738555908203125,61.91999816894531
2006-11-03,95.20707702636719,48.161895751953125,62.29999923706055
2006-11-06,96.28089141845703,48.3033332824707,61.88999938964844
2006-11-07,96.65048217773438,48.52638244628906,62.040000915527344
2006-11-08,96.85965728759766,48.70045852661133,61.11000061035156
2006-11-09,96.3506851196289,48.673221588134766,62.95000076293945
2006-11-10,96.3924789428711,48.88543701171875,62.4900016784668
2006-11-13,96.62955474853516,48.87453079223633,62.189998626708984
2006-11-14,97.3547592163086,49.0649299621582,61.630001068115234
2006-11-15,97.63365173339844,48.879974365234375,61.84000015258789
2006-11-16,97.88470458984375,48.656898498535156,61.310001373291016
2006-11-17,97.91255187988281,48.93436813354492,61.779998779296875
2006-11-20,97.96833038330078,49.01053237915039,61.77000045776367
2006-11-21,98.06597900390625,49.130184173583984,62.27000045776367
2006-11-22,98.26117706298828,49.211788177490234,62.5
2006-11-24,97.86376190185547,49.29888153076172,63.5
2006-11-27,96.51800537109375,49.478389739990234,63.70000076293945
2006-11-28,96.93635559082031,49.581790924072266,63.56999969482422
2006-11-29,97.94743347167969,49.46754837036133,63.15999984741211
2006-11-30,97.98930358886719,49.793941497802734,64.38999938964844
2006-12-01,97.77310943603516,49.92063522338867,64.12000274658203
2006-12-04,98.51920318603516,50.00796890258789,64.12000274658203
2006-12-05,98.94453430175781,49.773162841796875,63.810001373291016
2006-12-06,98.86084747314453,49.67488479614258,62.689998626708984
2006-12-07,98.42852783203125,49.63668441772461,62.72999954223633
2006-12-08,98.60987091064453,49.276309967041016,62.04999923706055
2006-12-11,98.89569854736328,49.489227294921875,62.56999969482422
2006-12-12,98.81903076171875,49.59298324584961,62.52000045776367
2006-12-13,98.9236068725586,49.150672912597656,62.47999954223633
2006-12-14,99.79522705078125,48.97050857543945,62.119998931884766
2006-12-15,99.80435180664062,48.997764587402344,61.0
2006-12-18,99.53087615966797,49.01411819458008,61.040000915527344
2006-12-19,99.72019958496094,48.94862365722656,61.79999923706055
2006-12-20,99.66410064697266,48.943172454833984,61.619998931884766
2006-12-21,99.29952239990234,49.18888473510742,61.380001068115234
2006-12-22,98.68953704833984,48.81210708618164,61.650001525878906
2006-12-26,99.27146911621094,48.95956039428711,61.97999954223633
2006-12-27,99.92355346679688,48.599586486816406,62.220001220703125
2006-12-28,99.71321105957031,48.489990234375,62.900001525878906
2006-12-29,99.29952239990234,48.451663970947266,63.209999084472656
2007-01-03,99.12419128417969,48.796817779541016,62.279998779296875
2007-01-04,99.33454895019531,49.09269332885742,61.650001525878906
2007-01-05,98.54222106933594,48.87903594970703,60.16999816894531
2007-01-08,98.99797058105469,48.9666748046875,60.47999954223633
2007-01-09,98.91384887695312,48.9666748046875,60.849998474121094
2007-01-10,99.2433853149414,48.74751663208008,60.59000015258789
2007-01-11,99.6781005859375,48.462615966796875,60.630001068115234
2007-01-12,100.43539428710938,48.23796081542969,62.16999816894531
2007-01-16,100.23906707763672,48.34204864501953,61.970001220703125
2007-01-17,100.28112030029297,48.19414138793945,62.63999938964844
2007-01-18,99.94456481933594,48.34204864501953,62.2599983215332
2007-01-19,100.14093017578125,48.21055603027344,63.0
2007-01-22,99.8324203491211,48.32564163208008,62.720001220703125
2007-01-23,100.12686157226562,48.0078239440918,64.2300033569336
2007-01-24,100.93324279785156,48.00233840942383,64.33000183105469
2007-01-25,99.74823760986328,47.65715789794922,64.05999755859375
2007-01-26,99.65709686279297,47.61882019042969,64.16999816894531
2007-01-29,99.60098266601562,47.51472091674805,63.77000045776367
2007-01-30,100.11991119384766,47.56949996948242,64.22000122070312
2007-01-31,100.79296112060547,47.96950912475586,64.83000183105469
2007-02-01,101.39600372314453,47.911712646484375,65.22000122070312
2007-02-02,101.53621673583984,47.97221755981445,64.27999877929688
2007-02-05,101.56430053710938,48.03825759887695,64.30999755859375
2007-02-06,101.59231567382812,48.302310943603516,64.79000091552734
2007-02-07,101.81670379638672,48.445396423339844,64.62999725341797
2007-02-08,101.68351745605469,48.4838752746582,65.5199966430664
2007-02-09,100.92619323730469,48.20880889892578,66.12000274658203
2007-02-12,100.58263397216797,48.09877014160156,65.66999816894531
2007-02-13,101.43106079101562,47.99422836303711,65.83999633789062
2007-02-14,102.09715270996094,48.45085525512695,66.37000274658203
2007-02-15,102.23040008544922,48.59389877319336,66.41000366210938
2007-02-16,102.1812973022461,48.76443862915039,66.36000061035156
2007-02-20,102.39867401123047,48.87445831298828,65.30999755859375
2007-02-21,102.35658264160156,48.79193115234375,67.3499984741211
2007-02-22,102.27946472167969,48.52785110473633,67.1500015258789
2007-02-23,101.87979125976562,48.87445831298828,67.72000122070312
2007-02-26,101.78863525390625,49.19904327392578,68.0999984741211
2007-02-27,97.81301879882812,49.82071304321289,65.41000366210938
2007-02-28,98.81568145751953,49.59516906738281,66.4800033569336
2007-03-01,98.52120208740234,49.56367111206055,65.81999969482422
2007-03-02,97.23109436035156,49.812164306640625,63.709999084472656
2007-03-05,96.30552673339844,49.89503479003906,62.93000030517578
2007-03-06,97.95323944091797,49.745872497558594,64.1500015258789
2007-03-07,97.85509490966797,49.93920135498047,64.30000305175781
2007-03-08,98.6824722290039,49.89503479003906,64.4800033569336
2007-03-09,98.71051788330078,49.370384216308594,64.25
2007-03-12,98.85775756835938,49.56367111206055,64.37000274658203
2007-03-13,96.93657684326172,49.86185836791992,63.720001220703125
2007-03-14,97.65874481201172,49.6354866027832,63.939998626708984
2007-03-15,97.7919921875,49.62996292114258,63.97999954223633
2007-03-16,97.51813507080078,49.618900299072266,64.62000274658203
2007-03-19,98.69376373291016,49.513980865478516,64.73999786376953
2007-03-20,99.23580169677734,49.541568756103516,65.2699966430664
2007-03-21,100.86895751953125,49.56367111206055,65.81999969482422
2007-03-22,100.7914810180664,49.17158126831055,65.76000213623047
2007-03-23,100.93936920166016,49.03351593017578,65.1500015258789
2007-03-26,100.8055648803711,49.09428787231445,65.83999633789062
2007-03-27,100.56627655029297,49.01144027709961,65.69999694824219
2007-03-28,99.83414459228516,48.91204833984375,66.05000305175781
2007-03-29,99.93976593017578,48.84577178955078,65.6500015258789
2007-03-30,99.96085357666016,48.75188446044922,65.73999786376953
2007-04-02,100.07347869873047,48.83281707763672,65.8499984741211
2007-04-03,101.1505355834961,48.771827697753906,65.83000183105469
2007-04-04,101.26314544677734,48.821712493896484,66.80999755859375
2007-04-05,101.5376968383789,48.638797760009766,66.86000061035156
2007-04-09,101.67851257324219,48.317283630371094,66.52999877929688
2007-04-10,101.79816436767578,48.461429595947266,67.16000366210938
2007-04-11,101.38285064697266,48.42818832397461,67.08000183105469
2007-04-12,101.8333740234375,48.43925857543945,66.98999786376953
2007-04-13,102.2979736328125,48.28959655761719,67.83999633789062
2007-04-16,103.26942443847656,48.555660247802734,68.4000015258789
2007-04-17,103.54398345947266,48.82725143432617,68.0
2007-04-18,103.67068481445312,49.07111358642578,68.37999725341797
2007-04-19,103.64251708984375,48.98799514770508,67.52999877929688
2007-04-20,104.62098693847656,48.86051940917969,68.69999694824219
2007-04-23,104.22676849365234,49.03786087036133,68.26000213623047
2007-04-24,104.26901245117188,49.22078323364258,67.7300033569336
2007-04-25,105.22643280029297,49.04896545410156,67.88999938964844
2007-04-26,105.34606170654297,48.6942253112793,66.87000274658203
2007-04-27,105.26165008544922,48.68315887451172,67.55999755859375
2007-04-30,104.3886947631836,49.19309997558594,67.08999633789062
2007-05-01,104.65621185302734,49.22869873046875,66.69000244140625
2007-05-02,105.26859283447266,49.20087814331055,66.66000366210938
2007-05-03,105.83882904052734,49.08961868286133,67.48999786376953
2007-05-04,106.24010467529297,49.28986740112305,68.19000244140625
2007-05-07,106.26122283935547,49.42340850830078,68.25
2007-05-08,106.12042236328125,49.31215286254883,67.87999725341797
2007-05-09,106.40900421142578,49.11746597290039,67.44999694824219
2007-05-10,105.29682922363281,49.23426818847656,66.0
2007-05-11,106.19780731201172,49.06178665161133,66.44999694824219
2007-05-14,105.96553802490234,48.9338493347168,66.27999877929688
2007-05-15,105.99368286132812,48.91715621948242,66.54000091552734
2007-05-16,106.71878814697266,48.88377380371094,65.5999984741211
2007-05-17,106.50762176513672,48.68348693847656,65.05999755859375
2007-05-18,107.43679809570312,48.3608512878418,65.5199966430664
2007-05-21,107.38045501708984,48.50543212890625,65.66999816894531
2007-05-22,107.29598236083984,48.25513458251953,65.19999694824219
2007-05-23,107.31011199951172,48.11605453491211,65.54000091552734
2007-05-24,106.3386001586914,48.160552978515625,64.75
2007-05-25,106.78218841552734,48.0493049621582,64.94000244140625
2007-05-29,107.16931915283203,48.043724060058594,65.06999969482422
2007-05-30,108.04218292236328,48.14385223388672,64.72000122070312
2007-05-31,107.9295425415039,48.054893493652344,65.54000091552734
2007-06-01,108.4645767211914,47.80237579345703,66.44000244140625
2007-06-04,108.47864532470703,48.020233154296875,66.54000091552734
2007-06-05,108.04926300048828,47.718685150146484,66.37000274658203
2007-06-06,106.8877182006836,47.69631576538086,66.41000366210938
2007-06-07,104.95887756347656,46.841773986816406,65.26000213623047
2007-06-08,106.32456970214844,46.80268478393555,64.22000122070312
2007-06-11,106.50762176513672,46.66865158081055,64.69999694824219
2007-06-12,105.34606170654297,45.99285888671875,64.0999984741211
2007-06-13,106.92294311523438,46.54021453857422,64.52999877929688
2007-06-14,107.60575103759766,46.42290496826172,64.5999984741211
2007-06-15,108.21798706054688,46.74127197265625,64.8499984741211
2007-06-18,108.09068298339844,46.64630126953125,64.94999694824219
2007-06-19,108.35939025878906,47.08193588256836,65.4800033569336
2007-06-20,106.85350036621094,46.70215606689453,64.70999908447266
2007-06-21,107.44732666015625,46.47878646850586,64.55999755859375
2007-06-22,106.43643188476562,46.780364990234375,64.77999877929688
2007-06-25,105.9273452758789,47.03727340698242,64.43000030517578
2007-06-26,104.83865356445312,47.048431396484375,63.619998931884766
2007-06-27,106.33033752441406,47.09309768676758,63.66999816894531
2007-06-28,106.3161849975586,47.08193588256836,64.26000213623047
2007-06-29,106.35154724121094,47.56784439086914,64.2699966430664
2007-07-02,107.31306457519531,47.81788635253906,65.0199966430664
2007-07-03,107.70185089111328,47.526344299316406,64.73999786376953
2007-07-05,107.58876037597656,46.993743896484375,64.41999816894531
2007-07-06,108.15438079833984,46.80308532714844,64.95999908447266
2007-07-09,108.23918914794922,46.9713020324707,65.37999725341797
2007-07-10,106.697998046875,47.767433166503906,65.61000061035156
2007-07-11,107.45447540283203,47.27404022216797,65.44000244140625
2007-07-12,109.15119171142578,47.111473083496094,66.0199966430664
2007-07-13,109.47639465332031,47.24043655395508,66.02999877929688
2007-07-16,109.46234130859375,47.694549560546875,65.81999969482422
2007-07-17,109.40567016601562,47.593624114990234,65.75
2007-07-18,109.20780944824219,47.773067474365234,66.62000274658203
2007-07-19,109.6319580078125,47.761810302734375,67.01000213623047
2007-07-20,108.52198791503906,48.193519592285156,67.58000183105469
2007-07-23,108.85431671142578,48.115020751953125,67.47000122070312
2007-07-24,106.96662902832031,48.29440689086914,67.47000122070312
2007-07-25,107.18579864501953,48.38976287841797,66.9000015258789
2007-07-26,104.64777374267578,48.79341506958008,65.6500015258789
2007-07-27,102.59041595458984,48.93362045288086,65.41000366210938
2007-07-30,104.19523620605469,48.79341506958008,65.7699966430664
2007-07-31,103.02165985107422,49.146629333496094,65.79000091552734
2007-08-01,103.52363586425781,49.04023361206055,65.93000030517578
2007-08-02,104.35079956054688,49.1640739440918,65.88999938964844
2007-08-03,101.66424560546875,49.490562438964844,66.69000244140625
2007-08-06,103.36808013916016,49.130306243896484,66.5199966430664
2007-08-07,104.47095489501953,49.0909309387207,66.4800033569336
2007-08-08,105.9273452758789,48.494293212890625,66.7699966430664
2007-08-09,102.7883071899414,48.561859130859375,65.45999908447266
2007-08-10,102.3075942993164,48.44927978515625,66.56999969482422
2007-08-13,102.67527770996094,48.5899772644043,66.26000213623047
2007-08-14,101.10574340820312,48.71943664550781,66.29000091552734
2007-08-15,99.71298217773438,48.544944763183594,66.12999725341797
2007-08-16,100.46238708496094,49.045902252197266,64.68000030517578
2007-08-17,102.3075942993164,48.848915100097656,65.01000213623047
2007-08-20,102.25813293457031,48.87703323364258,65.12000274658203
2007-08-21,102.46315002441406,49.113372802734375,65.06999969482422
2007-08-22,103.67915344238281,49.03464126586914,65.4000015258789
2007-08-23,103.58729553222656,49.20344924926758,65.30999755859375
2007-08-24,104.86688995361328,49.44548797607422,66.11000061035156
2007-08-27,103.89127349853516,49.704429626464844,65.9800033569336
2007-08-28,101.607666015625,49.78884506225586,65.58999633789062
2007-08-29,103.60138702392578,49.65378189086914,66.06999969482422
2007-08-30,103.32564544677734,49.985816955566406,65.80000305175781
2007-08-31,104.34374237060547,50.025203704833984,66.5199966430664
2007-09-04,105.39710235595703,50.048973083496094,67.44000244140625
2007-09-05,104.48507690429688,50.4501953125,67.55999755859375
2007-09-06,104.7254867553711,50.320220947265625,68.86000061035156
2007-09-07,103.26913452148438,51.03233337402344,69.38999938964844
2007-09-10,103.07112884521484,51.42789840698242,69.62000274658203
2007-09-11,104.2730712890625,51.388362884521484,70.5199966430664
2007-09-12,104.54168701171875,51.19622039794922,70.45999908447266
2007-09-13,105.2769775390625,50.738433837890625,70.08000183105469
2007-09-14,105.26991271972656,50.811920166015625,69.98999786376953
2007-09-17,104.70429229736328,51.05487823486328,70.97000122070312
2007-09-18,107.78669738769531,50.67062759399414,71.69999694824219
2007-09-19,108.4229965209961,50.20155715942383,71.43000030517578
2007-09-20,107.65953063964844,49.25208282470703,72.72000122070312
2007-09-21,107.94998931884766,49.670310974121094,72.33999633789062
2007-09-24,107.7510986328125,49.81165313720703,72.27999877929688
2007-09-25,107.53800964355469,49.63640213012695,72.33000183105469
2007-09-26,108.10627746582031,49.68160629272461,72.0
2007-09-27,108.74555969238281,50.026371002197266,72.69999694824219
2007-09-28,108.38333129882812,50.13937759399414,73.51000213623047
2007-10-01,109.60509490966797,50.42588424682617,73.9000015258789
2007-10-02,109.4559097290039,50.584747314453125,72.3499984741211
2007-10-03,109.23567962646484,50.43722915649414,71.9000015258789
2007-10-04,109.40620422363281,50.630126953125,72.87000274658203
2007-10-05,110.70612335205078,50.08552932739258,73.4000015258789
2007-10-08,110.11653137207031,50.045738220214844,72.52999877929688
2007-10-09,111.15359497070312,49.98337936401367,73.08999633789062
2007-10-10,110.96894836425781,50.01175308227539,73.36000061035156
2007-10-11,110.43620300292969,49.960697174072266,73.91000366210938
2007-10-12,111.04710388183594,49.716678619384766,74.58999633789062
2007-10-15,110.10944366455078,49.72805404663086,75.13999938964844
2007-10-16,109.23567962646484,49.74506378173828,75.12000274658203
2007-10-17,109.56954193115234,50.289737701416016,74.5
2007-10-18,109.17179870605469,50.56773376464844,76.0
2007-10-19,106.31620788574219,51.32230758666992,75.69999694824219
2007-10-22,106.9342041015625,51.327999114990234,74.5999984741211
2007-10-23,107.80081939697266,51.25990676879883,75.2300033569336
2007-10-24,107.60193634033203,51.640010833740234,75.5199966430664
2007-10-25,107.85763549804688,51.46416473388672,76.02999877929688
2007-10-26,109.12208557128906,51.34499740600586,77.69000244140625
2007-10-29,109.48439025878906,51.5435791015625,78.12000274658203
2007-10-30,108.72428131103516,51.51520538330078,77.3499984741211
2007-10-31,109.85368347167969,51.04998016357422,78.62000274658203
2007-11-01,107.28231048583984,51.71327590942383,77.93000030517578
2007-11-02,107.4030532836914,51.87857437133789,79.83000183105469
2007-11-05,106.586181640625,51.85574722290039,79.75
2007-11-06,108.02102661132812,51.6049919128418,81.43000030517578
2007-11-07,105.06604766845703,51.696163177490234,82.23999786376953
2007-11-08,104.5333251953125,51.6049919128418,82.2300033569336
2007-11-09,103.09839630126953,52.043766021728516,82.18000030517578
2007-11-12,102.07555389404297,52.231842041015625,78.30000305175781
2007-11-13,105.18677520751953,52.038082122802734,79.12000274658203
2007-11-14,104.89555358886719,52.09503936767578,80.27999877929688
2007-11-15,103.38249206542969,52.58512878417969,77.94999694824219
2007-11-16,103.56009674072266,52.65920639038086,77.75
2007-11-19,102.11815643310547,53.001121520996094,77.23999786376953
2007-11-20,102.74323272705078,52.94416046142578,79.47000122070312
2007-11-21,100.64060974121094,53.2518310546875,79.36000061035156
2007-11-23,102.3809585571289,53.411399841308594,81.25
2007-11-26,100.12210845947266,54.46562576293945,81.30000305175781
2007-11-27,101.27281951904297,53.94705581665039,80.0999984741211
2007-11-28,104.51197814941406,53.58237838745117,79.56999969482422
2007-11-29,104.5474853515625,54.04391860961914,78.27999877929688
2007-11-30,105.59878540039062,53.78180694580078,77.31999969482422
2007-12-03,104.9026107788086,54.20857620239258,78.27999877929688
2007-12-04,103.96508026123047,54.202850341796875,79.4000015258789
2007-12-05,105.70536041259766,53.55641174316406,78.62999725341797
2007-12-06,107.21835327148438,53.08724594116211,79.37000274658203
2007-12-07,107.19706726074219,52.492218017578125,78.5999984741211
2007-12-10,108.02811431884766,52.177574157714844,80.0
2007-12-11,105.06604766845703,53.20167922973633,78.83999633789062
2007-12-12,106.10309600830078,52.6524543762207,80.48999786376953
2007-12-13,105.8829574584961,52.0803108215332,78.5
2007-12-14,104.54036712646484,51.84002685546875,78.5199966430664
2007-12-17,103.04866790771484,52.30344009399414,78.12999725341797
2007-12-18,103.62406158447266,52.6409797668457,79.25
2007-12-19,103.62406158447266,53.3389892578125,79.23999786376953
2007-12-20,104.27759552001953,53.22456741333008,78.66999816894531
2007-12-21,105.78074645996094,52.44651412963867,80.0999984741211
2007-12-24,106.56626892089844,52.20046615600586,80.13999938964844
2007-12-26,106.79483032226562,51.742774963378906,81.5199966430664
2007-12-27,105.45227813720703,52.30682373046875,81.55999755859375
2007-12-28,105.1880874633789,53.12254333496094,83.0
2007-12-31,104.40967559814453,53.44417953491211,82.45999908447266
2008-01-02,103.49563598632812,54.21391296386719,84.86000061035156
2008-01-03,103.44561004638672,54.139244079589844,85.56999969482422
2008-01-04,100.91056060791016,54.15073776245117,85.12999725341797
2008-01-07,100.82484436035156,54.38628005981445,84.7699966430664
2008-01-08,99.19669342041016,54.32305145263672,86.77999877929688
2008-01-09,100.23925018310547,54.426456451416016,86.55000305175781
2008-01-10,100.89627838134766,53.69122314453125,88.25
2008-01-11,100.0821762084961,54.11050033569336,88.58000183105469
2008-01-14,100.88910675048828,54.31157302856445,89.54000091552734
2008-01-15,98.66828918457031,54.92045593261719,87.98999786376953
2008-01-16,97.8184585571289,54.524131774902344,86.69999694824219
2008-01-17,95.28337097167969,55.23063278198242,86.5
2008-01-18,94.3050537109375,54.85154342651367,87.41999816894531
2008-01-22,93.34813690185547,55.43738555908203,88.16999816894531
2008-01-23,95.59043884277344,55.31103515625,87.88999938964844
2008-01-24,96.39739227294922,54.20244598388672,90.08000183105469
2008-01-25,95.00485229492188,55.11580276489258,90.30000305175781
2008-01-28,96.57595825195312,54.908966064453125,91.75
2008-01-29,97.05439758300781,54.53560256958008,91.1500015258789
2008-01-30,96.34024047851562,54.1794548034668,92.05999755859375
2008-01-31,98.096923828125,54.564334869384766,91.4000015258789
2008-02-01,99.67512512207031,54.892303466796875,89.3499984741211
2008-02-04,98.4183120727539,54.32742691040039,89.0999984741211
2008-02-05,95.78325653076172,54.742401123046875,87.68000030517578
2008-02-06,95.01202392578125,54.57533645629883,88.94999694824219
2008-02-07,95.64041137695312,53.399410247802734,89.8499984741211
2008-02-08,95.02629852294922,54.0103874206543,91.0
2008-02-11,95.51190185546875,54.23521041870117,91.33000183105469
2008-02-12,96.39739227294922,53.91239929199219,89.33000183105469
2008-02-13,97.38285827636719,53.34173583984375,89.44000244140625
2008-02-14,96.52594757080078,52.55781173706055,89.70999908447266
2008-02-15,96.50450134277344,52.96128845214844,89.1500015258789
2008-02-19,96.77588653564453,52.42523193359375,91.58000183105469
2008-02-20,97.0615005493164,52.78838348388672,93.23999786376953
2008-02-21,96.25454711914062,53.347476959228516,93.25
2008-02-22,96.8472671508789,53.04203796386719,93.38999938964844
2008-02-25,98.0683822631836,52.50012969970703,92.73999786376953
2008-02-26,98.80392456054688,52.51747131347656,93.70999908447266
2008-02-27,98.70391082763672,52.563560485839844,94.77999877929688
2008-02-28,97.73989868164062,53.497371673583984,95.98999786376953
2008-02-29,95.5618896484375,54.315853118896484,96.18000030517578
2008-03-03,95.3333511352539,54.175880432128906,97.23999786376953
2008-03-04,94.96919250488281,53.6494140625,95.18000030517578
2008-03-05,95.56903839111328,53.0072135925293,97.72000122070312
2008-03-06,93.5909652709961,53.29065704345703,96.5
2008-03-07,92.62689971923828,53.36008834838867,96.08999633789062
2008-03-10,91.40575408935547,54.146949768066406,95.87000274658203
2008-03-11,94.69065856933594,53.68410110473633,95.98999786376953
2008-03-12,93.80520629882812,54.719703674316406,97.01000213623047
2008-03-13,94.0123062133789,54.29158401489258,98.33999633789062
2008-03-14,92.55548858642578,54.96268844604492,98.70999908447266
2008-03-17,91.62001037597656,55.38502883911133,99.16999816894531
2008-03-18,95.42620086669922,55.17093276977539,96.5
2008-03-19,93.06253814697266,56.085105895996094,93.04000091552734
2008-03-20,94.78628540039062,56.22394943237305,89.91000366210938
2008-03-24,96.68086242675781,55.1362419128418,90.0999984741211
2008-03-25,96.774169921875,55.36766052246094,92.7300033569336
2008-03-26,95.59005737304688,55.1362419128418,93.80000305175781
2008-03-27,95.28861236572266,54.74867248535156,93.45999908447266
2008-03-28,94.37722778320312,55.280941009521484,91.87999725341797
2008-03-31,94.70736694335938,55.477622985839844,90.41000366210938
2008-04-01,98.03719329833984,54.574710845947266,86.86000061035156
2008-04-02,98.10179901123047,54.69091033935547,89.2699966430664
2008-04-03,98.34577941894531,54.81294631958008,89.41999816894531
2008-04-04,98.23814392089844,55.31260681152344,90.25
2008-04-07,98.28837585449219,55.02210998535156,91.16999816894531
2008-04-08,98.18792724609375,54.83036804199219,90.3499984741211
2008-04-09,97.47743225097656,55.39979553222656,92.29000091552734
2008-04-10,97.61380004882812,55.2138557434082,91.7699966430664
2008-04-11,95.71924591064453,55.58572006225586,91.30000305175781
2008-04-14,95.39627838134766,55.26033401489258,91.11000061035156
2008-04-15,95.6187515258789,54.574710845947266,91.66000366210938
2008-04-16,98.20944213867188,54.040184020996094,93.2699966430664
2008-04-17,98.35297393798828,53.94721221923828,92.55999755859375
2008-04-18,99.37918090820312,53.90073776245117,90.62000274658203
2008-04-21,99.42945861816406,54.11570739746094,90.25
2008-04-22,98.99166870117188,54.30158615112305,90.2699966430664
2008-04-23,98.83381652832031,54.12150955200195,89.22000122070312
2008-04-24,99.26437377929688,53.66253662109375,87.22000122070312
2008-04-25,100.1829833984375,53.3487548828125,87.2699966430664
2008-04-28,100.20450592041016,53.511436462402344,87.69000244140625
2008-04-29,99.80978393554688,53.7148323059082,85.80999755859375
2008-04-30,99.2212905883789,54.09828567504883,86.6500015258789
2008-05-01,101.27375793457031,54.10177230834961,83.98999786376953
2008-05-02,101.55362701416016,53.41958236694336,84.58000183105469
2008-05-05,101.06566619873047,53.41958236694336,86.2699966430664
2008-05-06,101.94120788574219,53.0346794128418,86.62999725341797
2008-05-07,100.12554931640625,53.2620849609375,85.81999969482422
2008-05-08,99.8672103881836,53.74028015136719,87.23999786376953
2008-05-09,99.68061065673828,53.93852233886719,87.41999816894531
2008-05-12,100.80014038085938,53.85688018798828,86.98999786376953
2008-05-13,100.81448364257812,53.26791763305664,85.38999938964844
2008-05-14,101.02257537841797,53.291263580322266,85.19999694824219
2008-05-15,102.28560638427734,53.77524185180664,87.0
2008-05-16,102.37898254394531,53.553688049316406,89.0999984741211
2008-05-19,102.65885162353516,53.6236457824707,89.38999938964844
2008-05-20,101.82635498046875,53.90353012084961,90.9000015258789
2008-05-21,100.1040267944336,53.91520690917969,91.95999908447266
2008-05-22,100.11837768554688,53.27956008911133,90.9800033569336
2008-05-23,98.77638244628906,53.512821197509766,91.2300033569336
2008-05-27,99.50837707519531,53.151329040527344,89.36000061035156
2008-05-28,99.96764373779297,52.67898178100586,89.13999938964844
2008-05-29,100.47003173828125,52.29995346069336,86.51000213623047
2008-05-30,100.72119140625,52.64402770996094,87.44999694824219
2008-06-02,99.68061065673828,52.84706115722656,87.95999908447266
2008-06-03,99.09931182861328,53.22746276855469,86.87999725341797
2008-06-04,99.04907989501953,52.75344467163086,86.6500015258789
2008-06-05,101.02977752685547,52.43741226196289,86.44999694824219
2008-06-06,97.80755615234375,53.11630630493164,89.05999755859375
2008-06-09,98.04438781738281,53.11630630493164,87.98999786376953
2008-06-10,97.55641174316406,52.77098083496094,85.55000305175781
2008-06-11,96.12108612060547,52.64808654785156,87.0199966430664
2008-06-12,96.48706817626953,52.12137222290039,85.5999984741211
2008-06-13,97.70709991455078,52.010154724121094,85.83000183105469
2008-06-16,97.76451110839844,52.02187728881836,87.01000213623047
2008-06-17,97.29084014892578,52.12722396850586,87.25
2008-06-18,96.34358215332031,52.5661506652832,88.27999877929688
2008-06-19,96.46558380126953,52.25598907470703,88.41999816894531
2008-06-20,94.8997573852539,52.560298919677734,88.94999694824219
2008-06-23,94.8060073852539,52.6715087890625,87.08999633789062
2008-06-24,94.6185073852539,53.02265548706055,87.47000122070312
2008-06-25,95.0656509399414,53.04606628417969,87.41999816894531
2008-06-26,92.48363494873047,53.4030876159668,90.61000061035156
2008-06-27,91.97876739501953,54.02922821044922,91.47000122070312
2008-06-30,92.3033218383789,54.04096221923828,91.4000015258789
2008-07-01,92.59181213378906,53.91290283203125,92.66000366210938
2008-07-02,91.00513458251953,54.19482421875,93.16999816894531
2008-07-03,91.09886169433594,54.077388763427734,92.05999755859375
2008-07-07,90.16847229003906,54.324073791503906,91.2300033569336
2008-07-08,91.76958465576172,54.67648696899414,90.86000061035156
2008-07-09,90.00259399414062,54.917274475097656,91.5
2008-07-10,90.37041473388672,54.91142654418945,93.52999877929688
2008-07-11,89.31742095947266,54.130210876464844,95.16000366210938
2008-07-14,88.50965118408203,54.605979919433594,95.91000366210938
2008-07-15,87.2619400024414,54.58837127685547,96.16999816894531
2008-07-16,89.40399169921875,53.60163879394531,94.44000244140625
2008-07-17,90.29830932617188,53.325565338134766,94.22000122070312
2008-07-18,90.86089324951172,53.1258659362793,94.16999816894531
2008-07-21,90.91136932373047,53.331478118896484,95.12000274658203
2008-07-22,91.94271850585938,53.0671272277832,93.05999755859375
2008-07-23,92.44034576416016,52.9614143371582,90.56999969482422
2008-07-24,90.52188873291016,53.478271484375,91.33000183105469
2008-07-25,90.5002670288086,52.94379425048828,91.69000244140625
2008-07-28,89.1731948852539,53.478271484375,91.7300033569336
2008-07-29,91.07727813720703,53.26093673706055,90.58999633789062
2008-07-30,92.69999694824219,53.31379699707031,89.5199966430664
2008-07-31,91.47391510009766,53.84248352050781,90.08000183105469
2008-08-01,90.9906997680664,53.96150207519531,89.56999969482422
2008-08-04,90.1468505859375,53.83773422241211,88.13999938964844
2008-08-05,92.57740020751953,53.43684387207031,86.08000183105469
2008-08-06,92.98851776123047,53.218753814697266,86.63999938964844
2008-08-07,91.60375213623047,54.08531951904297,86.08999633789062
2008-08-08,93.30583190917969,54.232662200927734,84.43000030517578
2008-08-11,94.27232360839844,53.7138786315918,81.12999725341797
2008-08-12,93.29144287109375,54.21503448486328,80.5199966430664
2008-08-13,92.72887420654297,54.026344299316406,81.55999755859375
2008-08-14,93.428466796875,54.3741569519043,79.3499984741211
2008-08-15,93.88286590576172,54.84574890136719,77.62999725341797
2008-08-18,92.59902954101562,55.063838958740234,78.80000305175781
2008-08-19,91.58930969238281,54.85162353515625,80.43000030517578
2008-08-20,92.01483154296875,55.00489807128906,80.05999755859375
2008-08-21,92.17353057861328,54.90471267700195,82.30000305175781
2008-08-22,93.5077896118164,54.86931610107422,81.08000183105469
2008-08-25,91.61094665527344,55.41754913330078,80.93000030517578
2008-08-26,91.87779235839844,55.46467208862305,81.2300033569336
2008-08-27,92.77214050292969,55.55905532836914,81.36000061035156
2008-08-28,93.89725494384766,55.56488800048828,82.18000030517578
2008-08-29,92.88749694824219,55.317298889160156,81.70999908447266
2008-09-02,92.31053161621094,55.83205032348633,79.19999694824219
2008-09-03,92.23121643066406,56.06869125366211,78.88999938964844
2008-09-04,89.45443725585938,56.51829528808594,78.38999938964844
2008-09-05,89.73576354980469,56.48878479003906,78.9800033569336
2008-09-08,91.58930969238281,56.725460052490234,78.86000061035156
2008-09-09,88.8702621459961,57.287418365478516,76.48999786376953
2008-09-10,89.23088073730469,56.93246841430664,74.22000122070312
2008-09-11,90.52188873291016,56.90287399291992,73.08000183105469
2008-09-12,90.94020080566406,56.16929244995117,75.55000305175781
2008-09-15,86.61280822753906,57.99150466918945,77.55999755859375
2008-09-16,88.06246185302734,57.97970962524414,76.79000091552734
2008-09-17,84.1029281616211,58.2695426940918,85.45999908447266
2008-09-18,86.59839630126953,57.417625427246094,82.80000305175781
2008-09-19,90.03753662109375,55.59538269042969,85.9800033569336
2008-09-22,87.99913787841797,55.58949279785156,89.18000030517578
2008-09-23,85.99703979492188,55.37644958496094,88.31999969482422
2008-09-24,86.27268981933594,55.61903381347656,86.70999908447266
2008-09-25,87.6219711303711,55.506629943847656,86.44999694824219
2008-09-26,87.66544342041016,55.908958435058594,86.63999938964844
2008-09-29,80.79586029052734,57.53594207763672,89.56999969482422
2008-09-30,84.13999938964844,56.1337776184082,85.06999969482422
2008-10-01,84.1907730102539,56.839962005615234,85.97000122070312
2008-10-02,81.13679504394531,57.296878814697266,82.33000183105469
2008-10-03,80.04144287109375,57.80137252807617,82.58999633789062
2008-10-06,75.96464538574219,58.851741790771484,84.27999877929688
2008-10-07,72.56248474121094,58.67372512817383,87.2699966430664
2008-10-08,70.73445892333984,57.83100891113281,89.41999816894531
2008-10-09,65.79441833496094,57.34440612792969,89.9000015258789
2008-10-10,64.19853973388672,56.94087600708008,83.22000122070312
2008-10-13,73.5199966430664,56.21092224121094,81.98999786376953
2008-10-14,72.43189239501953,55.84890365600586,82.19999694824219
2008-10-15,65.30115509033203,56.38301467895508,83.30999755859375
2008-10-16,68.02143859863281,56.09221267700195,79.29000091552734
2008-10-17,67.61520385742188,55.70646667480469,77.20999908447266
2008-10-20,71.67750549316406,56.151546478271484,78.5
2008-10-21,69.53753662109375,56.44828796386719,76.02999877929688
2008-10-22,65.75092315673828,57.593658447265625,71.70999908447266
2008-10-23,66.51261901855469,58.020912170410156,70.6500015258789
2008-10-24,63.13944625854492,57.40376281738281,72.20999908447266
2008-10-27,60.89792251586914,57.44525909423828,72.18000030517578
2008-10-28,68.0141830444336,56.60857009887695,73.79000091552734
2008-10-29,67.52091217041016,56.32370376586914,74.0
2008-10-30,69.8567123413086,55.81328582763672,72.70999908447266
2008-10-31,70.24120330810547,55.08932113647461,71.33999633789062
2008-11-03,70.44432830810547,55.23823928833008,71.0999984741211
2008-11-04,72.838134765625,56.27498245239258,75.4800033569336
2008-11-05,69.77691650390625,56.942317962646484,72.80000305175781
2008-11-06,65.91049194335938,56.531192779541016,72.22000122070312
2008-11-07,68.08670043945312,56.16178512573242,72.5
2008-11-10,67.19445037841797,56.43586349487305,73.58000183105469
2008-11-11,65.11981201171875,56.60270309448242,72.05000305175781
2008-11-12,62.25444793701172,56.966163635253906,70.0
2008-11-13,66.13538360595703,55.60173416137695,72.1500015258789
2008-11-14,62.83476638793945,56.70402526855469,73.30000305175781
2008-11-17,62.00055694580078,56.954219818115234,72.6500015258789
2008-11-18,63.16845703125,57.68708038330078,72.51000213623047
2008-11-19,59.12069320678711,59.16473388671875,72.26000213623047
2008-11-20,54.731971740722656,62.22126007080078,73.44999694824219
2008-11-21,57.684356689453125,61.321563720703125,78.8499984741211
2008-11-24,61.681358337402344,60.362281799316406,80.91000366210938
2008-11-25,62.13837432861328,62.13782501220703,80.87000274658203
2008-11-26,64.53947448730469,62.22126007080078,80.37999725341797
2008-11-28,65.3519287109375,62.989845275878906,80.30999755859375
2008-12-01,59.56316375732422,65.402099609375,75.6500015258789
2008-12-02,61.85545349121094,65.65314483642578,76.94999694824219
2008-12-03,63.342567443847656,65.83851623535156,76.18000030517578
2008-12-04,61.87721633911133,67.13578796386719,75.5
2008-12-05,63.78504943847656,66.0477523803711,74.5199966430664
2008-12-08,66.0120620727539,65.90420532226562,76.19999694824219
2008-12-09,64.92396545410156,67.2075424194336,76.33000183105469
2008-12-10,65.36643981933594,67.04611206054688,79.75
2008-12-11,63.792293548583984,67.17760467529297,80.6500015258789
2008-12-12,64.55398559570312,67.17760467529297,80.80999755859375
2008-12-15,63.654457092285156,67.94282531738281,82.5999984741211
2008-12-16,66.65042877197266,69.62269592285156,84.45999908447266
2008-12-17,66.00476837158203,71.5118637084961,85.43000030517578
2008-12-18,64.7716064453125,73.01240539550781,83.87000274658203
2008-12-19,64.49299621582031,73.09010314941406,82.62999725341797
2008-12-22,63.6666259765625,72.52813720703125,83.45999908447266
2008-12-23,63.00846481323242,72.43252563476562,82.62999725341797
2008-12-24,63.37409591674805,72.2771224975586,83.45999908447266
2008-12-26,63.7397575378418,72.51619720458984,85.5999984741211
2008-12-29,63.556922912597656,72.42925262451172,86.3499984741211
2008-12-30,65.06339263916016,73.11907196044922,85.9000015258789
2008-12-31,65.99214172363281,71.58951568603516,86.5199966430664
2009-01-02,67.98128509521484,69.78997039794922,86.2300033569336
2009-01-05,67.90084838867188,67.99052429199219,84.4800033569336
2009-01-06,68.35420989990234,67.3066635131836,85.12999725341797
2009-01-07,66.30660247802734,67.57061004638672,82.75
2009-01-08,66.5771713256836,67.51667022705078,84.45999908447266
2009-01-09,65.151123046875,67.61859893798828,83.91999816894531
2009-01-12,63.586185455322266,68.32044219970703,80.76000213623047
2009-01-13,63.70317459106445,68.3923568725586,80.87999725341797
2009-01-14,61.699424743652344,69.52005004882812,79.79000091552734
2009-01-15,61.72137451171875,69.6340560913086,80.38999938964844
2009-01-16,62.20401382446289,68.56034851074219,82.70999908447266
2009-01-20,58.92051696777344,68.54835510253906,84.5199966430664
2009-01-21,61.46541976928711,66.38294982910156,84.1500015258789
2009-01-22,60.51472091674805,65.1053695678711,84.58000183105469
2009-01-23,60.777992248535156,64.59547424316406,88.52999877929688
2009-01-26,61.19482421875,64.03160095214844,88.94999694824219
2009-01-27,61.81643295288086,65.53722381591797,88.37999725341797
2009-01-28,63.90795135498047,63.8996467590332,87.41999816894531
2009-01-29,61.831058502197266,62.430118560791016,89.5
2009-01-30,60.57326126098633,62.23215103149414,91.30999755859375
2009-02-02,60.39043045043945,63.3900146484375,88.83999633789062
2009-02-03,61.238712310791016,61.880287170410156,88.47000122070312
2009-02-04,60.93885040283203,61.66377639770508,89.18000030517578
2009-02-05,61.84568405151367,61.717891693115234,90.12000274658203
2009-02-06,63.608131408691406,61.52541732788086,89.58999633789062
2009-02-09,63.69587707519531,61.72395324707031,88.31999969482422
2009-02-10,60.777992248535156,63.06517028808594,90.20999908447266
2009-02-11,61.136314392089844,63.8831672668457,92.29000091552734
2009-02-12,61.1801872253418,63.28173828125,93.16999816894531
2009-02-13,60.52204513549805,61.597618103027344,92.55000305175781
2009-02-17,57.93323516845703,63.516319274902344,95.44999694824219
2009-02-18,57.7943115234375,62.97504425048828,96.91000366210938
2009-02-19,57.1727180480957,61.904327392578125,95.7699966430664
2009-02-20,56.616920471191406,62.50582504272461,97.80000305175781
2009-02-23,54.59122848510742,63.08323669433594,97.7300033569336
2009-02-24,56.660797119140625,63.01710891723633,94.7300033569336
2009-02-25,56.214725494384766,62.28932189941406,93.1500015258789
2009-02-26,55.30057907104492,61.633663177490234,93.05999755859375
2009-02-27,54.064701080322266,61.27880859375,92.62999725341797
2009-03-02,51.62946319580078,62.29326629638672,90.93000030517578
2009-03-03,51.241905212402344,61.877113342285156,90.04000091552734
2009-03-04,52.45585632324219,61.5936393737793,88.98999786376953
2009-03-05,50.313133239746094,63.30662155151367,91.98999786376953
2009-03-06,50.40091323852539,62.884422302246094,92.29000091552734
2009-03-09,49.80854415893555,62.51646041870117,90.56999969482422
2009-03-10,52.77762985229492,61.316253662109375,88.13999938964844
2009-03-11,53.1213493347168,61.979671478271484,89.22000122070312
2009-03-12,55.21284866333008,62.275245666503906,91.0999984741211
2009-03-13,55.644287109375,61.961578369140625,91.30000305175781
2009-03-16,55.476112365722656,60.98447799682617,90.80000305175781
2009-03-17,57.1727180480957,60.65278625488281,90.04000091552734
2009-03-18,58.45249938964844,62.95073699951172,93.08999633789062
2009-03-19,57.728485107421875,63.029136657714844,94.3499984741211
2009-03-20,56.499210357666016,62.679317474365234,93.58999633789062
2009-03-23,60.557533264160156,62.13650894165039,92.08000183105469
2009-03-24,59.36433410644531,62.72758102416992,90.94999694824219
2009-03-25,59.990386962890625,61.88315200805664,91.9800033569336
2009-03-26,61.2130241394043,62.600914001464844,91.93000030517578
2009-03-27,60.10822296142578,63.065311431884766,90.69000244140625
2009-03-30,58.03119659423828,63.30662155151367,89.9800033569336
2009-03-31,58.56888198852539,63.758934020996094,90.27999877929688
2009-04-01,59.703155517578125,64.34085845947266,91.02999877929688
2009-04-02,61.44869613647461,63.55450439453125,88.80000305175781
2009-04-03,62.06005096435547,62.25402069091797,87.58999633789062
2009-04-06,61.57392120361328,61.987850189208984,85.2699966430664
2009-04-07,60.13767623901367,62.14514923095703,86.73999786376953
2009-04-08,60.78583526611328,62.695594787597656,86.61000061035156
2009-04-09,63.20161819458008,61.90922164916992,86.30999755859375
2009-04-13,63.216365814208984,62.47782897949219,87.87999725341797
2009-04-14,62.12633514404297,62.80450439453125,87.37000274658203
2009-04-15,62.7891845703125,62.695594787597656,87.5
2009-04-16,63.70987319946289,62.19957733154297,85.80999755859375
2009-04-17,64.13701629638672,61.51605224609375,85.22000122070312
2009-04-20,61.44869613647461,62.44755935668945,86.94999694824219
2009-04-21,62.649269104003906,61.83061218261719,86.88999938964844
2009-04-22,62.266239166259766,61.45561599731445,87.37999725341797
2009-04-23,62.877586364746094,61.449485778808594,88.80000305175781
2009-04-24,63.82769775390625,60.83257293701172,89.72000122070312
2009-04-27,63.2237434387207,61.09264373779297,89.01000213623047
2009-04-28,63.024898529052734,60.094608306884766,87.75
2009-04-29,64.36534881591797,59.56233215332031,88.33000183105469
2009-04-30,64.38746643066406,59.326416015625,87.2699966430664
2009-05-01,64.73360443115234,58.918094635009766,86.94999694824219
2009-05-04,66.93584442138672,59.112239837646484,88.63999938964844
2009-05-05,66.7075424194336,59.039432525634766,88.25
2009-05-06,67.8638916015625,58.89995193481445,89.54000091552734
2009-05-07,66.92113494873047,57.462013244628906,89.44000244140625
2009-05-08,68.48258209228516,57.6015510559082,89.9800033569336
2009-05-11,67.20098876953125,58.42058563232422,89.69000244140625
2009-05-12,67.00215911865234,58.632938385009766,90.69999694824219
2009-05-13,65.31549835205078,59.270015716552734,91.08999633789062
2009-05-14,65.87525939941406,59.5004997253418,91.02999877929688
2009-05-15,65.33757019042969,59.482357025146484,91.55000305175781
2009-05-18,67.19364929199219,58.56009292602539,90.36000061035156
2009-05-19,67.11263275146484,58.25074768066406,90.95999908447266
2009-05-20,66.6633529663086,58.8635139465332,92.25
2009-05-21,65.70584869384766,57.38310623168945,93.8499984741211
2009-05-22,65.5658950805664,56.74606704711914,94.1500015258789
2009-05-26,67.24520874023438,55.890602111816406,93.76000213623047
2009-05-27,66.04463958740234,54.9016227722168,93.44999694824219
2009-05-28,66.9653091430664,55.69647979736328,94.23999786376953
2009-05-29,68.15115356445312,57.13436508178711,96.19999694824219
2009-06-01,69.80095672607422,55.44527053833008,95.7300033569336
2009-06-02,69.85986328125,55.7435188293457,96.36000061035156
2009-06-03,68.97605895996094,56.26702117919922,94.41000366210938
2009-06-04,69.62421417236328,55.1043815612793,96.2300033569336
2009-06-05,69.63893127441406,54.684391021728516,93.70999908447266
2009-06-08,69.3516616821289,54.544403076171875,93.55999755859375
2009-06-09,69.70521545410156,54.53831100463867,93.83000183105469
2009-06-10,69.52843475341797,53.680023193359375,93.86000061035156
2009-06-11,69.8377456665039,54.276588439941406,93.69999694824219
2009-06-12,70.02928161621094,54.76351547241211,92.16999816894531
2009-06-15,68.42363739013672,55.25654220581055,91.0999984741211
2009-06-16,67.4956283569336,56.21828079223633,91.93000030517578
2009-06-17,67.42935943603516,55.901763916015625,92.3499984741211
2009-06-18,67.92280578613281,55.05568313598633,91.61000061035156
2009-06-19,68.17314910888672,55.81044006347656,91.9000015258789
2009-06-22,66.1288833618164,56.3521728515625,90.54000091552734
2009-06-23,66.18067932128906,57.01566696166992,90.91999816894531
2009-06-24,66.75103759765625,56.44352340698242,91.44999694824219
2009-06-25,68.20278930664062,57.478267669677734,92.30999755859375
2009-06-26,68.02503204345703,57.575653076171875,92.29000091552734
2009-06-29,68.66200256347656,57.660865783691406,92.04000091552734
2009-06-30,68.10649108886719,57.56348419189453,91.18000030517578
2009-07-01,68.38797760009766,57.44928741455078,92.38999938964844
2009-07-02,66.52140808105469,57.583621978759766,91.25
2009-07-06,66.51403045654297,57.47373580932617,90.76000213623047
2009-07-07,65.22522735595703,57.8583984375,90.70999908447266
2009-07-08,65.18077087402344,58.92704772949219,89.2699966430664
2009-07-09,65.30667114257812,58.22481918334961,89.51000213623047
2009-07-10,65.1511001586914,58.76218795776367,89.58000183105469
2009-07-13,66.73622131347656,58.43243408203125,90.19000244140625
2009-07-14,67.11399841308594,57.46149826049805,90.80999755859375
2009-07-15,69.07681274414062,55.98373794555664,92.23999786376953
2009-07-16,68.96571350097656,56.58826446533203,91.9800033569336
2009-07-17,69.72120666503906,55.71502685546875,91.93000030517578
2009-07-20,70.46192932128906,56.0081787109375,93.27999877929688
2009-07-21,70.78778839111328,57.12566375732422,93.12999725341797
2009-07-22,70.77297973632812,56.61269760131836,93.44000244140625
2009-07-23,72.33585357666016,55.574615478515625,93.26000213623047
2009-07-24,72.63213348388672,55.84331130981445,93.41000366210938
2009-07-27,72.84693145751953,55.2021484375,93.70999908447266
2009-07-28,72.5062255859375,55.69062042236328,92.11000061035156
2009-07-29,72.32847595214844,55.9959602355957,91.19999694824219
2009-07-30,73.08392333984375,56.78976058959961,91.62000274658203
2009-07-31,73.18766021728516,57.89506149291992,93.3499984741211
2009-08-03,74.39495849609375,57.01766586303711,93.87000274658203
2009-08-04,74.58753967285156,56.56428146362305,94.68000030517578
2009-08-05,74.37275695800781,55.71877670288086,94.77999877929688
2009-08-06,73.98758697509766,55.90869903564453,94.5999984741211
2009-08-07,74.95784759521484,55.44301986694336,93.75
2009-08-10,74.80235290527344,56.13535690307617,92.93000030517578
2009-08-11,73.86907196044922,56.784854888916016,92.79000091552734
2009-08-12,74.66161346435547,56.17825698852539,92.94999694824219
2009-08-13,75.23194885253906,56.974788665771484,93.72000122070312
2009-08-14,74.65420532226562,57.19533920288086,93.0
2009-08-17,72.81729125976562,58.04087829589844,91.61000061035156
2009-08-18,73.39503479003906,57.70392990112305,92.05999755859375
2009-08-19,74.03946685791016,58.18181610107422,92.52999877929688
2009-08-20,74.80235290527344,58.659698486328125,92.2699966430664
2009-08-21,76.26891326904297,57.45268630981445,93.6500015258789
2009-08-24,76.26150512695312,58.494266510009766,92.33999633789062
2009-08-25,76.40966796875,58.825172424316406,92.76000213623047
2009-08-26,76.41702270507812,59.09470748901367,92.79000091552734
2009-08-27,76.58738708496094,58.861900329589844,93.19000244140625
2009-08-28,76.57257843017578,59.1314811706543,93.87000274658203
2009-08-31,75.89115142822266,59.186614990234375,93.4000015258789
2009-09-01,74.21720123291016,59.043418884277344,93.9000015258789
2009-09-02,73.9357681274414,59.9039421081543,96.19000244140625
2009-09-03,74.55050659179688,59.535118103027344,97.45999908447266
2009-09-04,75.59489440917969,58.5209846496582,97.52999877929688
2009-09-08,76.24668884277344,58.1091423034668,97.43000030517578
2009-09-09,76.83184814453125,58.04154968261719,97.08000183105469
2009-09-10,77.61695861816406,59.11100769042969,97.69999694824219
2009-09-11,77.60215759277344,59.43674850463867,98.77999877929688
2009-09-14,77.97991943359375,58.84673309326172,97.95999908447266
2009-09-15,78.30583190917969,58.54556655883789,98.9000015258789
2009-09-16,79.49093627929688,58.6500129699707,99.91000366210938
2009-09-17,79.37242889404297,59.38760757446289,99.33999633789062
2009-09-18,79.42300415039062,58.859039306640625,98.66999816894531
2009-09-21,79.22209930419922,58.99425506591797,98.36000061035156
2009-09-22,79.68350982666016,59.1171760559082,99.66999816894531
2009-09-23,79.02113342285156,59.295413970947266,98.83000183105469
2009-09-24,78.1504135131836,59.46751403808594,97.55000305175781
2009-09-25,77.7336654663086,60.2235107421875,97.0
2009-09-28,79.12532806396484,60.75209426879883,97.05000305175781
2009-09-29,78.8871841430664,60.696807861328125,97.43000030517578
2009-09-30,78.58206176757812,60.641517639160156,98.8499984741211
2009-10-01,76.6321792602539,61.4720573425293,97.88999938964844
2009-10-02,76.27498626708984,61.046607971191406,98.37000274658203
2009-10-05,77.41363525390625,61.05275344848633,99.81999969482422
2009-10-06,78.52249145507812,60.448524475097656,102.27999877929688
2009-10-07,78.73832702636719,61.1575813293457,102.36000061035156
2009-10-08,79.34114074707031,60.51631546020508,103.63999938964844
2009-10-09,79.82491302490234,59.12907791137695,102.83999633789062
2009-10-12,80.13745880126953,59.221580505371094,103.55999755859375
2009-10-13,79.97370910644531,59.52982711791992,104.26000213623047
2009-10-14,81.35054016113281,58.648101806640625,104.18000030517578
2009-10-15,81.6482162475586,58.376853942871094,102.86000061035156
2009-10-16,81.03797912597656,58.85160446166992,103.18000030517578
2009-10-19,81.70775604248047,59.314022064208984,104.2300033569336
2009-10-20,81.27613830566406,59.634613037109375,103.41999816894531
2009-10-21,80.54680633544922,59.27704620361328,103.75
2009-10-22,81.36539459228516,58.98725891113281,103.91999816894531
2009-10-23,80.43512725830078,58.543251037597656,103.48999786376953
2009-10-26,79.56439971923828,57.78493881225586,101.86000061035156
2009-10-27,79.19976043701172,58.57415008544922,101.8499984741211
2009-10-28,77.70387268066406,58.85160446166992,100.7300033569336
2009-10-29,79.37094116210938,58.210384368896484,102.69000244140625
2009-10-30,77.07127380371094,59.05509567260742,102.52999877929688
2009-11-02,77.63688659667969,58.794036865234375,103.94999694824219
2009-11-03,77.8824691772461,58.20640563964844,106.45999908447266
2009-11-04,78.08342742919922,57.6744499206543,107.0999984741211
2009-11-05,79.51976776123047,57.6744499206543,106.9800033569336
2009-11-06,79.7281723022461,57.73015594482422,107.43000030517578
2009-11-09,81.54402923583984,57.79817199707031,108.19000244140625
2009-11-10,81.55892181396484,57.69295120239258,108.38999938964844
2009-11-11,81.97566986083984,57.93425750732422,109.5999984741211
2009-11-12,81.14217376708984,57.8291015625,108.20999908447266
2009-11-13,81.58123016357422,58.09508514404297,109.73999786376953
2009-11-16,82.76456451416016,58.77545928955078,111.62999725341797
2009-11-17,82.8613052368164,59.09092330932617,111.97000122070312
2009-11-18,82.80921936035156,58.74456024169922,112.25
2009-11-19,81.73009490966797,58.849727630615234,112.30000305175781
2009-11-20,81.43982696533203,58.837318420410156,112.94000244140625
2009-11-23,82.47430419921875,58.76311111450195,114.29000091552734
2009-11-24,82.60086059570312,59.134193420410156,114.7300033569336
2009-11-25,82.89106750488281,59.406436920166016,116.62000274658203
2009-11-27,81.54402923583984,59.629119873046875,115.05999755859375
2009-11-30,81.81941223144531,59.7713737487793,115.63999938964844
2009-12-01,82.83155822753906,59.10552215576172,117.37999725341797
2009-12-02,82.7943344116211,59.155189514160156,119.18000030517578
2009-12-03,82.14685821533203,58.54085159301758,118.69999694824219
2009-12-04,82.6156997680664,57.92033386230469,113.75
2009-12-07,82.48921203613281,57.99477005004883,113.11000061035156
2009-12-08,81.57381439208984,58.0816650390625,110.94999694824219
2009-12-09,81.87893676757812,57.81484603881836,110.83999633789062
2009-12-10,82.34033966064453,57.15085220336914,110.81999969482422
2009-12-11,82.69013214111328,57.144683837890625,109.31999969482422
2009-12-14,83.2557601928711,57.21293258666992,110.23999786376953
2009-12-15,82.86876678466797,56.95850372314453,110.20999908447266
2009-12-16,82.99528503417969,56.890201568603516,111.58999633789062
2009-12-17,81.99800872802734,57.827266693115234,107.33999633789062
2009-12-18,82.46189880371094,57.57902145385742,108.94999694824219
2009-12-21,83.29994201660156,56.55509948730469,106.94999694824219
2009-12-22,83.59925079345703,56.23868942260742,106.16999816894531
2009-12-23,83.76380920410156,56.251102447509766,106.55000305175781
2009-12-24,84.16039276123047,55.66780090332031,108.36000061035156
2009-12-28,84.3399658203125,55.51264190673828,108.55000305175781
2009-12-29,84.22025299072266,55.87884521484375,107.47000122070312
2009-12-30,84.1903305053711,56.24626922607422,106.93000030517578
2009-12-31,83.38224792480469,55.978431701660156,107.30999755859375
2010-01-04,84.79639434814453,55.92863464355469,109.80000305175781
2010-01-05,85.02082824707031,56.28988265991211,109.69999694824219
2010-01-06,85.0806884765625,55.53631591796875,111.51000213623047
2010-01-07,85.43985748291016,55.62974166870117,110.81999969482422
2010-01-08,85.72417449951172,55.60484313964844,111.37000274658203
2010-01-11,85.8438949584961,55.2996826171875,112.8499984741211
2010-01-12,85.04329681396484,56.24626922607422,110.48999786376953
2010-01-13,85.7615737915039,55.592384338378906,111.54000091552734
2010-01-14,85.9935302734375,56.37078857421875,112.02999877929688
2010-01-15,85.02833557128906,56.719512939453125,110.86000061035156
2010-01-19,86.09078979492188,56.5576171875,111.5199966430664
2010-01-20,85.21537017822266,57.130577087402344,108.94000244140625
2010-01-21,83.5767593383789,57.39212417602539,107.37000274658203
2010-01-22,81.71368408203125,57.29245376586914,107.16999816894531
2010-01-25,82.13268280029297,57.03092956542969,107.4800033569336
2010-01-26,81.78849029541016,57.04958724975586,107.55999755859375
2010-01-27,82.17758178710938,57.018455505371094,106.52999877929688
2010-01-28,81.23480224609375,56.987308502197266,106.4800033569336
2010-01-29,80.35193634033203,57.485504150390625,105.95999908447266
2010-02-01,81.60145568847656,56.96372985839844,108.3499984741211
2010-02-02,82.58909606933594,57.126190185546875,109.12999725341797
2010-02-03,82.17758178710938,56.4637336730957,108.69999694824219
2010-02-04,79.6410903930664,57.35737609863281,104.37000274658203
2010-02-05,79.80570220947266,57.482398986816406,104.68000030517578
2010-02-08,79.22957611083984,57.557369232177734,104.04000091552734
2010-02-09,80.2247543334961,56.982421875,105.41000366210938
2010-02-10,80.067626953125,56.43876647949219,105.12000274658203
2010-02-11,80.90560913085938,56.13255310058594,107.12999725341797
2010-02-12,80.83827209472656,56.363731384277344,107.04000091552734
2010-02-16,82.1102294921875,56.4699592590332,109.62000274658203
2010-02-17,82.49932098388672,55.826297760009766,109.25
2010-02-18,82.98567199707031,55.601287841796875,109.9800033569336
2010-02-19,83.15775299072266,55.90129470825195,109.47000122070312
2010-02-22,83.17272186279297,55.67005157470703,109.06999969482422
2010-02-23,82.16261291503906,56.5387077331543,107.88999938964844
2010-02-24,82.9183349609375,56.676212310791016,107.36000061035156
2010-02-25,82.80610656738281,56.99494552612305,108.30999755859375
2010-02-26,82.85847473144531,57.28868103027344,109.43000030517578
2010-03-01,83.71895599365234,57.26356887817383,109.43000030517578
2010-03-02,83.95088195800781,57.18832778930664,111.0199966430664
2010-03-03,84.02571105957031,57.04417419433594,111.62999725341797
2010-03-04,84.28010559082031,57.34505844116211,110.83000183105469
2010-03-05,85.4847412109375,56.59275436401367,110.80999755859375
2010-03-08,85.49972534179688,56.29813003540039,109.87999725341797
2010-03-09,85.64187622070312,56.310638427734375,109.72000122070312
2010-03-10,86.02349853515625,56.16646194458008,108.47000122070312
2010-03-11,86.38264465332031,56.37331008911133,108.5999984741211
2010-03-12,86.39009094238281,56.72443389892578,107.94999694824219
2010-03-15,86.41252136230469,56.64919662475586,108.36000061035156
2010-03-16,87.10088348388672,57.1005744934082,110.4000015258789
2010-03-17,87.61719512939453,57.34505844116211,109.58999633789062
2010-03-18,87.57228088378906,57.15701675415039,110.33999633789062
2010-03-19,87.12903594970703,57.213436126708984,108.27999877929688
2010-03-22,87.59481811523438,57.2761344909668,107.75
2010-03-23,88.21089172363281,57.00651168823242,108.31999969482422
2010-03-24,87.78264617919922,55.965816497802734,106.30000305175781
2010-03-25,87.63990783691406,55.60847473144531,106.77999877929688
2010-03-26,87.58731079101562,55.76520538330078,108.58999633789062
2010-03-29,88.14329528808594,55.552040100097656,108.75
2010-03-30,88.203369140625,55.72760772705078,107.97000122070312
2010-03-31,87.90287780761719,56.11002731323242,108.94999694824219
2010-04-01,88.50391387939453,55.97283935546875,110.26000213623047
2010-04-05,89.22518157958984,55.04158020019531,110.88999938964844
2010-04-06,89.4355239868164,55.129661560058594,111.02999877929688
2010-04-07,88.92465209960938,55.834407806396484,112.48999786376953
2010-04-08,89.23269653320312,55.859561920166016,112.6500015258789
2010-04-09,89.81868743896484,55.99174499511719,113.63999938964844
2010-04-12,89.96144104003906,56.28749084472656,113.01000213623047
2010-04-13,90.0290756225586,56.46998596191406,112.69000244140625
2010-04-14,91.05083465576172,56.073570251464844,113.02999877929688
2010-04-15,91.12596130371094,56.136478424072266,113.6500015258789
2010-04-16,89.67594909667969,56.545475006103516,111.23999786376953
2010-04-19,90.0140380859375,56.40705871582031,111.1500015258789
2010-04-20,90.81793975830078,56.60839080810547,111.45999908447266
2010-04-21,90.65263366699219,57.074066162109375,112.30999755859375
2010-04-22,90.923095703125,56.90418243408203,111.83999633789062
2010-04-23,91.51664733886719,56.702789306640625,113.19000244140625
2010-04-26,91.17105102539062,56.76570510864258,112.75
2010-04-27,89.01478576660156,57.56489181518555,114.62999725341797
2010-04-28,89.69097900390625,57.074066162109375,114.30999755859375
2010-04-29,90.80290985107422,57.313175201416016,114.27999877929688
2010-04-30,89.2627182006836,57.97388458251953,115.36000061035156
2010-05-03,90.41974639892578,57.8980827331543,115.7300033569336
2010-05-04,88.29351043701172,58.94002151489258,114.87000274658203
2010-05-05,87.76766204833984,59.28733444213867,115.08999633789062
2010-05-06,84.85254669189453,61.11851501464844,118.48999786376953
2010-05-07,83.59037780761719,60.354515075683594,118.2699966430664
2010-05-10,87.27176666259766,59.104251861572266,117.56999969482422
2010-05-11,87.02381896972656,58.95265197753906,120.66000366210938
2010-05-12,88.240966796875,58.50432205200195,121.4000015258789
2010-05-13,87.14405822753906,58.889488220214844,120.55999755859375
2010-05-14,85.56625366210938,59.912479400634766,120.37000274658203
2010-05-17,85.61138153076172,59.691490173339844,119.36000061035156
2010-05-18,84.4468765258789,60.60707473754883,119.48999786376953
2010-05-19,83.96602630615234,60.809165954589844,116.62999725341797
2010-05-20,80.79551696777344,62.09101867675781,115.83999633789062
2010-05-21,81.9750747680664,62.15413284301758,115.22000122070312
2010-05-24,80.92325592041016,61.9394416809082,116.83999633789062
2010-05-25,81.00587463378906,62.242557525634766,117.36000061035156
2010-05-26,80.51751708984375,62.06574249267578,118.47000122070312
2010-05-27,83.2147216796875,60.65757751464844,118.69000244140625
2010-05-28,82.17039489746094,60.9354248046875,118.87999725341797
2010-06-01,80.7879867553711,61.363746643066406,119.91000366210938
2010-06-02,82.89167785644531,60.78082275390625,119.77999877929688
2010-06-03,83.17715454101562,60.33729934692383,117.95999908447266
2010-06-04,80.2545394897461,61.95931625366211,119.19000244140625
2010-06-07,79.25532531738281,62.43449783325195,121.48999786376953
2010-06-08,80.10433197021484,62.12403106689453,121.0
2010-06-09,79.67606353759766,62.0543212890625,120.55999755859375
2010-06-10,82.005126953125,60.94559860229492,118.97000122070312
2010-06-11,82.40330505371094,61.71858215332031,120.01000213623047
2010-06-14,82.27556610107422,61.4017333984375,119.5999984741211
2010-06-15,84.1463394165039,61.14833068847656,120.98999786376953
2010-06-16,84.11629486083984,61.49679183959961,120.33000183105469
2010-06-17,84.25151824951172,61.997337341308594,121.9000015258789
2010-06-18,84.34284973144531,61.89595031738281,122.83000183105469
2010-06-21,84.1012954711914,61.71858215332031,120.38999938964844
2010-06-22,82.71231842041016,62.45352554321289,121.44999694824219
2010-06-23,82.4556655883789,62.8780517578125,120.94999694824219
2010-06-24,81.08931732177734,62.50419616699219,121.30000305175781
2010-06-25,81.42901611328125,62.75769805908203,122.76000213623047
2010-06-28,81.17237091064453,63.34687042236328,121.08999633789062
2010-06-29,78.66614532470703,64.03754425048828,121.2699966430664
2010-06-30,77.9188232421875,64.4683609008789,121.68000030517578
2010-07-01,77.57157135009766,64.57006072998047,117.04000091552734
2010-07-02,77.14884948730469,64.0552978515625,118.48999786376953
2010-07-06,77.65459442138672,64.58279418945312,116.51000213623047
2010-07-07,80.10043334960938,63.82648849487305,117.7300033569336
2010-07-08,80.89305877685547,63.419715881347656,117.20999908447266
2010-07-09,81.49696350097656,63.057472229003906,118.36000061035156
2010-07-12,81.54979705810547,63.03208923339844,117.33999633789062
2010-07-13,82.78026580810547,62.491817474365234,118.36000061035156
2010-07-14,82.77272033691406,63.12105178833008,118.30000305175781
2010-07-15,82.79537963867188,63.750213623046875,118.2300033569336
2010-07-16,80.51560974121094,64.06163024902344,116.66999816894531
2010-07-19,80.99119567871094,63.667564392089844,115.7300033569336
2010-07-20,81.88949584960938,63.76291275024414,116.6500015258789
2010-07-21,80.82511138916016,64.84332275390625,115.8499984741211
2010-07-22,82.6292724609375,64.0933837890625,116.86000061035156
2010-07-23,83.34640502929688,63.413394927978516,116.08999633789062
2010-07-26,84.21453094482422,63.30534744262695,115.5199966430664
2010-07-27,84.2070083618164,62.695220947265625,113.51000213623047
2010-07-28,83.66349029541016,62.89859390258789,113.77999877929688
2010-07-29,83.25582122802734,62.879573822021484,114.29000091552734
2010-07-30,83.24071502685547,63.85825729370117,115.48999786376953
2010-08-02,85.1203842163086,62.96181106567383,115.54000091552734
2010-08-03,84.71273803710938,63.32525634765625,115.98999786376953
2010-08-04,85.27888488769531,62.84069061279297,116.72000122070312
2010-08-05,85.18832397460938,63.13398361206055,116.9800033569336
2010-08-06,84.8410873413086,63.822509765625,117.83999633789062
2010-08-09,85.29399871826172,63.586612701416016,117.4000015258789
2010-08-10,84.83353424072266,63.720550537109375,117.7300033569336
2010-08-11,82.50847625732422,64.57489776611328,117.33999633789062
2010-08-12,82.0027084350586,64.4155044555664,118.7699966430664
2010-08-13,81.76115417480469,65.21883392333984,118.73999786376953
2010-08-16,81.72344970703125,66.85110473632812,119.7300033569336
2010-08-17,82.72740173339844,66.4685287475586,119.75
2010-08-18,82.8783950805664,66.64706420898438,120.22000122070312
2010-08-19,81.4365463256836,67.6863021850586,120.38999938964844
2010-08-20,81.17237091064453,67.60986328125,119.97000122070312
2010-08-23,80.86286163330078,67.6225357055664,119.77999877929688
2010-08-24,79.66259765625,68.70648193359375,120.36000061035156
2010-08-25,79.97211456298828,68.48334503173828,121.36000061035156
2010-08-26,79.43614959716797,69.12731170654297,120.95999908447266
2010-08-27,80.66657257080078,67.16987609863281,121.01000213623047
2010-08-30,79.49653625488281,68.45782470703125,120.91000366210938
2010-08-31,79.49653625488281,69.21656036376953,122.08000183105469
2010-09-01,81.87442016601562,67.78538513183594,121.69000244140625
2010-09-02,82.63684844970703,67.06909942626953,122.29000091552734
2010-09-03,83.70873260498047,66.2378158569336,121.86000061035156
2010-09-07,82.76516723632812,67.59352111816406,122.69999694824219
2010-09-08,83.34640502929688,67.05633544921875,122.70999908447266
2010-09-09,83.73139953613281,65.73263549804688,121.55999755859375
2010-09-10,84.15411376953125,65.43205261230469,121.7300033569336
2010-09-13,85.09017944335938,65.7518081665039,121.62000274658203
2010-09-14,85.03734588623047,66.38487243652344,124.0199966430664
2010-09-15,85.36196899414062,65.40007019042969,123.94000244140625
2010-09-16,85.33930206298828,64.75422668457031,124.62999725341797
2010-09-17,85.37117004394531,65.01640319824219,124.54000091552734
2010-09-20,86.67655181884766,65.39370727539062,124.87000274658203
2010-09-21,86.50198364257812,66.30178833007812,126.01000213623047
2010-09-22,86.07698822021484,66.89649200439453,126.19999694824219
2010-09-23,85.3787841796875,67.0883560180664,126.30000305175781
2010-09-24,87.13945770263672,66.18666076660156,126.69000244140625
2010-09-27,86.72205352783203,67.33771514892578,126.72000122070312
2010-09-28,87.0256118774414,67.79816436767578,127.8499984741211
2010-09-29,86.87383270263672,67.51679992675781,127.94999694824219
2010-09-30,86.61581420898438,67.47200012207031,127.91000366210938
2010-10-01,86.9801025390625,67.1459732055664,128.91000366210938
2010-10-04,86.3274154663086,67.3192138671875,128.4600067138672
2010-10-05,88.06534576416016,66.91486358642578,130.99000549316406
2010-10-06,88.05777740478516,67.75566864013672,131.80999755859375
2010-10-07,87.95149993896484,67.19088745117188,130.3699951171875
2010-10-08,88.4448013305664,66.8956069946289,131.66000366210938
2010-10-11,88.52830505371094,66.90846252441406,132.2899932861328
2010-10-12,88.801513671875,66.2472915649414,131.9600067138672
2010-10-13,89.49213409423828,66.14463806152344,134.07000732421875
2010-10-14,89.14302062988281,65.15619659423828,134.75
2010-10-15,89.32515716552734,64.36021423339844,133.67999267578125
2010-10-18,89.76533508300781,64.8801498413086,134.27999877929688
2010-10-19,88.58899688720703,65.27167510986328,130.11000061035156
2010-10-20,89.45418548583984,65.41290283203125,131.32000732421875
2010-10-21,89.65148162841797,64.63623809814453,129.47000122070312
2010-10-22,89.81845092773438,65.07273864746094,129.72999572753906
2010-10-25,90.08406829833984,65.25884246826172,130.85000610351562
2010-10-26,90.0992660522461,64.2511215209961,130.8800048828125
2010-10-27,89.84123229980469,63.686248779296875,129.52000427246094
2010-10-28,89.85643005371094,63.859535217285156,131.24000549316406
2010-10-29,89.92472839355469,64.45651245117188,132.6199951171875
2010-11-01,89.955078125,64.17898559570312,131.9199981689453
2010-11-02,90.66847229003906,65.02252960205078,132.49000549316406
2010-11-03,91.03272247314453,63.69607162475586,131.57000732421875
2010-11-04,92.78587341308594,64.19190979003906,136.02999877929688
2010-11-05,93.13494110107422,63.09075164794922,136.3800048828125
2010-11-08,92.96040344238281,63.374107360839844,137.77999877929688
2010-11-09,92.29254150390625,61.976802825927734,135.58999633789062
2010-11-10,92.66442108154297,62.06051254272461,137.24000549316406
2010-11-11,92.3153076171875,62.0283317565918,137.66000366210938
2010-11-12,91.22248077392578,61.69349670410156,133.69000244140625
2010-11-15,91.09344482421875,60.4056396484375,132.4199981689453
2010-11-16,89.67424774169922,61.905982971191406,130.97000122070312
2010-11-17,89.71979522705078,61.564697265625,130.3800048828125
2010-11-18,91.04032135009766,61.815773010253906,132.08999633789062
2010-11-19,91.29078674316406,62.19572448730469,132.1999969482422
2010-11-22,91.21485137939453,62.4597282409668,133.47999572753906
2010-11-23,89.89436340332031,62.768821716308594,134.41000366210938
2010-11-24,91.22248077392578,61.64841842651367,134.17999267578125
2010-11-26,90.1600112915039,62.50484085083008,133.11000061035156
2010-11-29,90.43318176269531,63.03929138183594,133.50999450683594
2010-11-30,89.92472839355469,63.36771011352539,135.4199981689453
2010-12-01,91.8371810913086,61.95905685424805,135.3800048828125
2010-12-02,93.01351928710938,61.79755401611328,135.1999969482422
2010-12-03,93.26397705078125,61.312904357910156,138.07000732421875
2010-12-06,93.16529846191406,62.1787223815918,139.11000061035156
2010-12-07,93.21841430664062,60.84770202636719,136.5
2010-12-08,93.55998229980469,60.25966262817383,134.7899932861328
2010-12-09,93.92423248291016,60.55690383911133,135.3699951171875
2010-12-10,94.47063446044922,60.18862533569336,135.41000366210938
2010-12-13,94.5313720703125,60.414737701416016,136.0500030517578
2010-12-14,94.61483764648438,59.53602600097656,136.17999267578125
2010-12-15,94.1822509765625,58.76060104370117,134.6999969482422
2010-12-16,94.72869110107422,59.167747497558594,133.80999755859375
2010-12-17,94.83016967773438,60.24678421020508,134.1999969482422
2010-12-20,95.05903625488281,60.182193756103516,135.11000061035156
2010-12-21,95.66173553466797,60.60216522216797,135.32000732421875
2010-12-22,95.95929718017578,60.169219970703125,135.0500030517578
2010-12-23,95.82196807861328,60.04648971557617,134.66000366210938
2010-12-27,95.86009216308594,60.58277893066406,135.02000427246094
2010-12-28,95.99740600585938,59.396240234375,137.22000122070312
2010-12-29,96.06605529785156,60.401248931884766,137.7100067138672
2010-12-30,95.91351318359375,60.355831146240234,137.02999877929688
2010-12-31,95.9363784790039,61.02363967895508,138.72000122070312
2011-01-03,96.92811584472656,60.563316345214844,138.0
2011-01-04,96.8747787475586,60.6346321105957,134.75
2011-01-05,97.37828063964844,59.29896926879883,134.3699951171875
2011-01-06,97.18755340576172,59.558387756347656,133.8300018310547
2011-01-07,96.9968490600586,59.8760871887207,133.5800018310547
2011-01-10,96.8747787475586,60.20022964477539,134.1199951171875
2011-01-11,97.21807861328125,59.86305236816406,134.91000366210938
2011-01-12,98.09542846679688,59.396240234375,135.4600067138672
2011-01-13,97.93517303466797,59.92791748046875,134.0500030517578
2011-01-14,98.64471435546875,59.54536437988281,132.69000244140625
2011-01-18,98.81257629394531,59.26655960083008,133.42999267578125
2011-01-19,97.84365844726562,59.694522857666016,133.72000122070312
2011-01-20,97.7139663696289,58.871097564697266,131.1999969482422
2011-01-21,97.93517303466797,59.33787536621094,131.02999877929688
2011-01-24,98.49214172363281,59.36384582519531,130.36000061035156
2011-01-25,98.54557037353516,59.92791748046875,130.10000610351562
2011-01-26,98.92700958251953,59.02017593383789,131.16000366210938
2011-01-27,99.171142578125,59.28605651855469,127.93000030517578
2011-01-28,97.43932342529297,59.59724807739258,130.27999877929688
2011-01-31,98.17174530029297,59.143436431884766,129.8699951171875
2011-02-01,99.7432861328125,58.850650787353516,130.8000030517578
2011-02-02,99.55260467529297,58.86366653442383,130.4499969482422
2011-02-03,99.77381896972656,58.375667572021484,132.1999969482422
2011-02-04,100.05610656738281,57.78357696533203,131.66000366210938
2011-02-07,100.68167114257812,58.08284378051758,131.67999267578125
2011-02-08,101.13945770263672,57.549339294433594,133.13999938964844
2011-02-09,100.91056060791016,58.050357818603516,133.07000732421875
2011-02-10,100.9487075805664,57.38016128540039,132.85000610351562
2011-02-11,101.55142211914062,58.20649719238281,132.32000732421875
2011-02-14,101.79553985595703,58.245513916015625,132.9499969482422
2011-02-15,101.47513580322266,58.50575256347656,133.97000122070312
2011-02-16,102.11599731445312,58.31709671020508,134.10000610351562
2011-02-17,102.42115020751953,58.40818405151367,135.0399932861328
2011-02-18,102.63478088378906,58.22600555419922,135.41000366210938
2011-02-22,100.57489776611328,59.09786605834961,136.2899932861328
2011-02-23,99.95695495605469,59.31256103515625,137.50999450683594
2011-02-24,99.88825988769531,59.68996810913086,136.47999572753906
2011-02-25,100.95637512207031,60.041282653808594,137.3800048828125
2011-02-28,101.5819320678711,60.11936950683594,137.66000366210938
2011-03-01,99.88825988769531,60.293678283691406,140.02999877929688
2011-03-02,100.10189819335938,59.36674880981445,139.9199981689453
2011-03-03,101.82609558105469,58.78583908081055,138.08999633789062
2011-03-04,101.06314849853516,59.275390625,139.35000610351562
2011-03-07,100.26976776123047,58.89680480957031,139.72000122070312
2011-03-08,101.14708709716797,58.53779602050781,139.36000061035156
2011-03-09,101.00211334228516,59.10565948486328,139.41000366210938
2011-03-10,99.13301849365234,60.09785461425781,137.77000427246094
2011-03-11,99.8196029663086,59.758445739746094,138.22000122070312
2011-03-14,99.21692657470703,59.73228073120117,138.86000061035156
2011-03-15,98.08016967773438,60.626495361328125,136.27000427246094
2011-03-16,96.26441192626953,61.31193923950195,136.24000549316406
2011-03-17,97.53848266601562,60.841983795166016,136.97000122070312
2011-03-18,97.89326477050781,61.00514221191406,138.3699951171875
2011-03-21,99.41043090820312,60.64613723754883,139.13999938964844
2011-03-22,99.06560516357422,60.8485107421875,139.0500030517578
2011-03-23,99.34912872314453,60.77015686035156,140.33999633789062
2011-03-24,100.29922485351562,60.31322479248047,139.22000122070312
2011-03-25,100.60570526123047,60.16312789916992,139.25999450683594
2011-03-28,100.36052703857422,60.24795913696289,138.5399932861328
2011-03-29,101.0348129272461,59.78449630737305,138.2100067138672
2011-03-30,101.7320556640625,60.261051177978516,138.6699981689453
2011-03-31,101.59416198730469,60.137020111083984,139.86000061035156
2011-04-01,102.02323913574219,60.429351806640625,139.1999969482422
2011-04-04,102.10750579833984,60.494873046875,139.83999633789062
2011-04-05,102.0921859741211,60.252349853515625,142.0500030517578
2011-04-06,102.41400909423828,59.34774398803711,142.3800048828125
2011-04-07,102.15348815917969,59.229827880859375,142.50999450683594
2011-04-08,101.80101776123047,58.9151496887207,143.66000366210938
2011-04-11,101.49456024169922,58.967594146728516,142.63999938964844
2011-04-12,100.7359848022461,59.6034049987793,141.61000061035156
2011-04-13,100.72831726074219,59.97705841064453,141.89999389648438
2011-04-14,100.80494689941406,59.93122100830078,143.80999755859375
2011-04-15,101.17268371582031,60.74396896362305,145.0500030517578
2011-04-18,100.03870391845703,60.881622314453125,145.92999267578125
2011-04-19,100.61334991455078,61.14385223388672,145.92999267578125
2011-04-20,101.98493194580078,60.75054168701172,146.5
2011-04-21,102.50594329833984,60.69806671142578,146.74000549316406
2011-04-25,102.39869689941406,60.9275016784668,146.8699951171875
2011-04-26,103.27983856201172,61.5174674987793,146.3800048828125
2011-04-27,103.9541244506836,60.888187408447266,149.1999969482422
2011-04-28,104.29126739501953,61.35361099243164,149.82000732421875
2011-04-29,104.53646087646484,61.5437126159668,152.3699951171875
2011-05-02,104.37552642822266,61.64237976074219,150.41000366210938
2011-05-03,104.0001220703125,61.99132537841797,149.8800048828125
2011-05-04,103.31048583984375,62.26779556274414,147.72999572753906
2011-05-05,102.37569427490234,62.8602409362793,143.47000122070312
2011-05-06,102.82775115966797,62.58380126953125,145.3000030517578
2011-05-09,103.2262191772461,62.5179443359375,147.3800048828125
2011-05-10,104.10736846923828,62.07033157348633,147.89999389648438
2011-05-11,103.01167297363281,62.42581558227539,146.5399932861328
2011-05-12,103.50205993652344,62.030826568603516,146.58999633789062
2011-05-13,102.70516967773438,62.590370178222656,145.6300048828125
2011-05-16,102.05386352539062,62.93925857543945,145.3699951171875
2011-05-17,102.03855895996094,63.584354400634766,144.74000549316406
2011-05-18,102.95037078857422,62.74171447753906,145.60000610351562
2011-05-19,103.19557189941406,62.715431213378906,145.64999389648438
2011-05-20,102.37569427490234,62.74834442138672,147.49000549316406
2011-05-23,101.18802642822266,63.05116653442383,147.8300018310547
2011-05-24,101.10376739501953,63.288108825683594,148.58999633789062
2011-05-25,101.44088745117188,62.991912841796875,148.5800018310547
2011-05-26,101.9083023071289,63.53172302246094,148.22000122070312
2011-05-27,102.29907989501953,63.50536346435547,149.6999969482422
2011-05-31,103.36414337158203,63.65022659301758,149.63999938964844
2011-06-01,101.04243469238281,64.5103988647461,149.91000366210938
2011-06-02,100.9351806640625,63.28153610229492,149.5
2011-06-03,99.9314193725586,63.64495086669922,150.22000122070312
2011-06-06,98.8740463256836,63.16259002685547,150.47999572753906
2011-06-07,98.81275177001953,63.453338623046875,150.4199981689453
2011-06-08,98.39899444580078,63.94878005981445,149.80999755859375
2011-06-09,99.1498794555664,63.69112014770508,150.55999755859375
2011-06-10,97.77067565917969,64.18006134033203,149.24000549316406
2011-06-13,97.84727478027344,63.856353759765625,147.77000427246094
2011-06-14,99.08856201171875,62.8917236328125,148.6699981689453
2011-06-15,97.32623291015625,64.03469848632812,149.1199951171875
2011-06-16,97.54080200195312,64.32540130615234,148.97000122070312
2011-06-17,97.83190155029297,64.02151489257812,149.94000244140625
2011-06-20,98.33238220214844,64.10077667236328,150.02999877929688
2011-06-21,99.67992401123047,63.816680908203125,150.75999450683594
2011-06-22,99.07931518554688,63.856353759765625,150.99000549316406
2011-06-23,98.79442596435547,64.34525299072266,148.33999633789062
2011-06-24,97.64705657958984,64.07437896728516,146.25999450683594
2011-06-27,98.51719665527344,63.19563674926758,145.72999572753906
2011-06-28,99.80315399169922,62.68693161010742,146.24000549316406
2011-06-29,100.65789794921875,62.27068328857422,147.17999267578125
2011-06-30,101.6203842163086,62.17156982421875,146.0
2011-07-01,103.12195587158203,62.07210922241211,144.92999267578125
2011-07-05,103.0372543334961,62.211368560791016,147.6300048828125
2011-07-06,103.16046142578125,62.52956771850586,148.91000366210938
2011-07-07,104.23078155517578,62.34394073486328,149.14999389648438
2011-07-08,103.49154663085938,63.22566604614258,150.25
2011-07-11,101.6203842163086,64.17369079589844,151.58999633789062
2011-07-12,101.18148803710938,64.3924560546875,152.77000427246094
2011-07-13,101.52030944824219,64.57141876220703,154.13999938964844
2011-07-14,100.8196029663086,63.64995193481445,154.5399932861328
2011-07-15,101.40476989746094,63.7559928894043,155.1999969482422
2011-07-18,100.57317352294922,63.139495849609375,156.57000732421875
2011-07-19,102.20561981201172,64.4521255493164,154.66000366210938
2011-07-20,102.14401245117188,63.68975830078125,156.02000427246094
2011-07-21,103.56086730957031,63.19916534423828,154.8300018310547
2011-07-22,103.63018798828125,63.67647171020508,156.1199951171875
2011-07-25,103.0526351928711,62.98035430908203,157.33999633789062
2011-07-26,102.66763305664062,63.41123962402344,157.77000427246094
2011-07-27,100.56546783447266,63.41791534423828,157.19000244140625
2011-07-28,100.27286529541016,63.65652084350586,157.32000732421875
2011-07-29,99.5875473022461,64.91616821289062,158.2899932861328
2011-08-01,99.16400146484375,65.57136535644531,157.72000122070312
2011-08-02,96.63064575195312,67.5402603149414,161.52000427246094
2011-08-03,97.15425109863281,67.67326354980469,161.49000549316406
2011-08-04,92.6033935546875,70.08114624023438,160.63999938964844
2011-08-05,92.46479797363281,68.0590591430664,161.75
2011-08-08,86.4432144165039,70.20752716064453,167.1199951171875
2011-08-09,90.46272277832031,70.42035675048828,168.61000061035156
2011-08-10,86.4662857055664,72.515625,174.5800018310547
2011-08-11,90.3471908569336,68.85725402832031,170.75
2011-08-12,90.95552825927734,70.22084045410156,169.97000122070312
2011-08-15,92.88059997558594,69.50907135009766,171.8000030517578
2011-08-16,92.08746337890625,70.65982818603516,173.9199981689453
2011-08-17,92.1490707397461,71.89702606201172,174.4199981689453
2011-08-18,88.17574310302734,73.37362670898438,177.72000122070312
2011-08-19,86.73578643798828,73.96568298339844,179.9499969482422
2011-08-22,86.80511474609375,73.77943420410156,184.58999633789062
2011-08-23,89.66190338134766,72.76176452636719,177.6699981689453
2011-08-24,90.92473602294922,70.69303131103516,171.64999389648438
2011-08-25,89.5386734008789,71.45803833007812,172.36000061035156
2011-08-26,90.84002685546875,72.16305541992188,177.47000122070312
2011-08-29,93.45040893554688,71.16537475585938,173.88999938964844
2011-08-30,93.69683074951172,72.30940246582031,179.10000610351562
2011-08-31,94.1126480102539,71.19194030761719,177.72000122070312
2011-09-01,93.12699890136719,72.70110321044922,177.8699951171875
2011-09-02,90.74761962890625,75.06283569335938,183.24000549316406
2011-09-06,90.0854263305664,75.84342193603516,182.89999389648438
2011-09-07,92.62651824951172,74.39563751220703,177.0800018310547
2011-09-08,91.6639633178711,75.06283569335938,181.80999755859375
2011-09-09,89.2614517211914,75.86343383789062,180.6999969482422
2011-09-12,89.8390121459961,75.9435043334961,176.6699981689453
2011-09-13,90.66289520263672,74.86270141601562,178.5399932861328
2011-09-14,91.91807556152344,75.49652099609375,177.2100067138672
2011-09-15,93.50431060791016,74.34232330322266,174.39999389648438
2011-09-16,94.0577163696289,74.88267517089844,176.02999877929688
2011-09-19,93.12120056152344,76.31049346923828,173.30999755859375
2011-09-20,93.01282501220703,76.6307144165039,175.77999877929688
2011-09-21,90.27281951904297,79.16590881347656,173.58999633789062
2011-09-22,87.35478973388672,82.14148712158203,169.0500030517578
2011-09-23,87.88114929199219,80.61361694335938,159.8000030517578
2011-09-26,89.97100067138672,79.31932830810547,157.5800018310547
2011-09-27,90.97718811035156,78.10513305664062,160.6300048828125
2011-09-28,89.11956787109375,78.07843017578125,156.22000122070312
2011-09-29,89.82390594482422,78.61882019042969,157.6999969482422
2011-09-30,87.57927703857422,80.59364318847656,158.05999755859375
2011-10-03,85.08694458007812,82.81159973144531,160.9600067138672
2011-10-04,86.95230865478516,81.76144409179688,157.63999938964844
2011-10-05,88.562255859375,81.1728744506836,159.4600067138672
2011-10-06,90.16445922851562,79.67462158203125,160.49000549316406
2011-10-07,89.56072998046875,79.0860595703125,159.17999267578125
2011-10-10,92.55615234375,77.96903991699219,163.27000427246094
2011-10-11,92.64904022216797,77.70818328857422,162.10000610351562
2011-10-12,93.4617691040039,76.57780456542969,163.25999450683594
2011-10-13,93.27594757080078,77.34028625488281,162.3000030517578
2011-10-14,94.87043762207031,76.21662902832031,163.39999389648438
2011-10-17,93.05925750732422,77.53430938720703,162.6199951171875
2011-10-18,94.87818145751953,77.05272674560547,161.83999633789062
2011-10-19,93.75586700439453,77.02593994140625,159.8699951171875
2011-10-20,94.1661148071289,76.47748565673828,157.77000427246094
2011-10-21,95.95406341552734,75.668212890625,159.52000427246094
2011-10-24,97.13055419921875,75.7952651977539,161.02000427246094
2011-10-25,95.24200439453125,77.72156524658203,165.58999633789062
2011-10-26,96.20951843261719,76.36381530761719,167.39999389648438
2011-10-27,99.56098175048828,73.77528381347656,169.5500030517578
2011-10-28,99.53775787353516,74.55116271972656,169.6199951171875
2011-10-31,97.1383056640625,77.50753784179688,167.33999633789062
2011-11-01,94.42926788330078,80.10206604003906,167.3800048828125
2011-11-02,95.96955871582031,79.10283660888672,169.05999755859375
2011-11-03,97.71881866455078,78.01651763916016,171.72000122070312
2011-11-04,97.12284088134766,78.11038970947266,170.85000610351562
2011-11-07,97.72653198242188,78.60668182373047,174.97999572753906
2011-11-08,98.98045349121094,77.60074615478516,173.52999877929688
2011-11-09,95.32711791992188,79.21016693115234,172.07000732421875
2011-11-10,96.2249755859375,78.02985382080078,171.13999938964844
2011-11-11,98.03614044189453,77.5538101196289,173.9600067138672
2011-11-14,97.10733795166016,78.8011245727539,173.1999969482422
2011-11-15,97.58722686767578,78.69377136230469,173.36000061035156
2011-11-16,96.0392074584961,79.41134643554688,171.50999450683594
2011-11-17,94.51441192626953,80.04839324951172,167.10000610351562
2011-11-18,94.41377258300781,80.02827453613281,167.6199951171875
2011-11-21,92.61807250976562,80.50440979003906,163.5
2011-11-22,92.25430297851562,81.40299987792969,165.30999755859375
2011-11-23,90.2186279296875,82.20099639892578,164.8300018310547
2011-11-25,90.04834747314453,81.00733184814453,163.39999389648438
2011-11-28,92.65679168701172,80.96713256835938,166.6300048828125
2011-11-29,92.9199447631836,80.30323791503906,166.8800048828125
2011-11-30,96.74354553222656,79.04922485351562,170.1300048828125
2011-12-01,96.72806549072266,78.65259552001953,169.6300048828125
2011-12-02,96.64295196533203,79.75505828857422,169.82000732421875
2011-12-05,97.6955795288086,79.59375762939453,167.32000732421875
2011-12-06,97.72653198242188,78.83409118652344,168.17999267578125
2011-12-07,98.09032440185547,79.1164779663086,169.39999389648438
2011-12-08,95.93856811523438,80.10462188720703,165.97999572753906
2011-12-09,97.56398010253906,78.45761108398438,166.39999389648438
2011-12-12,96.13982391357422,79.33161163330078,161.99000549316406
2011-12-13,95.24200439453125,80.07101440429688,158.4499969482422
2011-12-14,94.22802734375,81.58361053466797,152.88999938964844
2011-12-15,94.5685806274414,81.28108978271484,152.3300018310547
2011-12-16,94.70881652832031,82.22893524169922,155.22999572753906
2011-12-19,93.6961898803711,83.27092742919922,154.8699951171875
2011-12-20,96.53144073486328,81.19364929199219,156.97999572753906
2011-12-21,96.71839904785156,80.06428527832031,157.16000366210938
2011-12-22,97.57520294189453,80.40047454833984,156.0399932861328
2011-12-23,98.4476318359375,79.50633239746094,156.30999755859375
2011-12-27,98.5254898071289,79.884033203125,154.91000366210938
2011-12-28,97.23249053955078,81.36099243164062,151.02999877929688
2011-12-29,98.23728942871094,81.5093994140625,150.33999633789062
2011-12-30,97.75434875488281,81.77238464355469,151.99000549316406
2012-01-03,99.31221008300781,80.54495239257812,155.9199981689453
2012-01-04,99.46795654296875,79.58733367919922,156.7100067138672
2012-01-05,99.7328109741211,79.4456787109375,157.77999877929688
2012-01-06,99.47577667236328,80.0728530883789,157.1999969482422
2012-01-09,99.71722412109375,79.93122100830078,156.5
2012-01-10,100.58181762695312,79.79633331298828,158.63999938964844
2012-01-11,100.63636779785156,80.83493041992188,159.6699981689453
2012-01-12,100.8778305053711,80.72029113769531,160.3800048828125
2012-01-13,100.35596466064453,81.52288055419922,159.25999450683594
2012-01-17,100.74541473388672,81.9004898071289,160.5
2012-01-18,101.85929870605469,80.90914154052734,161.60000610351562
2012-01-19,102.39673614501953,79.79633331298828,161.22000122070312
2012-01-20,102.77838897705078,78.89266967773438,162.07000732421875
2012-01-23,102.51358032226562,78.39356231689453,163.16000366210938
2012-01-24,102.39673614501953,78.53519439697266,162.00999450683594
2012-01-25,103.25354766845703,78.34638214111328,166.4199981689453
2012-01-26,102.72388458251953,79.38496398925781,167.27000427246094
2012-01-27,102.67713928222656,79.63450622558594,168.97000122070312
2012-01-30,102.3266372680664,80.57190704345703,168.02999877929688
2012-01-31,102.28765106201172,81.5025863647461,169.30999755859375
2012-02-01,103.18341827392578,80.56900787353516,169.55999755859375
2012-02-02,103.34700012207031,80.53520965576172,171.0500030517578
2012-02-03,104.7957763671875,78.80461883544922,167.63999938964844
2012-02-06,104.7256851196289,79.58876037597656,167.17999267578125
2012-02-07,104.99055480957031,78.6017837524414,169.6999969482422
2012-02-08,105.30209350585938,78.66259765625,168.5
2012-02-09,105.43453979492188,78.0744400024414,168.02000427246094
2012-02-10,104.65556335449219,79.08849334716797,167.13999938964844
2012-02-13,105.43453979492188,79.18992614746094,167.50999450683594
2012-02-14,105.30209350585938,79.60906982421875,167.1199951171875
2012-02-15,104.81134033203125,79.46712493896484,168.11000061035156
2012-02-16,105.97195434570312,78.8316421508789,168.0
2012-02-17,106.25237274169922,78.81130981445312,167.35000610351562
2012-02-21,106.299072265625,77.93928527832031,171.02000427246094
2012-02-22,105.95640563964844,78.91950225830078,172.94000244140625
2012-02-23,106.42375183105469,78.91950225830078,173.02000427246094
2012-02-24,106.65740203857422,79.43331909179688,172.22999572753906
2012-02-27,106.83657836914062,80.13636016845703,171.6999969482422
2012-02-28,107.14813232421875,79.87271118164062,173.49000549316406
2012-02-29,106.72750854492188,79.38594055175781,164.2899932861328
2012-03-01,107.28056335449219,78.6386489868164,166.61000061035156
2012-03-02,106.95335388183594,79.37714385986328,166.33999633789062
2012-03-05,106.5172119140625,78.74700164794922,165.64999389648438
2012-03-06,104.95938110351562,79.70238494873047,162.6999969482422
2012-03-07,105.69157409667969,79.21453857421875,163.6300048828125
2012-03-08,106.7430648803711,78.4217300415039,165.27999877929688
2012-03-09,107.15591430664062,78.57759094238281,166.3800048828125
2012-03-12,107.16371154785156,78.56409454345703,165.07000732421875
2012-03-13,109.09542083740234,77.18183135986328,162.3000030517578
2012-03-14,108.97855377197266,75.2372055053711,159.57000732421875
2012-03-15,109.6095199584961,75.35240936279297,161.0800018310547
2012-03-16,109.76126861572266,75.50148010253906,161.3000030517578
2012-03-19,110.19155883789062,74.60028076171875,161.58999633789062
2012-03-20,109.87079620361328,74.89842224121094,160.1300048828125
2012-03-21,109.69086456298828,75.7453842163086,160.2100067138672
2012-03-22,108.90072631835938,75.98936462402344,159.57000732421875
2012-03-23,109.25276184082031,76.70753479003906,161.52999877929688
2012-03-26,110.78614044189453,76.31455993652344,164.39999389648438
2012-03-27,110.44193267822266,76.86336517333984,163.24000549316406
2012-03-28,109.894287109375,76.75496673583984,161.50999450683594
2012-03-29,109.70652770996094,77.33092498779297,161.27999877929688
2012-03-30,110.1603012084961,76.02318572998047,162.1199951171875
2012-04-02,110.96605682373047,76.44438934326172,162.94000244140625
2012-04-03,110.51232147216797,75.11971282958984,159.88999938964844
2012-04-04,109.41703033447266,76.15225982666016,157.2100067138672
2012-04-05,109.36231231689453,76.70254516601562,158.30999755859375
2012-04-09,108.13404846191406,78.4959716796875,159.3699951171875
2012-04-10,106.31902313232422,79.38583374023438,161.10000610351562
2012-04-11,107.17960357666016,78.43477630615234,161.07000732421875
2012-04-12,108.57997131347656,78.10873413085938,162.6999969482422
2012-04-13,107.28907775878906,79.37228393554688,160.85000610351562
2012-04-16,107.21871185302734,79.25678253173828,160.4600067138672
2012-04-17,108.80685424804688,79.20924377441406,160.25
2012-04-18,108.43915557861328,79.4402084350586,159.30999755859375
2012-04-19,107.74287414550781,79.51488494873047,159.42999267578125
2012-04-20,107.92277526855469,79.52848052978516,159.5399932861328
2012-04-23,107.01528930664062,80.10592651367188,159.07000732421875
2012-04-24,107.42207336425781,79.54206085205078,159.3000030517578
2012-04-25,108.89286041259766,79.13446044921875,159.6199951171875
2012-04-26,109.65177917480469,79.60997772216797,161.02999877929688
2012-04-27,109.83172607421875,79.67794036865234,161.3800048828125
2012-04-30,109.42488861083984,79.69829559326172,161.8800048828125
2012-05-01,110.10550689697266,79.28501892089844,161.32000732421875
2012-05-02,109.77694702148438,79.84339141845703,160.58999633789062
2012-05-03,108.93978118896484,79.82298278808594,158.97000122070312
2012-05-04,107.17960357666016,80.44940948486328,159.47000122070312
2012-05-07,107.25780487060547,80.46308898925781,159.0800018310547
2012-05-08,106.82752990722656,80.89207458496094,156.0
2012-05-09,106.19389343261719,80.94654846191406,154.47000122070312
2012-05-10,106.41292572021484,80.70818328857422,154.77000427246094
2012-05-11,106.09213256835938,81.3755874633789,153.55999755859375
2012-05-14,104.91866302490234,82.51275634765625,151.3300018310547
2012-05-15,104.31625366210938,82.84645080566406,149.74000549316406
2012-05-16,103.91725158691406,83.08476257324219,149.4600067138672
2012-05-17,102.37606811523438,84.55567169189453,152.8000030517578
2012-05-18,101.49983215332031,84.57609558105469,154.5500030517578
2012-05-21,103.24443817138672,84.3990478515625,154.64999389648438
2012-05-22,103.42436981201172,83.4593276977539,152.0800018310547
2012-05-23,103.47915649414062,84.03815460205078,151.6199951171875
2012-05-24,103.68253326416016,83.71809387207031,151.41000366210938
2012-05-25,103.34616088867188,84.03132629394531,152.67999267578125
2012-05-29,104.59786224365234,83.77255249023438,151.02000427246094
2012-05-30,103.0801773071289,85.89718627929688,151.91000366210938
2012-05-31,102.85327911376953,86.89141845703125,151.6199951171875
2012-06-01,100.26378631591797,88.95423889160156,157.5
2012-06-04,100.21681213378906,88.2513656616211,157.32000732421875
2012-06-05,100.97572326660156,87.07088470458984,157.13999938964844
2012-06-06,103.24443817138672,85.3307876586914,157.2100067138672
2012-06-07,103.3070297241211,85.4604721069336,154.5
2012-06-08,104.12849426269531,85.43999481201172,154.72999572753906
2012-06-11,102.80635070800781,85.82889556884766,155.36000061035156
2012-06-12,103.98768615722656,85.04422760009766,156.4600067138672
2012-06-13,103.32269287109375,85.88351440429688,157.1199951171875
2012-06-14,104.4179458618164,85.77435302734375,157.75
2012-06-15,105.48585510253906,86.25204467773438,157.83999633789062
2012-06-18,105.69029998779297,86.7160415649414,157.92999267578125
2012-06-19,106.71263885498047,85.58330535888672,157.16000366210938
2012-06-20,106.53964233398438,86.00630187988281,155.97000122070312
2012-06-21,104.1490249633789,86.46354675292969,152.02000427246094
2012-06-22,104.95111083984375,85.31034851074219,152.63999938964844
2012-06-25,103.26827239990234,86.55224609375,153.75999450683594
2012-06-26,103.78730010986328,86.21107482910156,152.6199951171875
2012-06-27,104.72305297851562,86.34756469726562,152.8300018310547
2012-06-28,104.42424011230469,86.55905151367188,151.0500030517578
2012-06-29,107.02720642089844,85.43311309814453,155.19000244140625
2012-07-02,107.34961700439453,86.3146743774414,155.08999633789062
2012-07-03,108.057373046875,85.65127563476562,157.4600067138672
2012-07-05,107.56978607177734,86.08893585205078,155.67999267578125
2012-07-06,106.54752349853516,86.88906860351562,153.7100067138672
2012-07-09,106.413818359375,87.65493774414062,154.0399932861328
2012-07-10,105.48585510253906,87.83273315429688,152.14999389648438
2012-07-11,105.50160217285156,87.94220733642578,152.99000549316406
2012-07-12,104.99044799804688,88.5644760131836,152.58999633789062
2012-07-13,106.75194549560547,88.33195495605469,154.13999938964844
2012-07-16,106.50031280517578,88.74226379394531,154.2100067138672
2012-07-17,107.23164367675781,88.04478454589844,153.47000122070312
2012-07-18,108.0258560180664,88.09261322021484,153.0500030517578
2012-07-19,108.30901336669922,87.86695861816406,153.3800048828125
2012-07-20,107.3181381225586,88.94060516357422,153.6699981689453
2012-07-23,106.23296356201172,89.43981170654297,153.02999877929688
2012-07-24,105.32075500488281,90.14413452148438,153.52000427246094
2012-07-25,105.34431457519531,90.37667083740234,155.6699981689453
2012-07-26,107.08226013183594,89.54918670654297,156.77000427246094
2012-07-27,109.05603790283203,87.86012268066406,157.5399932861328
2012-07-30,109.05603790283203,88.51661682128906,157.42999267578125
2012-07-31,108.293212890625,88.6944351196289,156.49000549316406
2012-08-01,108.19889068603516,88.25102233886719,155.13999938964844
2012-08-02,107.4518051147461,88.75125122070312,154.1300048828125
2012-08-03,109.58293151855469,87.31902313232422,155.5500030517578
2012-08-06,109.79523468017578,87.353271484375,156.3000030517578
2012-08-07,110.34576416015625,86.22946166992188,156.27999877929688
2012-08-08,110.47946166992188,85.77030181884766,156.47999572753906
2012-08-09,110.57376098632812,85.70863342285156,156.99000549316406
2012-08-10,110.75464630126953,86.14038848876953,157.17999267578125
2012-08-13,110.69960021972656,85.99641418457031,155.99000549316406
2012-08-14,110.71532440185547,84.83146667480469,155.1300048828125
2012-08-15,110.84115600585938,83.63902282714844,155.6300048828125
2012-08-16,111.65904235839844,82.9263916015625,156.55999755859375
2012-08-17,111.80838012695312,83.33072662353516,156.72000122070312
2012-08-20,111.81626892089844,83.50199127197266,157.25999450683594
2012-08-21,111.4781494140625,83.87203216552734,158.8300018310547
2012-08-22,111.52529907226562,85.25631713867188,160.5399932861328
2012-08-23,110.61310577392578,85.61270141601562,161.88999938964844
2012-08-24,111.28152465820312,85.53044128417969,161.97000122070312
2012-08-27,111.30509948730469,86.03067779541016,161.36000061035156
2012-08-28,111.19503021240234,86.23631286621094,161.63999938964844
2012-08-29,111.28152465820312,85.85939025878906,160.58999633789062
2012-08-30,110.47946166992188,86.30484008789062,160.52000427246094
2012-08-31,111.00629425048828,87.52462768554688,164.22000122070312
2012-09-04,110.90412139892578,87.43669128417969,164.47999572753906
2012-09-05,110.80974578857422,87.02466583251953,164.30999755859375
2012-09-06,113.05878448486328,85.57563018798828,164.88999938964844
2012-09-07,113.4991226196289,85.1773452758789,168.44000244140625
2012-09-10,112.85432434082031,85.38339233398438,167.2899932861328
2012-09-11,113.1688232421875,84.84767150878906,167.89999389648438
2012-09-12,113.54631042480469,83.79006958007812,167.9199981689453
2012-09-13,115.2763900756836,83.46044921875,171.30999755859375
2012-09-14,115.78756713867188,81.24224853515625,171.8000030517578
2012-09-17,115.39434051513672,82.21745300292969,170.39999389648438
2012-09-18,115.30003356933594,82.62947082519531,171.72000122070312
2012-09-19,115.36287689208984,83.17207336425781,171.74000549316406
2012-09-20,115.37079620361328,83.37802124023438,171.47000122070312
2012-09-21,115.32252502441406,83.47418212890625,171.9600067138672
2012-09-24,115.14859008789062,84.12661743164062,171.0500030517578
2012-09-25,113.9231948852539,84.95755767822266,170.77000427246094
2012-09-26,113.28284454345703,85.87098693847656,169.80999755859375
2012-09-27,114.35009765625,85.25971221923828,172.33999633789062
2012-09-28,113.82044982910156,85.30784606933594,171.88999938964844
2012-10-01,114.12083435058594,85.62440490722656,172.2899932861328
2012-10-02,114.23938751220703,85.50737762451172,172.10000610351562
2012-10-03,114.70585632324219,85.53491973876953,172.41000366210938
2012-10-04,115.52813720703125,84.46821594238281,173.61000061035156
2012-10-05,115.53600311279297,83.37396240234375,172.6199951171875
2012-10-08,115.14067077636719,84.07598876953125,172.0500030517578
2012-10-09,114.0022201538086,83.92456817626953,170.99000549316406
2012-10-10,113.27488708496094,84.5163803100586,170.83999633789062
2012-10-11,113.33816528320312,85.10140228271484,171.32000732421875
2012-10-12,112.966552734375,85.31466674804688,170.05999755859375
2012-10-15,113.90741729736328,85.12201690673828,168.35000610351562
2012-10-16,115.06163024902344,83.9451904296875,169.4199981689453
2012-10-17,115.58341217041016,83.16755676269531,169.5399932861328
2012-10-18,115.28294372558594,82.65825653076172,168.7899932861328
2012-10-19,113.36186218261719,83.78003692626953,166.97000122070312
2012-10-22,113.37765502929688,83.2432632446289,167.5800018310547
2012-10-23,111.80440521240234,84.4338150024414,165.42999267578125
2012-10-24,111.48816680908203,83.60113525390625,164.86000061035156
2012-10-25,111.81233215332031,83.17449188232422,166.02000427246094
2012-10-26,111.74909973144531,84.3993911743164,165.92999267578125
2012-10-31,111.74909973144531,84.89485168457031,166.8300018310547
2012-11-01,112.91915893554688,84.1998519897461,166.07000732421875
2012-11-02,111.91507720947266,84.13788604736328,162.60000610351562
2012-11-05,112.14437103271484,84.61271667480469,163.22999572753906
2012-11-06,113.02194213867188,83.81440734863281,166.3000030517578
2012-11-07,110.4604263305664,85.33534240722656,166.49000549316406
2012-11-08,109.13223266601562,86.60160064697266,167.99000549316406
2012-11-09,109.2271499633789,86.69791412353516,167.82000732421875
2012-11-12,109.31407928466797,86.84246826171875,167.4499969482422
2012-11-13,108.9345703125,87.1314697265625,167.10000610351562
2012-11-14,107.464111328125,87.21406555175781,167.13999938964844
2012-11-15,107.28227996826172,87.04202270507812,166.08999633789062
2012-11-16,107.81196594238281,86.96634674072266,165.8800048828125
2012-11-19,109.99395751953125,86.47772216796875,167.8699951171875
2012-11-20,110.04137420654297,85.61062622070312,167.38999938964844
2012-11-21,110.24694061279297,85.56246948242188,167.55999755859375
2012-11-23,111.74909973144531,85.4798355102539,169.61000061035156
2012-11-26,111.51191711425781,85.88591003417969,169.42999267578125
2012-11-27,110.94266510009766,86.22309112548828,168.7100067138672
2012-11-28,111.83605194091797,86.09923553466797,166.5500030517578
2012-11-29,112.3578109741211,86.11302185058594,167.17999267578125
2012-11-30,112.38153076171875,85.87896728515625,166.0500030517578
2012-12-03,111.8281478881836,85.95831298828125,166.1300048828125
2012-12-04,111.67002868652344,86.45480346679688,164.4199981689453
2012-12-05,111.86767578125,86.41337585449219,164.1199951171875
2012-12-06,112.24715423583984,86.59954071044922,164.5
2012-12-07,112.58712005615234,85.79971313476562,165.16000366210938
2012-12-10,112.63452911376953,86.17898559570312,165.8000030517578
2012-12-11,113.40137481689453,85.52388000488281,165.64999389648438
2012-12-12,113.45675659179688,84.53093719482422,165.77000427246094
2012-12-13,112.76101684570312,84.59300994873047,164.3699951171875
2012-12-14,112.34203338623047,85.22744750976562,164.1300048828125
2012-12-17,113.66230773925781,83.95172119140625,164.44000244140625
2012-12-18,114.92721557617188,83.0967025756836,162.0800018310547
2012-12-19,114.07340240478516,83.37251281738281,161.69000244140625
2012-12-20,114.72956085205078,83.3863296508789,159.72999572753906
2012-12-21,113.68818664550781,84.29652404785156,160.3300018310547
2012-12-24,113.33788299560547,84.14482879638672,160.6199951171875
2012-12-26,112.86016845703125,84.44747924804688,160.77999877929688
2012-12-27,112.70883178710938,84.73081970214844,161.16000366210938
2012-12-28,111.49068450927734,85.21460723876953,160.5399932861328
2012-12-31,113.38565063476562,83.74260711669922,162.02000427246094
2013-01-02,116.2917251586914,82.62309265136719,163.1699981689453
2013-01-03,116.02897644042969,81.50354766845703,161.1999969482422
2013-01-04,116.53850555419922,81.82150268554688,160.44000244140625
2013-01-07,116.2200698852539,81.85604095458984,159.42999267578125
2013-01-08,115.88567352294922,82.39506530761719,160.55999755859375
2013-01-09,116.18028259277344,82.31901550292969,160.49000549316406
2013-01-10,117.10379791259766,82.09098052978516,161.97999572753906
2013-01-11,117.09590911865234,82.8235092163086,161.05999755859375
2013-01-14,117.01626586914062,82.59548950195312,161.5399932861328
2013-01-15,117.09590911865234,82.97554016113281,162.55999755859375
2013-01-16,117.07994079589844,83.1483383178711,162.64999389648438
2013-01-17,117.83631134033203,82.31901550292969,163.35000610351562
2013-01-18,118.09909057617188,82.95482635498047,163.08999633789062
2013-01-22,118.73603057861328,83.11375427246094,163.6699981689453
2013-01-23,118.92711639404297,82.98934173583984,163.2100067138672
2013-01-24,118.95893859863281,82.69915771484375,161.4199981689453
2013-01-25,119.62779235839844,81.56575775146484,160.64999389648438
2013-01-28,119.48442077636719,81.26860809326172,160.2899932861328
2013-01-29,119.95419311523438,80.81940460205078,160.99000549316406
2013-01-30,119.48442077636719,80.68123626708984,162.19000244140625
2013-01-31,119.1898193359375,81.07510375976562,161.1999969482422
2013-02-01,120.416015625,80.02237701416016,161.4499969482422
2013-02-04,119.06245422363281,81.04745483398438,162.0
2013-02-05,120.26473236083984,80.3271255493164,161.9600067138672
2013-02-06,120.3522720336914,80.9851303100586,162.38999938964844
2013-02-07,120.19308471679688,80.80501556396484,161.83999633789062
2013-02-08,120.86190032958984,81.11671447753906,161.57000732421875
2013-02-11,120.83797454833984,81.05436706542969,159.6999969482422
2013-02-12,121.03697967529297,80.85347747802734,159.88999938964844
2013-02-13,121.14051055908203,80.19549560546875,159.0500030517578
2013-02-14,121.25196075439453,80.92276000976562,158.35000610351562
2013-02-15,121.10870361328125,80.68729400634766,155.75999450683594
2013-02-19,122.0163803100586,80.28556823730469,155.3300018310547
2013-02-20,120.49565887451172,80.52799224853516,151.44000244140625
2013-02-21,119.7630844116211,80.99895477294922,152.6199951171875
2013-02-22,120.9334945678711,81.05436706542969,152.97000122070312
2013-02-25,118.63253784179688,82.64730834960938,154.33999633789062
2013-02-26,119.44464874267578,82.16946411132812,156.22000122070312
2013-02-27,120.94945526123047,81.92698669433594,154.57000732421875
2013-02-28,120.71056365966797,82.07941436767578,153.0
2013-03-01,121.10870361328125,82.52635192871094,152.44000244140625
2013-03-04,121.75358581542969,82.08905029296875,152.3000030517578
2013-03-05,122.84437561035156,81.85307312011719,152.3800048828125
2013-03-06,123.01161193847656,81.1104736328125,153.22999572753906
2013-03-07,123.23454284667969,80.48580169677734,152.69000244140625
2013-03-08,123.75997924804688,79.64592742919922,152.7100067138672
2013-03-11,124.22977447509766,79.72227478027344,152.99000549316406
2013-03-12,123.95106506347656,80.29835510253906,154.19000244140625
2013-03-13,124.12625122070312,80.21510314941406,153.66000366210938
2013-03-14,124.78707122802734,79.97209930419922,153.67999267578125
2013-03-15,124.62230682373047,80.34696960449219,154.0
2013-03-18,123.9345703125,80.95771789550781,155.3800048828125
2013-03-19,123.64663696289062,81.50606536865234,156.0800018310547
2013-03-20,124.5103988647461,80.59684753417969,155.3699951171875
2013-03-21,123.44668579101562,81.37422180175781,156.25
2013-03-22,124.43840026855469,81.4366683959961,155.5500030517578
2013-03-25,123.91854858398438,81.36029815673828,155.24000549316406
2013-03-26,124.91022491455078,81.45748901367188,154.72000122070312
2013-03-27,124.91022491455078,82.1515884399414,155.36000061035156
2013-03-28,125.29411315917969,81.7351303100586,154.4499969482422
2013-04-01,124.79827880859375,82.35070037841797,154.6699981689453
2013-04-02,125.41409301757812,82.016845703125,152.42999267578125
2013-04-03,124.14252471923828,82.75414276123047,150.72999572753906
2013-04-04,124.6463394165039,83.74190521240234,150.2899932861328
2013-04-05,124.08650970458984,85.43215942382812,152.80999755859375
2013-04-08,124.92620086669922,84.77828979492188,152.16000366210938
2013-04-09,125.35807037353516,84.56963348388672,153.33999633789062
2013-04-10,126.89354705810547,83.40801239013672,150.75
2013-04-11,127.3094482421875,83.56802368164062,151.0500030517578
2013-04-12,126.99752807617188,84.81312561035156,143.9499969482422
2013-04-15,124.05455780029297,85.55040740966797,131.30999755859375
2013-04-16,125.88591003417969,84.847900390625,132.8000030517578
2013-04-17,124.04651641845703,85.41130065917969,132.8699951171875
2013-04-18,123.27083587646484,85.62000274658203,134.3000030517578
2013-04-19,124.34239196777344,85.43911743164062,135.47000122070312
2013-04-22,124.8941879272461,85.50174713134766,137.89999389648438
2013-04-23,126.18181610107422,85.20259094238281,136.8800048828125
2013-04-24,126.26172637939453,85.41824340820312,138.3699951171875
2013-04-25,126.77362060546875,85.0495834350586,141.6300048828125
2013-04-26,126.54971313476562,85.82862854003906,140.91000366210938
2013-04-29,127.3974380493164,85.5156478881836,142.3000030517578
2013-04-30,127.70133209228516,85.56433868408203,142.77000427246094
2013-05-01,126.58167266845703,86.44339752197266,141.11000061035156
2013-05-02,127.75728607177734,86.33181762695312,141.9199981689453
2013-05-03,129.05288696289062,84.29637908935547,142.08999633789062
2013-05-06,129.38075256347656,84.08724975585938,142.14999389648438
2013-05-07,130.03648376464844,83.75961303710938,140.3800048828125
2013-05-08,130.62831115722656,83.89208221435547,142.4600067138672
2013-05-09,130.260498046875,83.67598724365234,140.80999755859375
2013-05-10,130.6842803955078,82.77680969238281,139.60000610351562
2013-05-13,130.78831481933594,82.14242553710938,138.42999267578125
2013-05-14,132.13983154296875,81.25018310546875,137.80999755859375
2013-05-15,132.85157775878906,81.79386138916016,134.6300048828125
2013-05-16,132.227783203125,82.64432525634766,134.08999633789062
2013-05-17,133.5073699951172,81.59868621826172,131.07000732421875
2013-05-20,133.49935913085938,81.5011215209961,135.1199951171875
2013-05-21,133.69125366210938,82.14242553710938,132.8800048828125
2013-05-22,132.69960021972656,80.92257690429688,131.94000244140625
2013-05-23,132.3157501220703,81.3059310913086,134.61000061035156
2013-05-24,132.20379638671875,81.41748046875,133.75999450683594
2013-05-28,132.99554443359375,79.35418701171875,133.49000549316406
2013-05-29,132.13185119628906,80.24641418457031,134.8300018310547
2013-05-30,132.6196746826172,80.0511703491211,136.6999969482422
2013-05-31,130.71627807617188,79.77940368652344,133.9199981689453
2013-06-03,131.43605041503906,80.20209503173828,136.50999450683594
2013-06-04,130.80419921875,79.46144104003906,135.22999572753906
2013-06-05,128.9728546142578,80.5584716796875,135.52000427246094
2013-06-06,130.1404571533203,80.50953674316406,136.52999877929688
2013-06-07,131.7958984375,79.07014465332031,133.27999877929688
2013-06-10,131.7958984375,78.69282531738281,133.94000244140625
2013-06-11,130.43643188476562,79.62915802001953,133.25
2013-06-12,129.35678100585938,78.49019622802734,134.25
2013-06-13,131.32412719726562,79.72001647949219,133.74000549316406
2013-06-14,130.5003204345703,79.53135681152344,134.42999267578125
2013-06-17,131.5080108642578,79.11205291748047,133.77000427246094
2013-06-18,132.54771423339844,79.15396881103516,132.1300048828125
2013-06-19,130.71627807617188,78.33646392822266,130.58999633789062
2013-06-20,127.47735595703125,77.05078125,123.5999984741211
2013-06-21,127.88668060302734,75.74411010742188,125.05000305175781
2013-06-24,126.27056884765625,76.05856323242188,123.93000030517578
2013-06-25,127.48460388183594,75.38078308105469,123.47000122070312
2013-06-26,128.7468719482422,75.8698959350586,118.27999877929688
2013-06-27,129.50254821777344,76.64549255371094,115.94000244140625
2013-06-28,128.97198486328125,77.1695785522461,119.11000061035156
2013-07-01,129.72767639160156,77.3250503540039,121.12999725341797
2013-07-02,129.6071014404297,77.27600860595703,120.05000305175781
2013-07-03,129.6634521484375,77.0448989868164,120.73999786376953
2013-07-05,131.06227111816406,74.41861724853516,118.08999633789062
2013-07-08,131.8099822998047,75.13993835449219,119.51000213623047
2013-07-09,132.75860595703125,75.21694946289062,120.62000274658203
2013-07-10,132.806884765625,74.62866973876953,120.94999694824219
2013-07-11,134.61573791503906,75.5041275024414,124.23999786376953
2013-07-12,134.67205810546875,75.44113159179688,124.12999725341797
2013-07-15,135.18661499023438,75.8403091430664,124.18000030517578
2013-07-16,134.68011474609375,76.09942626953125,124.88999938964844
2013-07-17,135.0258026123047,76.23948669433594,123.31999969482422
2013-07-18,135.765380859375,75.28703308105469,124.01000213623047
2013-07-19,136.00665283203125,76.47765350341797,125.11000061035156
2013-07-22,136.27194213867188,76.58970642089844,128.83999633789062
2013-07-23,135.98252868652344,76.26750183105469,129.7100067138672
2013-07-24,135.48411560058594,75.30103302001953,127.4800033569336
2013-07-25,135.8136749267578,75.27301788330078,128.6699981689453
2013-07-26,135.9584197998047,75.73526763916016,128.77999877929688
2013-07-29,135.54026794433594,75.18197631835938,128.47000122070312
2013-07-30,135.54026794433594,75.15399169921875,128.1199951171875
2013-07-31,135.6368408203125,75.42710876464844,127.95999908447266
2013-08-01,137.2045135498047,73.9737319946289,126.61000061035156
2013-08-02,137.43765258789062,74.78816986083984,126.36000061035156
2013-08-05,137.2366943359375,74.21241760253906,125.69999694824219
2013-08-06,136.4569091796875,74.43014526367188,123.97000122070312
2013-08-07,136.0147247314453,74.98480224609375,124.1500015258789
2013-08-08,136.51315307617188,75.1883773803711,126.86000061035156
2013-08-09,136.1192169189453,75.30773162841797,126.86000061035156
2013-08-12,135.9584197998047,74.79517364501953,129.1300048828125
2013-08-13,136.3604278564453,73.71395111083984,127.73999786376953
2013-08-14,135.6609344482422,73.82628631591797,129.0
2013-08-15,133.7635498046875,72.82931518554688,131.69000244140625
2013-08-16,133.32139587402344,72.5765609741211,132.5800018310547
2013-08-19,132.4691925048828,71.94464874267578,132.00999450683594
2013-08-20,133.12039184570312,72.49932098388672,132.4499969482422
2013-08-21,132.30035400390625,71.70592498779297,132.07000732421875
2013-08-22,133.50631713867188,72.4361343383789,132.80999755859375
2013-08-23,133.95652770996094,73.22248840332031,134.89999389648438
2013-08-26,133.45806884765625,73.58757019042969,135.4499969482422
2013-08-27,131.31149291992188,74.51433563232422,136.75
2013-08-28,131.7777862548828,73.91056060791016,136.7100067138672
2013-08-29,131.98681640625,74.50030517578125,135.8699951171875
2013-08-30,131.56874084472656,74.41609191894531,134.6199951171875
2013-09-03,132.16371154785156,73.36644744873047,136.4199981689453
2013-09-04,133.257080078125,73.20454406738281,134.66000366210938
2013-09-05,133.4259033203125,72.18379974365234,132.1999969482422
2013-09-06,133.49020385742188,72.54287719726562,134.14999389648438
2013-09-09,134.76858520507812,72.57804870605469,133.91000366210938
2013-09-10,135.765380859375,72.0711898803711,131.74000549316406
2013-09-11,136.19154357910156,72.71184539794922,131.6999969482422
2013-09-12,135.82974243164062,72.61323547363281,127.66999816894531
2013-09-13,136.13526916503906,72.89481353759766,127.81999969482422
2013-09-16,136.92318725585938,72.40906524658203,126.44999694824219
2013-09-17,137.5341796875,73.00743103027344,126.5
2013-09-18,139.1260223388672,73.90852355957031,132.00999450683594
2013-09-19,138.89283752441406,73.4720687866211,131.75
2013-09-20,137.92184448242188,73.85923767089844,127.95999908447266
2013-09-23,137.28353881835938,74.40132904052734,127.55000305175781
2013-09-24,136.96038818359375,75.20381927490234,127.66000366210938
2013-09-25,136.56451416015625,75.35867309570312,128.7899932861328
2013-09-26,137.08966064453125,74.83067321777344,127.79000091552734
2013-09-27,136.4595184326172,75.01370239257812,128.97000122070312
2013-09-30,135.7324676513672,74.9011001586914,128.17999267578125
2013-10-01,136.8069305419922,74.6738510131836,124.58999633789062
2013-10-02,136.6776580810547,74.78675842285156,127.05999755859375
2013-10-03,135.41734313964844,74.66675567626953,127.18000030517578
2013-10-04,136.44338989257812,74.61028289794922,126.52999877929688
2013-10-07,135.26380920410156,74.91374206542969,127.63999938964844
2013-10-08,133.6884765625,74.93496704101562,127.4000015258789
2013-10-09,133.78543090820312,74.33506774902344,126.11000061035156
2013-10-10,136.6696014404297,74.45501708984375,124.2699966430664
2013-10-11,137.55015563964844,74.43384552001953,122.5999984741211
2013-10-14,138.0994873046875,73.83390808105469,122.83000183105469
2013-10-15,137.0977325439453,73.78450012207031,123.7300033569336
2013-10-16,139.0124969482422,74.7091064453125,123.54000091552734
2013-10-17,139.94154357910156,75.38668823242188,127.41999816894531
2013-10-18,140.88668823242188,75.54902648925781,126.8499984741211
2013-10-21,140.8948211669922,75.30909729003906,126.9800033569336
2013-10-22,141.71078491210938,76.14894104003906,129.33999633789062
2013-10-23,141.03213500976562,76.44540405273438,128.69000244140625
2013-10-24,141.5006866455078,76.14894104003906,129.89999389648438
2013-10-25,142.1470184326172,76.43128204345703,130.4600067138672
2013-10-28,142.37322998046875,76.17017364501953,130.55999755859375
2013-10-29,143.1326446533203,76.26895141601562,129.77000427246094
2013-10-30,142.4216766357422,75.81014251708984,129.60000610351562
2013-10-31,142.0177459716797,75.97250366210938,127.73999786376953
2013-11-01,142.3571014404297,75.15015411376953,126.94999694824219
2013-11-04,142.8580322265625,75.2209243774414,126.80999755859375
2013-11-05,142.40554809570312,74.32215118408203,126.55999755859375
2013-11-06,143.1326446533203,74.35755920410156,127.19999694824219
2013-11-07,141.32298278808594,74.98738098144531,126.16000366210938
2013-11-08,143.2295684814453,73.1827621459961,124.27999877929688
2013-11-11,143.25389099121094,72.9067611694336,123.87000274658203
2013-11-12,142.96298217773438,73.24644470214844,122.44999694824219
2013-11-13,144.11016845703125,73.51537322998047,122.8499984741211
2013-11-14,144.8292236328125,73.96833801269531,124.2699966430664
2013-11-15,145.4593048095703,74.1169204711914,124.31999969482422
2013-11-18,144.95034790039062,74.562744140625,122.9000015258789
2013-11-19,144.63531494140625,73.99662017822266,122.94999694824219
2013-11-20,144.18289184570312,72.7369384765625,120.12000274658203
2013-11-21,145.3462371826172,72.85719299316406,119.94000244140625
2013-11-22,146.0733184814453,73.53665924072266,119.91999816894531
2013-11-25,145.92791748046875,73.74891662597656,120.45999908447266
2013-11-26,145.9683380126953,74.02495574951172,119.81999969482422
2013-11-27,146.3237762451172,73.89755249023438,119.45999908447266
2013-11-29,146.22683715820312,73.91879272460938,120.69999694824219
2013-12-02,145.84710693359375,73.34386444091797,117.58000183105469
2013-12-03,145.21697998046875,73.61355590820312,117.95999908447266
2013-12-04,145.2008514404297,72.91087341308594,119.95999908447266
2013-12-05,144.56259155273438,72.70502471923828,118.30000305175781
2013-12-06,146.17832946777344,73.05280303955078,118.55000305175781
2013-12-09,146.54994201660156,73.22319030761719,119.72000122070312
2013-12-10,146.0248565673828,73.74842834472656,121.81999969482422
2013-12-11,144.3848419189453,73.18055725097656,120.86000061035156
2013-12-12,143.90817260742188,72.90379333496094,118.29000091552734
2013-12-13,143.89202880859375,73.25865936279297,119.37999725341797
2013-12-16,144.788818359375,72.98895263671875,119.69000244140625
2013-12-17,144.3282928466797,73.31550598144531,118.6500015258789
2013-12-18,146.79232788085938,72.94632720947266,117.61000061035156
2013-12-19,146.6226806640625,72.87533569335938,114.81999969482422
2013-12-20,147.4755859375,73.99690246582031,115.94000244140625
2013-12-23,148.2634735107422,73.57806396484375,115.56999969482422
2013-12-24,148.58837890625,72.98895263671875,116.0999984741211
2013-12-26,149.3437957763672,72.70765686035156,116.73999786376953
2013-12-27,149.33567810058594,72.5011215209961,117.12000274658203
2013-12-30,149.311279296875,72.9996109008789,115.38999938964844
2013-12-31,150.01800537109375,72.53673553466797,116.12000274658203
2014-01-02,148.5802764892578,72.75749206542969,118.0
2014-01-03,148.55592346191406,72.75749206542969,119.29000091552734
2014-01-06,148.12539672851562,73.06372833251953,119.5
2014-01-07,149.03509521484375,73.24885559082031,118.81999969482422
2014-01-08,149.06765747070312,73.0494613647461,118.12000274658203
2014-01-09,149.1651611328125,73.47673797607422,118.45999908447266
2014-01-10,149.57127380371094,74.35269165039062,120.26000213623047
2014-01-13,147.5811767578125,74.72294616699219,121.0199966430664
2014-01-14,149.18942260742188,74.38114166259766,119.88999938964844
2014-01-15,149.99362182617188,74.30278015136719,119.66000366210938
2014-01-16,149.79867553710938,74.8012924194336,119.79000091552734
2014-01-17,149.1651611328125,75.11457061767578,120.93000030517578
2014-01-21,149.603759765625,75.17155456542969,119.69999694824219
2014-01-22,149.70120239257812,74.98641204833984,119.19000244140625
2014-01-23,148.4746551513672,76.04749298095703,121.79000091552734
2014-01-24,145.3068389892578,76.53887939453125,122.29000091552734
2014-01-27,144.592041015625,76.00474548339844,120.95999908447266
2014-01-28,145.4530792236328,76.18991088867188,120.94999694824219
2014-01-29,144.05589294433594,76.81658935546875,122.47000122070312
2014-01-30,145.5829620361328,76.5958480834961,119.7699966430664
2014-01-31,144.7301025390625,77.10858917236328,120.08999633789062
2014-02-03,141.4729461669922,78.04811096191406,121.31999969482422
2014-02-04,142.46385192871094,77.21993255615234,120.98999786376953
2014-02-05,142.28517150878906,76.50601959228516,121.29000091552734
2014-02-06,144.1615447998047,76.17761993408203,121.23999786376953
2014-02-07,145.9485626220703,76.24182891845703,122.16999816894531
2014-02-10,146.21656799316406,76.4560317993164,122.91999816894531
2014-02-11,147.81671142578125,76.01338195800781,124.36000061035156
2014-02-12,147.88983154296875,75.62073516845703,124.43000030517578
2014-02-13,148.65335083007812,76.0490493774414,125.48999786376953
2014-02-14,149.47373962402344,76.09188842773438,127.1500015258789
2014-02-18,149.6524658203125,76.26322937011719,127.4000015258789
2014-02-19,148.66151428222656,75.9420166015625,126.2699966430664
2014-02-20,149.53878784179688,75.75634002685547,127.5999984741211
2014-02-21,149.36819458007812,76.15617370605469,127.58000183105469
2014-02-24,150.1967010498047,75.96343231201172,128.99000549316406
2014-02-25,150.13983154296875,76.64163208007812,129.2100067138672
2014-02-26,150.14794921875,77.04862976074219,128.11000061035156
2014-02-27,150.93589782714844,77.46987915039062,128.1999969482422
2014-02-28,151.31759643554688,77.51264953613281,127.62000274658203
2014-03-03,150.25352478027344,78.03005981445312,130.2899932861328
2014-03-04,152.3654022216797,76.85636138916016,128.67999267578125
2014-03-05,152.50350952148438,77.02095031738281,128.88999938964844
2014-03-06,152.8528289794922,76.26237487792969,130.1699981689453
2014-03-07,152.9177703857422,75.78286743164062,129.08999633789062
2014-03-10,152.8365936279297,75.89022827148438,129.1300048828125
2014-03-11,152.08116149902344,76.0905990600586,129.86000061035156
2014-03-12,152.12181091308594,76.6202163696289,131.75999450683594
2014-03-13,150.41600036621094,77.65076446533203,132.2100067138672
2014-03-14,149.99362182617188,77.66506958007812,133.10000610351562
2014-03-17,151.35012817382812,77.08538055419922,131.63999938964844
2014-03-18,152.430419921875,77.3645248413086,130.6199951171875
2014-03-19,151.61814880371094,76.76335144042969,128.08999633789062
2014-03-20,152.50350952148438,76.6273422241211,127.86000061035156
2014-03-21,151.9120330810547,77.45752716064453,128.47000122070312
2014-03-24,151.2838592529297,78.00861358642578,126.18000030517578
2014-03-25,152.0017547607422,77.7151870727539,126.41000366210938
2014-03-26,150.90853881835938,78.3235092163086,125.41000366210938
2014-03-27,150.5903778076172,78.71714782714844,124.58999633789062
2014-03-28,151.33279418945312,78.27342224121094,124.55999755859375
2014-03-31,152.57286071777344,78.08016967773438,123.61000061035156
2014-04-01,153.58453369140625,77.4128646850586,123.38999938964844
2014-04-02,154.09848022460938,76.96802520751953,124.31999969482422
2014-04-03,153.89459228515625,77.30526733398438,123.91999816894531
2014-04-04,152.0751953125,77.82188415527344,125.56999969482422
2014-04-07,150.39454650878906,78.2882308959961,124.91000366210938
2014-04-08,151.0146484375,78.47476959228516,126.08999633789062
2014-04-09,152.6381378173828,78.0873794555664,126.31999969482422
2014-04-10,149.4318084716797,78.81202697753906,127.01000213623047
2014-04-11,148.08567810058594,79.45065307617188,126.93000030517578
2014-04-14,149.25233459472656,79.24256134033203,127.8499984741211
2014-04-15,150.28038024902344,79.73767852783203,125.48999786376953
2014-04-16,151.8549346923828,79.83809661865234,125.54000091552734
2014-04-17,152.06704711914062,78.96266174316406,124.75
2014-04-21,152.59732055664062,78.89816284179688,124.23999786376953
2014-04-22,153.2908172607422,79.16362762451172,123.77999877929688
2014-04-23,152.93182373046875,79.61568450927734,123.76000213623047
2014-04-24,153.24185180664062,79.76639556884766,124.55999755859375
2014-04-25,151.9854736328125,79.88114929199219,125.43000030517578
2014-04-28,152.46681213378906,79.4936752319336,124.87999725341797
2014-04-29,153.17662048339844,79.38604736328125,124.86000061035156
2014-04-30,153.63345336914062,79.71610260009766,124.22000122070312
2014-05-01,153.6497802734375,80.57130432128906,123.80000305175781
2014-05-02,153.42953491210938,81.06758880615234,125.05999755859375
2014-05-05,153.72323608398438,80.57852935791016,126.22000122070312
2014-05-06,152.38522338867188,80.90217590332031,125.9800033569336
2014-05-07,153.2826690673828,80.61448669433594,124.16999816894531
2014-05-08,153.11947631835938,80.26923370361328,124.16999816894531
2014-05-09,153.34791564941406,80.01031494140625,124.0999984741211
2014-05-12,154.84091186523438,79.6866226196289,124.94000244140625
2014-05-13,154.9796142578125,80.37710571289062,124.5999984741211
2014-05-14,154.24534606933594,81.24742126464844,125.80999755859375
2014-05-15,152.89105224609375,81.89472198486328,124.7699966430664
2014-05-16,153.42138671875,81.66458892822266,124.5
2014-05-19,153.9842987060547,81.06043243408203,124.58000183105469
2014-05-20,153.0133819580078,81.2402572631836,124.69000244140625
2014-05-21,154.302490234375,80.74395751953125,124.38999938964844
2014-05-22,154.67779541015625,80.62885284423828,124.66999816894531
2014-05-23,155.29779052734375,81.06043243408203,124.51000213623047
2014-05-27,156.25238037109375,81.53514862060547,121.8499984741211
2014-05-28,156.13818359375,82.54206848144531,121.19999694824219
2014-05-29,156.94581604003906,82.10334777832031,120.94000244140625
2014-05-30,157.1987762451172,82.06736755371094,120.43000030517578
2014-06-02,157.37823486328125,81.45732879638672,119.69999694824219
2014-06-03,157.2967071533203,80.4549789428711,120.01000213623047
2014-06-04,157.61483764648438,80.43331909179688,119.76000213623047
2014-06-05,158.64279174804688,80.46939086914062,120.66000366210938
2014-06-06,159.40155029296875,80.46939086914062,120.61000061035156
2014-06-09,159.5647430419922,80.35398864746094,120.6500015258789
2014-06-10,159.58103942871094,80.05835723876953,121.38999938964844
2014-06-11,159.02627563476562,80.2025375366211,121.41000366210938
2014-06-12,157.90040588378906,80.91649627685547,122.63999938964844
2014-06-13,158.38169860839844,80.87321472167969,122.95999908447266
2014-06-16,158.5123291015625,81.07508087158203,122.41999816894531
2014-06-17,158.95286560058594,80.43331909179688,122.27999877929688
2014-06-18,160.1194610595703,81.05345916748047,122.66999816894531
2014-06-19,160.29898071289062,80.01509857177734,126.94000244140625
2014-06-20,160.62449645996094,80.62079620361328,126.5
2014-06-23,160.5752716064453,80.36844635009766,126.8499984741211
2014-06-24,159.6079559326172,81.1833267211914,126.9800033569336
2014-06-25,160.32936096191406,81.39237976074219,126.98999786376953
2014-06-26,160.21458435058594,81.78185272216797,126.7300033569336
2014-06-27,160.52603149414062,81.65922546386719,126.66000366210938
2014-06-30,160.44410705566406,81.86111450195312,128.0399932861328
2014-07-01,161.5179901123047,81.17577362060547,127.69999694824219
2014-07-02,161.68197631835938,80.30821228027344,127.69999694824219
2014-07-03,162.4771270751953,80.01895904541016,127.16000366210938
2014-07-07,161.9114532470703,80.6046142578125,127.0199966430664
2014-07-08,160.870361328125,81.50829315185547,127.06999969482422
2014-07-09,161.5917205810547,81.57337951660156,127.83999633789062
2014-07-10,160.9523468017578,81.59510040283203,128.5399932861328
2014-07-11,161.1737060546875,82.11561584472656,128.77999877929688
2014-07-14,161.9852752685547,81.76134490966797,125.72000122070312
2014-07-15,161.68197631835938,81.59510040283203,124.52999877929688
2014-07-16,162.28030395507812,82.02886962890625,124.97000122070312
2014-07-17,160.43594360351562,83.06271362304688,127.08999633789062
2014-07-18,162.07542419433594,82.79522705078125,126.12999725341797
2014-07-21,161.7721405029297,83.20731353759766,126.33999633789062
2014-07-22,162.4771270751953,83.38081359863281,125.73999786376953
2014-07-23,162.83778381347656,83.27244567871094,125.62000274658203
2014-07-24,162.8459930419922,82.6506576538086,124.3499984741211
2014-07-25,162.08363342285156,83.6266860961914,125.79000091552734
2014-07-28,162.14923095703125,83.5109634399414,125.58000183105469
2014-07-29,161.4524383544922,83.81463623046875,125.19999694824219
2014-07-30,161.47698974609375,82.6506576538086,124.83000183105469
2014-07-31,158.28810119628906,82.40479278564453,123.38999938964844
2014-08-01,157.80442810058594,83.04267883300781,124.37999725341797
2014-08-04,158.94393920898438,82.82522583007812,123.98999786376953
2014-08-05,157.40281677246094,83.09339904785156,123.87000274658203
2014-08-06,157.45199584960938,83.14420318603516,125.66999816894531
2014-08-07,156.599365234375,83.91976928710938,126.18000030517578
2014-08-08,158.4110870361328,83.73854064941406,126.19000244140625
2014-08-11,158.87013244628906,83.73130798339844,125.95999908447266
2014-08-12,158.64886474609375,83.18767547607422,125.98999786376953
2014-08-13,159.7227020263672,83.73130798339844,126.19999694824219
2014-08-14,160.47683715820312,84.40550231933594,126.30999755859375
2014-08-15,160.44410705566406,85.32613372802734,125.4800033569336
2014-08-18,161.7884979248047,84.4780044555664,124.95999908447266
2014-08-19,162.63282775878906,84.21697998046875,124.68000030517578
2014-08-20,163.06735229492188,84.07929229736328,124.22000122070312
2014-08-21,163.5428009033203,84.55047607421875,122.87999725341797
2014-08-22,163.28871154785156,85.02167510986328,123.19000244140625
2014-08-25,164.1166229248047,85.3405990600586,122.73999786376953
2014-08-26,164.22320556640625,85.06507873535156,123.3499984741211
2014-08-27,164.15762329101562,85.7900390625,123.31999969482422
2014-08-28,164.06747436523438,86.23947143554688,124.0
2014-08-29,164.5347442626953,86.29745483398438,123.86000061035156
2014-09-02,164.45269775390625,84.80876922607422,121.6500015258789
2014-09-03,164.36256408691406,85.28102111816406,122.1500015258789
2014-09-04,164.12484741210938,84.24205017089844,121.4800033569336
2014-09-05,164.8625946044922,84.08222961425781,122.05999755859375
2014-09-08,164.4363555908203,84.11862182617188,120.7300033569336
2014-09-09,163.39527893066406,84.0531997680664,120.87000274658203
2014-09-10,164.01014709472656,83.5228042602539,120.26000213623047
2014-09-11,164.19863891601562,83.24669647216797,119.47000122070312
2014-09-12,163.2394561767578,82.3748779296875,118.37999725341797
2014-09-15,163.11654663085938,82.498291015625,118.63999938964844
2014-09-16,164.34620666503906,82.16413879394531,118.83000183105469
2014-09-17,164.56756591796875,81.9534912109375,117.54000091552734
2014-09-18,165.4447021484375,82.21503448486328,117.77999877929688
2014-09-19,165.2955780029297,83.26124572753906,117.08999633789062
2014-09-22,164.0189971923828,83.36295318603516,116.8499984741211
2014-09-23,163.08013916015625,83.8787841796875,117.5999984741211
2014-09-24,164.35665893554688,83.41382598876953,117.05000305175781
2014-09-25,161.7047119140625,84.4018783569336,117.38999938964844
2014-09-26,162.9895477294922,84.27837371826172,117.05999755859375
2014-09-29,162.69300842285156,84.9540786743164,117.02999877929688
2014-09-30,162.26478576660156,84.47456359863281,116.20999908447266
2014-10-01,160.06578063964844,86.11261749267578,116.7699966430664
2014-10-02,160.09051513671875,85.3624038696289,116.73999786376953
2014-10-03,161.8529815673828,85.72660827636719,114.61000061035156
2014-10-06,161.66351318359375,85.777587890625,116.02999877929688
2014-10-07,159.16806030273438,86.93566131591797,116.36000061035156
2014-10-08,161.95179748535156,86.95748901367188,117.47000122070312
2014-10-09,158.73971557617188,86.57875061035156,117.63999938964844
2014-10-10,156.9278564453125,87.43817138671875,117.58999633789062
2014-10-13,154.35000610351562,87.96990966796875,118.5199966430664
2014-10-14,154.58885192871094,88.5452880859375,118.58999633789062
2014-10-15,153.54286193847656,89.24449157714844,118.98999786376953
2014-10-16,153.41107177734375,88.6763687133789,119.22000122070312
2014-10-17,155.22305297851562,88.18110656738281,118.98999786376953
2014-10-20,156.73020935058594,88.50157928466797,119.80000305175781
2014-10-21,159.83511352539062,87.79508972167969,120.0199966430664
2014-10-22,158.69857788085938,87.8897705078125,119.33999633789062
2014-10-23,160.54342651367188,87.11043548583984,118.5199966430664
2014-10-24,161.77880859375,87.19781494140625,118.3499984741211
2014-10-27,161.5564727783203,87.35808563232422,118.05999755859375
2014-10-28,163.40953063964844,86.81178283691406,118.0999984741211
2014-10-29,163.16246032714844,87.00846099853516,116.41000366210938
2014-10-30,164.2084503173828,87.08130645751953,115.19000244140625
2014-10-31,166.08624267578125,86.85552215576172,112.66000366210938
2014-11-03,166.1768341064453,86.85552978515625,112.1500015258789
2014-11-04,165.60035705566406,87.12564849853516,112.22000122070312
2014-11-05,166.6462860107422,87.00153350830078,109.79000091552734
2014-11-06,167.31341552734375,86.43933868408203,109.87999725341797
2014-11-07,167.4698944091797,87.43231964111328,112.97000122070312
2014-11-10,167.9970245361328,86.62919616699219,110.45999908447266
2014-11-11,168.16171264648438,86.68761444091797,112.04000091552734
2014-11-12,167.9805450439453,86.61459350585938,111.5
2014-11-13,168.169921875,86.8189926147461,111.66999816894531
2014-11-14,168.2111053466797,87.24249267578125,114.47000122070312
2014-11-17,168.31813049316406,87.0234146118164,114.05000305175781
2014-11-18,169.2900848388672,87.26438903808594,115.05000305175781
2014-11-19,169.0182647705078,86.70951080322266,113.68000030517578
2014-11-20,169.3147735595703,87.16217803955078,114.86000061035156
2014-11-21,170.22067260742188,87.68785095214844,115.38999938964844
2014-11-24,170.69837951660156,87.76087188720703,115.11000061035156
2014-11-25,170.57484436035156,88.49099731445312,115.37999725341797
2014-11-26,171.0113525390625,88.73192596435547,115.16000366210938
2014-11-28,170.64895629882812,89.43284606933594,112.11000061035156
2014-12-01,169.4629669189453,88.91112518310547,116.58000183105469
2014-12-02,170.5583953857422,88.04759216308594,115.13999938964844
2014-12-03,171.2172393798828,88.39153289794922,116.33000183105469
2014-12-04,171.02780151367188,89.13063049316406,115.87999725341797
2014-12-05,171.30789184570312,88.61107635498047,114.43000030517578
2014-12-08,170.1630401611328,89.69412994384766,115.77999877929688
2014-12-09,170.0477294921875,90.15513610839844,118.19000244140625
2014-12-10,167.32162475585938,90.81373596191406,117.95999908447266
2014-12-11,168.169921875,91.18693542480469,117.69000244140625
2014-12-12,165.4521026611328,92.42362213134766,117.41000366210938
2014-12-15,164.31553649902344,92.23338317871094,114.38999938964844
2014-12-16,162.99774169921875,93.3749771118164,114.94999694824219
2014-12-17,166.19334411621094,92.53341674804688,114.2699966430664
2014-12-18,170.3031005859375,90.88687133789062,115.1500015258789
2014-12-19,171.02764892578125,92.10899353027344,114.7699966430664
2014-12-22,171.81442260742188,92.23338317871094,112.55000305175781
2014-12-23,172.04627990722656,90.4039535522461,112.73999786376953
2014-12-24,172.0628662109375,90.89595794677734,112.7699966430664
2014-12-26,172.61770629882812,91.23334503173828,114.83000183105469
2014-12-29,172.84954833984375,91.9153060913086,113.66999816894531
2014-12-30,171.92210388183594,92.16461944580078,115.19999694824219
2014-12-31,170.21607971191406,92.34063720703125,113.58000183105469
2015-01-02,170.1250457763672,93.36732482910156,114.08000183105469
2015-01-05,167.05262756347656,94.83396911621094,115.80000305175781
2015-01-06,165.47914123535156,96.54259490966797,117.12000274658203
2015-01-07,167.54119873046875,96.35195922851562,116.43000030517578
2015-01-08,170.51422119140625,95.07594299316406,115.94000244140625
2015-01-09,169.14779663085938,96.11734008789062,117.26000213623047
2015-01-12,167.82276916503906,96.66730499267578,118.55999755859375
2015-01-13,167.35073852539062,96.66730499267578,118.16000366210938
2015-01-14,166.3403778076172,97.40060424804688,117.97000122070312
2015-01-15,164.816650390625,98.93328094482422,120.94000244140625
2015-01-16,166.97808837890625,97.67195129394531,122.5199966430664
2015-01-20,167.334228515625,98.96990966796875,124.19999694824219
2015-01-21,168.1788330078125,97.82589721679688,124.2300033569336
2015-01-22,170.6798553466797,97.47393035888672,125.2300033569336
2015-01-23,169.7440948486328,98.83061981201172,124.2300033569336
2015-01-26,170.14154052734375,98.52994537353516,122.98999786376953
2015-01-27,167.89727783203125,98.68391418457031,124.4000015258789
2015-01-28,165.74411010742188,100.29722595214844,123.41999816894531
2015-01-29,167.27618408203125,99.6372299194336,120.76000213623047
2015-01-30,165.1726837158203,101.40453338623047,123.44999694824219
2015-02-02,167.21820068359375,101.02175903320312,122.41999816894531
2015-02-03,169.63638305664062,98.88340759277344,121.05000305175781
2015-02-04,168.9905242919922,99.05240631103516,121.58000183105469
2015-02-05,170.69639587402344,97.9649658203125,121.79000091552734
2015-02-06,170.22433471679688,96.23075866699219,118.63999938964844
2015-02-09,169.4624481201172,96.07646179199219,119.16999816894531
2015-02-10,171.26785278320312,95.31224822998047,118.47000122070312
2015-02-11,171.36721801757812,95.48857879638672,117.06999969482422
2015-02-12,173.0152587890625,95.17269134521484,117.33999633789062
2015-02-13,173.72743225097656,94.19537353515625,117.9800033569336
2015-02-17,174.00070190429688,92.77718353271484,116.01000213623047
2015-02-18,174.0172576904297,93.32832336425781,116.33999633789062
2015-02-19,173.89308166503906,92.71105194091797,115.94000244140625
2015-02-20,174.93649291992188,92.98294067382812,115.27999877929688
2015-02-23,174.9116668701172,94.04838562011719,115.43000030517578
2015-02-24,175.4085235595703,95.28291320800781,115.26000213623047
2015-02-25,175.25949096679688,95.6943359375,115.69999694824219
2015-02-26,175.05247497558594,94.38642120361328,116.06999969482422
2015-02-27,174.45620727539062,95.17996978759766,116.16000366210938
2015-03-02,175.5576171875,93.40714263916016,115.68000030517578
2015-03-03,174.83712768554688,93.0684814453125,115.47000122070312
2015-03-04,174.10008239746094,93.09790802001953,115.11000061035156
2015-03-05,174.29055786132812,92.9800796508789,115.0
2015-03-06,171.83924865722656,90.92601776123047,111.86000061035156
2015-03-09,172.55148315429688,91.76528930664062,111.97000122070312
2015-03-10,169.7523651123047,92.97276306152344,111.41999816894531
2015-03-11,169.35479736328125,93.65009307861328,110.75
2015-03-12,171.50802612304688,93.58383178710938,110.72000122070312
2015-03-13,170.45626831054688,93.29666900634766,110.87999725341797
2015-03-16,172.73361206054688,94.19489288330078,110.80999755859375
2015-03-17,172.22023010253906,94.97529602050781,110.20999908447266
2015-03-18,174.29055786132812,96.8085708618164,112.37000274658203
2015-03-19,173.4955291748047,96.31527709960938,112.29000091552734
2015-03-20,175.02699279785156,96.82327270507812,113.56999969482422
2015-03-23,174.68589782714844,96.70552062988281,114.29000091552734
2015-03-24,173.70437622070312,97.6404800415039,114.56999969482422
2015-03-25,171.1588897705078,96.81593322753906,114.7300033569336
2015-03-26,170.75132751464844,95.30661010742188,115.4800033569336
2015-03-27,171.14222717285156,96.4919662475586,115.05999755859375
2015-03-30,173.2301788330078,96.01341247558594,113.75
2015-03-31,171.71624755859375,96.21956634521484,113.66000366210938
2015-04-01,171.10903930664062,97.48345184326172,115.5999984741211
2015-04-02,171.72451782226562,96.45050048828125,115.27999877929688
2015-04-06,172.88082885742188,95.91191101074219,116.69000244140625
2015-04-07,172.4232940673828,96.71607208251953,116.11000061035156
2015-04-08,173.00558471679688,96.7455825805664,115.47000122070312
2015-04-09,173.7708740234375,95.49131774902344,114.66999816894531
2015-04-10,174.71920776367188,95.63159942626953,115.97000122070312
2015-04-13,173.92892456054688,95.76432037353516,115.13999938964844
2015-04-14,174.2616424560547,96.443115234375,114.44000244140625
2015-04-15,175.04360961914062,96.36195373535156,115.43000030517578
2015-04-16,174.9937286376953,95.88241577148438,115.02999877929688
2015-04-17,172.9805908203125,96.9817123413086,115.5999984741211
2015-04-20,174.5611114501953,96.12588500976562,114.72000122070312
2015-04-21,174.3531494140625,95.69060516357422,115.37999725341797
2015-04-22,175.20999145507812,94.22981262207031,113.83000183105469
2015-04-23,175.6508331298828,94.63555145263672,114.66000366210938
2015-04-24,176.05844116210938,95.22579956054688,113.05000305175781
2015-04-27,175.32640075683594,95.22579956054688,115.33000183105469
2015-04-28,175.88372802734375,93.91256713867188,116.33000183105469
2015-04-29,175.16001892089844,92.76155853271484,115.51000213623047
2015-04-30,173.40489196777344,92.92391204833984,113.47000122070312
2015-05-01,175.28485107421875,91.67301940917969,113.08000183105469
2015-05-04,175.78390502929688,90.80801391601562,114.0999984741211
2015-05-05,173.7708740234375,90.68231964111328,114.41999816894531
2015-05-06,173.0554962158203,89.12980651855469,114.36000061035156
2015-05-07,173.7459259033203,90.32745361328125,113.41999816894531
2015-05-08,176.03350830078125,90.5714340209961,113.97000122070312
2015-05-11,175.193359375,88.36834716796875,113.52999877929688
2015-05-12,174.6692657470703,88.59756469726562,114.5
2015-05-13,174.7025604248047,87.8877944946289,116.55000305175781
2015-05-14,176.52423095703125,88.1243667602539,117.18000030517578
2015-05-15,176.71560668945312,89.89128875732422,117.52999877929688
2015-05-18,177.2646026611328,88.38313293457031,117.5199966430664
2015-05-19,177.20640563964844,87.59941864013672,115.88999938964844
2015-05-20,177.0816192626953,87.7473373413086,116.08000183105469
2015-05-21,177.59735107421875,88.97456359863281,115.69000244140625
2015-05-22,177.17311096191406,89.01152038574219,115.5999984741211
2015-05-26,175.26817321777344,90.53446960449219,113.91000366210938
2015-05-27,176.9318389892578,90.74143981933594,113.88999938964844
2015-05-28,176.73219299316406,90.51969146728516,114.0199966430664
2015-05-29,175.63421630859375,90.71932983398438,114.0999984741211
2015-06-01,175.99192810058594,89.74429321289062,114.0
2015-06-02,175.81723022460938,88.4922103881836,114.45999908447266
2015-06-03,176.28302001953125,87.06961822509766,113.63999938964844
2015-06-04,174.79403686523438,88.20323944091797,112.83999633789062
2015-06-05,174.4945831298828,87.12898254394531,112.23999786376953
2015-06-08,173.42149353027344,87.03262329101562,112.56999969482422
2015-06-09,173.39649963378906,86.3436050415039,112.81999969482422
2015-06-10,175.4761199951172,85.58787536621094,113.77999877929688
2015-06-11,176.04177856445312,87.38827514648438,113.26000213623047
2015-06-12,174.6942138671875,87.38827514648438,113.2300033569336
2015-06-15,173.94558715820312,87.52897644042969,113.7300033569336
2015-06-16,174.8938446044922,88.21806335449219,113.31999969482422
2015-06-17,175.17669677734375,87.53641510009766,113.8499984741211
2015-06-18,176.99842834472656,87.10670471191406,115.31999969482422
2015-06-19,176.212646484375,88.22543334960938,115.12000274658203
2015-06-22,177.11541748046875,86.4250717163086,113.63999938964844
2015-06-23,177.2407684326172,85.90646362304688,112.88999938964844
2015-06-24,175.95358276367188,86.64734649658203,112.58999633789062
2015-06-25,175.4185333251953,86.3436050415039,112.44000244140625
2015-06-26,175.38519287109375,85.37303924560547,112.55999755859375
2015-06-29,171.7072296142578,87.63270568847656,113.06999969482422
2015-06-30,172.0667266845703,87.02519989013672,112.37000274658203
2015-07-01,173.4458770751953,85.8505630493164,111.9800033569336
2015-07-02,173.28709411621094,86.1326904296875,111.76000213623047
2015-07-06,172.7938995361328,87.72908782958984,112.05999755859375
2015-07-07,173.88058471679688,88.55335235595703,110.76000213623047
2015-07-08,170.9633026123047,89.3180923461914,111.08999633789062
2015-07-09,171.2726593017578,87.55833435058594,111.36000061035156
2015-07-10,173.42919921875,86.16985321044922,111.48999786376953
2015-07-13,175.3433380126953,85.90251159667969,110.98999786376953
2015-07-14,176.10398864746094,86.1846923828125,110.73999786376953
2015-07-15,176.0454864501953,87.09798431396484,110.16000366210938
2015-07-16,177.4581298828125,87.6994400024414,109.76000213623047
2015-07-17,177.60861206054688,88.15234375,108.6500015258789
2015-07-20,177.7005615234375,87.78112030029297,105.69999694824219
2015-07-21,176.9984130859375,88.25636291503906,105.37000274658203
2015-07-22,176.68081665039062,88.8057632446289,104.80000305175781
2015-07-23,175.68606567382812,89.9121322631836,104.33000183105469
2015-07-24,173.8638458251953,90.13489532470703,105.3499984741211
2015-07-27,172.85238647460938,90.6175308227539,104.86000061035156
2015-07-28,174.97560119628906,89.9566879272461,105.0199966430664
2015-07-29,176.1792449951172,89.62252044677734,105.16999816894531
2015-07-30,176.22103881835938,90.3131332397461,104.2699966430664
2015-07-31,175.95358276367188,90.9813461303711,104.93000030517578
2015-08-03,175.36009216308594,91.93911743164062,104.0999984741211
2015-08-04,175.01731872558594,91.2098159790039,104.30999755859375
2015-08-05,175.5941619873047,90.52518463134766,103.93000030517578
2015-08-06,174.1564178466797,91.32890319824219,104.38999938964844
2015-08-07,173.822021484375,92.52699279785156,104.6500015258789
2015-08-10,176.01210021972656,91.3810043334961,105.72000122070312
2015-08-11,174.42388916015625,92.83203887939453,106.26000213623047
2015-08-12,174.63284301757812,92.32603454589844,107.75
2015-08-13,174.41551208496094,92.02841186523438,106.86000061035156
2015-08-14,175.05081176757812,92.24420166015625,106.8499984741211
2015-08-17,176.02880859375,92.66091918945312,107.12999725341797
2015-08-18,175.51890563964844,91.93159484863281,107.11000061035156
2015-08-19,174.13137817382812,92.83953857421875,108.55000305175781
2015-08-20,170.4951934814453,93.77714538574219,110.44000244140625
2015-08-21,165.36289978027344,94.05994415283203,111.12999725341797
2015-08-24,158.3999786376953,94.03012084960938,110.52999877929688
2015-08-25,156.53598022460938,92.51956176757812,109.16000366210938
2015-08-26,162.5460205078125,90.73358917236328,107.66999816894531
2015-08-27,166.56654357910156,90.78564453125,107.7300033569336
2015-08-28,166.57493591308594,91.0535888671875,108.69999694824219
2015-08-31,165.22915649414062,90.35408020019531,108.81999969482422
2015-09-01,160.29742431640625,91.00508117675781,109.19999694824219
2015-09-02,163.34007263183594,90.2220458984375,108.62000274658203
2015-09-03,163.45713806152344,90.6620864868164,107.83999633789062
2015-09-04,160.98289489746094,91.48986053466797,107.48999786376953
2015-09-08,165.02857971191406,90.14002990722656,107.5199966430664
2015-09-09,162.82176208496094,90.57255554199219,106.12999725341797
2015-09-10,163.70787048339844,89.96102142333984,106.37999725341797
2015-09-11,164.4517822265625,90.52786254882812,106.16000366210938
2015-09-14,163.84158325195312,90.66950988769531,106.22000122070312
2015-09-15,165.88951110839844,88.93190002441406,105.9000015258789
2015-09-16,167.32723999023438,88.59628295898438,107.30999755859375
2015-09-17,166.9510498046875,89.67770385742188,108.41000366210938
2015-09-18,164.2228546142578,91.05731964111328,109.20999908447266
2015-09-21,165.07150268554688,89.57324981689453,108.52999877929688
2015-09-22,162.92889404296875,90.81867980957031,107.79000091552734
2015-09-23,162.6684112548828,90.81119537353516,108.22000122070312
2015-09-24,162.0802764892578,91.43022918701172,110.48999786376953
2015-09-25,162.03822326660156,90.63967895507812,109.80999755859375
2015-09-28,157.97152709960938,92.1908950805664,108.41999816894531
2015-09-29,158.06393432617188,92.45188903808594,107.9800033569336
2015-09-30,161.01316833496094,92.13116455078125,106.86000061035156
2015-10-01,161.43331909179688,92.52427673339844,106.7300033569336
2015-10-02,163.8447723388672,93.08480072021484,108.98999786376953
2015-10-05,166.76034545898438,91.8218002319336,108.7699966430664
2015-10-06,166.18898010253906,92.21788024902344,109.86000061035156
2015-10-07,167.5502166748047,91.91156005859375,109.69999694824219
2015-10-08,169.0626220703125,91.14181518554688,109.13999938964844
2015-10-09,169.16342163085938,91.38088989257812,110.87000274658203
2015-10-12,169.3230438232422,92.07591247558594,111.30999755859375
2015-10-13,168.25595092773438,92.2328872680664,111.86000061035156
2015-10-14,167.44937133789062,93.03997039794922,113.80999755859375
2015-10-15,170.02040100097656,92.5841064453125,113.29000091552734
2015-10-16,170.79344177246094,92.61395263671875,112.48999786376953
2015-10-19,170.87745666503906,92.35989379882812,112.0199966430664
2015-10-20,170.6590118408203,91.79193115234375,112.7300033569336
2015-10-21,169.60028076171875,92.70362091064453,111.7300033569336
2015-10-22,172.4655303955078,92.86060333251953,111.69000244140625
2015-10-23,174.35597229003906,92.06839752197266,111.5
2015-10-26,173.92750549316406,92.68121337890625,111.43000030517578
2015-10-27,173.5914306640625,92.91291809082031,111.68000030517578
2015-10-28,175.5658721923828,92.53924560546875,110.77999877929688
2015-10-29,175.465087890625,91.0670394897461,109.72000122070312
2015-10-30,174.70889282226562,91.75457763671875,109.30000305175781
2015-11-02,176.77584838867188,91.33293151855469,108.58999633789062
2015-11-03,177.28848266601562,90.58393859863281,106.9800033569336
2015-11-04,176.7506561279297,90.68883514404297,105.97000122070312
2015-11-05,176.57424926757812,90.44915008544922,105.63999938964844
2015-11-06,176.48187255859375,89.12358093261719,104.0999984741211
2015-11-09,174.83499145507812,88.62178039550781,104.4000015258789
2015-11-10,175.23828125,88.88386535644531,104.18000030517578
2015-11-11,174.5492706298828,88.69667053222656,103.83000183105469
2015-11-12,172.11264038085938,89.12358093261719,103.8499984741211
2015-11-13,170.1800537109375,89.63282775878906,103.55999755859375
2015-11-16,172.76797485351562,89.55044555664062,103.70999908447266
2015-11-17,172.64195251464844,89.70024871826172,102.33999633789062
2015-11-18,175.38107299804688,89.88748168945312,102.43000030517578
2015-11-19,175.22982788085938,90.48661041259766,103.55999755859375
2015-11-20,175.8684539794922,90.20953369140625,103.08999633789062
2015-11-23,175.6667938232422,90.48661041259766,102.26000213623047
2015-11-24,175.90200805664062,90.47913360595703,102.94000244140625
2015-11-25,175.8768768310547,90.68883514404297,102.45999908447266
2015-11-27,176.07850646972656,90.59894561767578,101.25
2015-11-30,175.34750366210938,90.95841979980469,101.91999816894531
2015-12-01,177.01950073242188,92.18705749511719,102.27999877929688
2015-12-02,175.21304321289062,92.21707153320312,100.69000244140625
2015-12-03,172.75958251953125,89.71031951904297,101.76000213623047
2015-12-04,176.12890625,90.49840545654297,104.0199966430664
2015-12-07,175.0618133544922,91.3764877319336,102.66999816894531
2015-12-08,173.88543701171875,91.4215087890625,102.83999633789062
2015-12-09,172.53273010253906,91.32395935058594,102.63999938964844
2015-12-10,172.97805786132812,91.44404602050781,102.55000305175781
2015-12-11,169.62551879882812,92.88505554199219,103.11000061035156
2015-12-14,170.48252868652344,91.68421936035156,101.79000091552734
2015-12-15,172.2722625732422,91.14383697509766,101.5199966430664
2015-12-16,174.79299926757812,90.94869995117188,102.75
2015-12-17,172.12939453125,91.97695922851562,100.5
2015-12-18,169.0629425048828,92.4872817993164,102.04000091552734
2015-12-21,170.4575653076172,92.46475219726562,103.1500015258789
2015-12-22,172.0043487548828,91.79679870605469,102.61000061035156
2015-12-23,174.1342315673828,91.1063232421875,102.30999755859375
2015-12-24,173.846923828125,91.62828063964844,103.05000305175781
2015-12-28,173.44972229003906,91.89900207519531,102.2699966430664
2015-12-29,175.3007049560547,90.37224578857422,102.19999694824219
2015-12-30,174.0582733154297,90.28199005126953,101.41999816894531
2015-12-31,172.3170166015625,90.68817138671875,101.45999908447266
2016-01-04,169.90814208984375,91.34241485595703,102.88999938964844
2016-01-05,170.19552612304688,90.97393798828125,103.18000030517578
2016-01-06,168.04867553710938,92.19985961914062,104.66999816894531
2016-01-07,164.01690673828125,92.36534118652344,106.1500015258789
2016-01-08,162.216552734375,92.77898406982422,105.68000030517578
2016-01-11,162.3771514892578,91.7636489868164,104.73999786376953
2016-01-12,163.68728637695312,93.08731842041016,104.20999908447266
2016-01-13,159.6048126220703,94.0049057006836,104.72000122070312
2016-01-14,162.22500610351562,93.12491607666016,103.0199966430664
2016-01-15,158.7426300048828,94.57649993896484,104.08000183105469
2016-01-19,158.95391845703125,94.28314208984375,103.9800033569336
2016-01-20,156.91697692871094,95.27590942382812,105.37000274658203
2016-01-21,157.79598999023438,94.62910461425781,105.48999786376953
2016-01-22,161.03323364257812,94.2681655883789,105.0
2016-01-25,158.5989532470703,94.779541015625,106.08000183105469
2016-01-26,160.76280212402344,94.82462310791016,107.29000091552734
2016-01-27,159.0131378173828,94.8021011352539,107.69000244140625
2016-01-28,159.84144592285156,94.9374771118164,106.54000091552734
2016-01-29,163.73793029785156,95.74224853515625,106.94999694824219
2016-02-01,163.67874145507812,95.44912719726562,108.05000305175781
2016-02-02,160.7289581298828,97.21988677978516,108.08999633789062
2016-02-03,161.69256591796875,96.41358947753906,109.25
2016-02-04,161.946044921875,96.88082885742188,110.56999969482422
2016-02-05,158.86093139648438,96.99384307861328,112.31999969482422
2016-02-08,156.7225799560547,99.08110046386719,113.83000183105469
2016-02-09,156.73094177246094,99.18659973144531,113.58000183105469
2016-02-10,156.59576416015625,100.06068420410156,114.45999908447266
2016-02-11,154.55877685546875,100.76145935058594,119.05999755859375
2016-02-12,157.7453155517578,99.08866882324219,118.36000061035156
2016-02-16,160.40777587890625,98.04125213623047,114.7699966430664
2016-02-17,163.0279541015625,97.43842315673828,115.4800033569336
2016-02-18,162.36024475097656,98.63650512695312,118.29000091552734
2016-02-19,162.2841796875,98.71939849853516,117.58000183105469
2016-02-22,164.6339569091797,98.66664123535156,115.48999786376953
2016-02-23,162.5546112060547,99.0660400390625,117.22000122070312
2016-02-24,163.2984161376953,98.8701400756836,117.61000061035156
2016-02-25,165.27627563476562,99.22428894042969,117.91999816894531
2016-02-26,164.8958740234375,98.26728820800781,117.11000061035156
2016-02-29,163.60275268554688,98.69683837890625,118.63999938964844
2016-03-01,167.44847106933594,96.95891571044922,117.7699966430664
2016-03-02,168.20074462890625,97.35903930664062,118.68000030517578
2016-03-03,168.86007690429688,97.71385192871094,120.7300033569336
2016-03-04,169.40940856933594,97.0872573852539,120.54000091552734
2016-03-07,169.54470825195312,97.05706024169922,121.13999938964844
2016-03-08,167.6936492919922,98.12913513183594,120.58000183105469
2016-03-09,168.52200317382812,97.53269958496094,119.58000183105469
2016-03-10,168.65719604492188,97.13256072998047,121.5
2016-03-11,171.3788299560547,96.15110778808594,119.41000366210938
2016-03-14,171.15908813476562,96.45309448242188,117.87000274658203
2016-03-15,170.88023376464844,96.54370880126953,117.95999908447266
2016-03-16,171.86907958984375,96.8305892944336,120.58999633789062
2016-03-17,172.95944213867188,97.23065185546875,120.12999725341797
2016-03-18,173.63917541503906,97.4345474243164,119.80000305175781
2016-03-21,173.88546752929688,96.68710327148438,118.95999908447266
2016-03-22,173.7920379638672,96.66444396972656,119.30999755859375
2016-03-23,172.6450653076172,97.75916290283203,116.61000061035156
2016-03-24,172.56863403320312,97.796875,116.33000183105469
2016-03-28,172.67056274414062,97.92527770996094,116.5999984741211
2016-03-29,174.26776123046875,98.95199584960938,118.76000213623047
2016-03-30,175.03240966796875,97.91014862060547,117.0999984741211
2016-03-31,174.607666015625,98.6047134399414,117.63999938964844
2016-04-01,175.79702758789062,98.8619613647461,116.93000030517578
2016-04-04,175.2278289794922,98.92247772216797,116.1500015258789
2016-04-05,173.47767639160156,100.00428009033203,117.66000366210938
2016-04-06,175.3722686767578,99.27800750732422,116.94000244140625
2016-04-07,173.27377319335938,100.50357818603516,118.61000061035156
2016-04-08,173.74107360839844,99.86813354492188,118.43000030517578
2016-04-11,173.333251953125,99.73947143554688,120.02999877929688
2016-04-12,174.9474639892578,99.0510482788086,120.05000305175781
2016-04-13,176.714599609375,99.39903259277344,118.7699966430664
2016-04-14,176.7230987548828,98.92247772216797,117.11000061035156
2016-04-15,176.52764892578125,99.76982116699219,117.91999816894531
2016-04-18,177.7681427001953,99.33856201171875,117.73999786376953
2016-04-19,178.32882690429688,99.02836608886719,119.58000183105469
2016-04-20,178.49876403808594,97.93895721435547,118.97000122070312
2016-04-21,177.53872680664062,97.3564682006836,119.41999816894531
2016-04-22,177.53872680664062,97.1068115234375,117.88999938964844
2016-04-25,177.2328643798828,96.70585632324219,118.2300033569336
2016-04-26,177.49620056152344,96.26707458496094,118.69999694824219
2016-04-27,177.861572265625,97.22785186767578,119.04000091552734
2016-04-28,176.24732971191406,97.62882232666016,121.29000091552734
2016-04-29,175.29579162597656,97.8784408569336,123.6500015258789
2016-05-02,176.6891326904297,96.89302062988281,123.23999786376953
2016-05-03,175.15138244628906,98.11343383789062,122.95999908447266
2016-05-04,174.17431640625,98.65167999267578,122.20999908447266
2016-05-05,174.14035034179688,99.31110382080078,122.06999969482422
2016-05-06,174.7775421142578,98.88667297363281,123.18000030517578
2016-05-09,174.9219970703125,99.19743347167969,120.6500015258789
2016-05-10,177.09693908691406,99.20500183105469,120.9800033569336
2016-05-11,175.44020080566406,99.7660140991211,122.12000274658203
2016-05-12,175.49124145507812,99.31110382080078,121.16000366210938
2016-05-13,173.96194458007812,100.27386474609375,121.70999908447266
2016-05-16,175.67808532714844,99.40968322753906,121.80000305175781
2016-05-17,174.03836059570312,99.57649230957031,122.22000122070312
2016-05-18,174.08937072753906,98.15900421142578,120.0999984741211
2016-05-19,173.48617553710938,98.58341979980469,119.87000274658203
2016-05-20,174.58212280273438,98.65922546386719,119.70999908447266
2016-05-23,174.34429931640625,98.87903594970703,119.37000274658203
2016-05-24,176.60421752929688,98.4394302368164,117.30000305175781
2016-05-25,177.80209350585938,98.06795501708984,116.9800033569336
2016-05-26,177.85304260253906,98.57585906982422,116.58000183105469
2016-05-27,178.61767578125,98.43181610107422,115.62000274658203
2016-05-31,178.2778778076172,98.66683959960938,116.05999755859375
2016-06-01,178.64312744140625,99.06710052490234,115.94000244140625
2016-06-02,179.18690490722656,99.78118896484375,115.66999816894531
2016-06-03,178.65171813964844,101.20158386230469,118.87999725341797
2016-06-06,179.5607147216797,100.4496078491211,118.91999816894531
2016-06-07,179.84109497070312,100.69267272949219,118.81999969482422
2016-06-08,180.4273223876953,101.23197937011719,120.58000183105469
2016-06-09,180.1809539794922,101.88524627685547,121.25
2016-06-10,178.4732666015625,102.37896728515625,121.73999786376953
2016-06-13,177.09693908691406,102.83473205566406,122.63999938964844
2016-06-14,176.74864196777344,102.75875091552734,122.7699966430664
2016-06-15,176.50225830078125,103.15377044677734,123.68000030517578
2016-06-16,177.02899169921875,103.65509796142578,122.37999725341797
2016-06-17,176.36962890625,103.00949096679688,123.94999694824219
2016-06-20,177.50550842285156,101.90800476074219,123.20999908447266
2016-06-21,178.00933837890625,101.4371109008789,120.83999633789062
2016-06-22,177.71897888183594,101.60420227050781,120.9000015258789
2016-06-23,180.03330993652344,100.4419937133789,120.11000061035156
2016-06-24,173.5684814453125,103.13855743408203,126.0
2016-06-27,170.4599151611328,105.71363830566406,126.68000030517578
2016-06-28,173.53433227539062,105.93394470214844,125.31999969482422
2016-06-29,176.48922729492188,105.12117004394531,125.83999633789062
2016-06-30,178.89755249023438,105.50853729248047,126.47000122070312
2016-07-01,179.2733154296875,106.97344970703125,128.41000366210938
2016-07-05,177.9837188720703,108.31278991699219,129.47000122070312
2016-07-06,179.05123901367188,108.4878158569336,130.22999572753906
2016-07-07,178.94021606445312,108.4802474975586,129.74000549316406
2016-07-08,181.60475158691406,109.2792739868164,130.52000427246094
2016-07-11,182.2452392578125,108.32048034667969,129.2899932861328
2016-07-12,183.56893920898438,106.53968048095703,127.1500015258789
2016-07-13,183.54331970214844,107.79532623291016,128.32000732421875
2016-07-14,184.5681610107422,106.22769165039062,127.33000183105469
2016-07-15,184.3203887939453,105.31449890136719,126.83999633789062
2016-07-18,184.81582641601562,105.21559143066406,127.04000091552734
2016-07-19,184.6278839111328,105.80913543701172,127.20999908447266
2016-07-20,185.39654541015625,105.23078155517578,125.38999938964844
2016-07-21,184.69619750976562,105.4438247680664,127.30000305175781
2016-07-22,185.524658203125,105.6264419555664,126.3499984741211
2016-07-25,185.02076721191406,105.5503921508789,125.47000122070312
2016-07-26,185.1061553955078,105.71778869628906,126.0
2016-07-27,184.90972900390625,107.03434753417969,128.02999877929688
2016-07-28,185.12318420410156,106.83650970458984,127.66000366210938
2016-07-29,185.42213439941406,107.72684478759766,128.97999572753906
2016-08-01,185.2684326171875,106.5588607788086,129.22000122070312
2016-08-02,184.08135986328125,105.4610824584961,130.27000427246094
2016-08-03,184.61940002441406,105.52201843261719,129.64999389648438
2016-08-04,184.81582641601562,106.31489562988281,129.8699951171875
2016-08-05,186.32737731933594,105.20945739746094,127.55000305175781
2016-08-08,186.2163848876953,105.40770721435547,127.44000244140625
2016-08-09,186.32737731933594,106.44454956054688,127.95999908447266
2016-08-10,185.86622619628906,106.85623168945312,128.55999755859375
2016-08-11,186.72879028320312,105.90318298339844,127.66999816894531
2016-08-12,186.56649780273438,106.79524993896484,127.4000015258789
2016-08-15,187.1045379638672,105.78886413574219,127.83999633789062
2016-08-16,186.13955688476562,105.50679016113281,128.47000122070312
2016-08-17,186.4896697998047,106.13956451416016,128.5
2016-08-18,186.9081268310547,106.30730438232422,129.11000061035156
2016-08-19,186.63482666015625,105.75080871582031,127.97000122070312
2016-08-22,186.62631225585938,106.64273834228516,127.77999877929688
2016-08-23,187.00210571289062,106.7571029663086,127.76000213623047
2016-08-24,186.04559326171875,106.50547790527344,126.33999633789062
2016-08-25,185.91748046875,106.10147094726562,126.2300033569336
2016-08-26,185.5673065185547,105.48387908935547,126.05000305175781
2016-08-29,186.4811248779297,106.89425659179688,126.30000305175781
2016-08-30,186.1736297607422,106.48265075683594,125.02999877929688
2016-08-31,185.6442108154297,106.63508605957031,124.77999877929688
2016-09-01,185.65269470214844,106.75272369384766,125.29000091552734
2016-09-02,186.4896697998047,105.8819808959961,126.56999969482422
2016-09-06,187.05328369140625,106.65342712402344,128.7100067138672
2016-09-07,187.0362091064453,106.57704162597656,128.27000427246094
2016-09-08,186.60923767089844,105.24041748046875,127.58999633789062
2016-09-09,182.1427459716797,103.50667572021484,126.75
2016-09-12,184.7560272216797,103.5601577758789,126.58999633789062
2016-09-13,182.10006713867188,102.3839340209961,125.75
2016-09-14,182.03175354003906,102.53669738769531,126.18000030517578
2016-09-15,183.85076904296875,102.09371948242188,125.37000274658203
2016-09-16,183.14002990722656,102.91859436035156,125.05999755859375
2016-09-19,183.17442321777344,102.5824966430664,125.31999969482422
2016-09-20,183.18301391601562,102.94146728515625,125.44000244140625
2016-09-21,185.2429656982422,103.77401733398438,127.2699966430664
2016-09-22,186.41026306152344,104.59884643554688,127.56999969482422
2016-09-23,185.38888549804688,104.49959564208984,127.6500015258789
2016-09-26,183.88687133789062,105.16404724121094,127.55000305175781
2016-09-27,185.02838134765625,105.93550872802734,126.62000274658203
2016-09-28,185.94679260253906,105.70635223388672,126.22000122070312
2016-09-29,184.2645263671875,105.97370147705078,126.06999969482422
2016-09-30,185.65496826171875,105.02664184570312,125.63999938964844
2016-10-03,185.20863342285156,104.68002319335938,125.31999969482422
2016-10-04,184.2645263671875,103.45572662353516,120.97000122070312
2016-10-05,185.07989501953125,102.97370910644531,120.77999877929688
2016-10-06,185.20863342285156,102.39981842041016,119.66000366210938
2016-10-07,184.57347106933594,102.46871948242188,119.73999786376953
2016-10-10,185.53480529785156,101.86425018310547,120.16000366210938
2016-10-11,183.1915740966797,101.63471221923828,119.55000305175781
2016-10-12,183.43190002441406,101.73422241210938,119.73999786376953
2016-10-13,182.83108520507812,102.11673736572266,120.02999877929688
2016-10-14,182.92547607421875,100.68590545654297,119.36000061035156
2016-10-17,182.2903594970703,101.3286361694336,119.68000030517578
2016-10-18,183.43190002441406,101.65762329101562,120.41999816894531
2016-10-19,183.92115783691406,101.74182891845703,121.11000061035156
2016-10-20,183.57785034179688,101.84896850585938,120.73999786376953
2016-10-21,183.6636505126953,102.0019760131836,120.83000183105469
2016-10-24,184.4447479248047,101.55815124511719,120.55999755859375
2016-10-25,183.8267364501953,101.82595825195312,121.47000122070312
2016-10-26,183.4576873779297,101.13734436035156,120.79000091552734
2016-10-27,182.96835327148438,100.03555297851562,121.01000213623047
2016-10-28,182.42767333984375,99.81367492675781,121.58000183105469
2016-10-31,182.43630981445312,100.42578125,121.94000244140625
2016-11-01,181.11444091796875,100.43345642089844,122.7300033569336
2016-11-02,180.02439880371094,100.87040710449219,123.63999938964844
2016-11-03,179.20037841796875,100.09611511230469,124.30000305175781
2016-11-04,179.00291442871094,100.9930191040039,124.38999938964844
2016-11-07,182.95126342773438,100.13445281982422,122.1500015258789
2016-11-08,183.7752227783203,99.72815704345703,121.63999938964844
2016-11-09,185.72361755371094,95.49646759033203,121.55999755859375
2016-11-10,186.18711853027344,94.08590698242188,119.75
2016-11-11,185.7579345703125,93.55693054199219,117.0999984741211
2016-11-14,185.90386962890625,92.99730682373047,116.11000061035156
2016-11-15,187.35440063476562,93.45728302001953,117.12000274658203
2016-11-16,187.00253295898438,94.30059814453125,116.7699966430664
2016-11-17,187.96385192871094,92.91300201416016,116.16999816894531
2016-11-18,187.5432586669922,92.64472198486328,115.1500015258789
2016-11-21,188.95948791503906,92.87464141845703,115.58000183105469
2016-11-22,189.3285675048828,92.84397888183594,115.54000091552734
2016-11-23,189.43157958984375,92.48368835449219,113.25
2016-11-25,190.1354522705078,92.62167358398438,112.61000061035156
2016-11-28,189.24276733398438,93.30398559570312,113.80000305175781
2016-11-29,189.61181640625,93.6949462890625,113.2699966430664
2016-11-30,189.1569061279297,92.17704010009766,111.75
2016-12-01,188.46173095703125,91.20381927490234,111.54000091552734
2016-12-02,188.55606079101562,91.8720703125,112.13999938964844
2016-12-05,189.6890869140625,91.77220916748047,111.54000091552734
2016-12-06,190.2899169921875,91.70308685302734,111.43000030517578
2016-12-07,192.77906799316406,92.48665618896484,111.83000183105469
2016-12-08,193.25108337402344,91.39581298828125,111.56999969482422
2016-12-09,194.41844177246094,90.25894165039062,110.4000015258789
2016-12-12,194.19532775878906,90.42792510986328,110.81999969482422
2016-12-13,195.49131774902344,90.75055694580078,110.44999694824219
2016-12-14,193.877685546875,89.73661804199219,108.83000183105469
2016-12-15,194.67591857910156,90.1898193359375,107.33999633789062
2016-12-16,194.29515075683594,89.98240661621094,108.05000305175781
2016-12-19,194.71820068359375,90.9502944946289,108.58999633789062
2016-12-20,195.46937561035156,90.49708557128906,107.79000091552734
2016-12-21,194.92543029785156,90.89652252197266,107.8499984741211
2016-12-22,194.5887451171875,90.73403930664062,107.58999633789062
2016-12-23,194.8736572265625,90.91888427734375,107.93000030517578
2016-12-27,195.35714721679688,90.6261978149414,108.55999755859375
2016-12-28,193.74261474609375,91.28851318359375,108.86000061035156
2016-12-29,193.69943237304688,91.61197662353516,110.29000091552734
2016-12-30,192.99148559570312,91.75064086914062,109.61000061035156
2017-01-03,194.46788024902344,92.14342498779297,110.47000122070312
2017-01-04,195.62478637695312,92.49771118164062,110.86000061035156
2017-01-05,195.46937561035156,93.94560241699219,112.58000183105469
2017-01-06,196.168701171875,93.08306884765625,111.75
2017-01-09,195.5211639404297,93.83014678955078,112.66999816894531
2017-01-10,195.5211639404297,93.76852416992188,113.1500015258789
2017-01-11,196.07376098632812,94.08424377441406,113.5
2017-01-12,195.58163452148438,93.87633514404297,113.91000366210938
2017-01-13,196.03062438964844,93.42960357666016,114.20999908447266
2017-01-17,195.3399200439453,94.40776062011719,115.8499984741211
2017-01-18,195.77154541015625,93.19853210449219,114.87000274658203
2017-01-19,195.0463104248047,92.55931854248047,114.7699966430664
2017-01-20,195.76295471191406,92.37450408935547,115.05000305175781
2017-01-23,195.25352478027344,93.29869079589844,115.79000091552734
2017-01-24,196.5054473876953,92.65943908691406,115.2699966430664
2017-01-25,198.20628356933594,91.49647521972656,114.31999969482422
2017-01-26,197.9990997314453,91.80452728271484,113.26000213623047
2017-01-27,197.6883087158203,92.1357421875,113.48999786376953
2017-01-30,196.46231079101562,91.85847473144531,113.97000122070312
2017-01-31,196.4450225830078,92.49771118164062,115.55000305175781
2017-02-01,196.522705078125,91.92578125,115.19999694824219
2017-02-02,196.65219116210938,91.88722229003906,115.83999633789062
2017-02-03,198.00772094726562,91.84858703613281,116.12999725341797
2017-02-06,197.6537322998047,92.40431213378906,117.69999694824219
2017-02-07,197.6623992919922,93.08355712890625,117.45999908447266
2017-02-08,197.92141723632812,94.34935760498047,118.19000244140625
2017-02-09,199.09561157226562,93.26105499267578,117.29000091552734
2017-02-10,199.88121032714844,93.20703125,117.5999984741211
2017-02-13,200.9691162109375,92.91373443603516,116.80000305175781
2017-02-14,201.7720947265625,92.24224090576172,116.93000030517578
2017-02-15,202.82534790039062,91.81771850585938,117.44999694824219
2017-02-16,202.65272521972656,92.31941986083984,118.08000183105469
2017-02-17,202.9721221923828,92.86744689941406,117.68000030517578
2017-02-21,204.18087768554688,92.705322265625,117.75
2017-02-22,203.9995880126953,92.85971069335938,117.91000366210938
2017-02-23,204.13772583007812,93.13755798339844,118.94000244140625
2017-02-24,204.3966827392578,94.17186737060547,119.69999694824219
2017-02-27,204.71612548828125,93.61609649658203,119.12000274658203
2017-02-28,204.16360473632812,93.96343231201172,119.2300033569336
2017-03-01,207.02142333984375,92.38890838623047,119.05999755859375
2017-03-02,205.71771240234375,92.05640411376953,117.58000183105469
2017-03-03,205.84718322753906,92.29618835449219,117.51000213623047
2017-03-06,205.23422241210938,91.85533905029297,116.72000122070312
2017-03-07,204.6212158203125,91.57695007324219,115.77999877929688
2017-03-08,204.24131774902344,91.08204650878906,115.05999755859375
2017-03-09,204.5003204345703,90.3550796508789,114.47000122070312
2017-03-10,205.21693420410156,90.67214965820312,114.72000122070312
2017-03-13,205.32054138183594,90.09991455078125,114.73999786376953
2017-03-14,204.5348663330078,90.53295135498047,114.12000274658203
2017-03-15,206.3048095703125,91.63885498046875,116.25
2017-03-16,205.89898681640625,91.17481231689453,116.7300033569336
2017-03-17,205.5374755859375,91.7470703125,116.98999786376953
2017-03-20,205.31195068359375,92.1414794921875,117.51000213623047
2017-03-21,202.6758575439453,92.9070816040039,118.54000091552734
2017-03-22,203.15274047851562,93.27828979492188,118.83000183105469
2017-03-23,202.93605041503906,93.14681243896484,118.66999816894531
2017-03-24,202.78855895996094,93.47938537597656,118.86000061035156
2017-03-27,202.5804901123047,93.9046630859375,119.52999877929688
2017-03-28,204.0546417236328,93.27828979492188,119.04000091552734
2017-03-29,204.24539184570312,93.83502960205078,119.33000183105469
2017-03-30,204.89573669433594,93.07723236083984,118.47000122070312
2017-03-31,204.41883850097656,93.3478775024414,118.72000122070312
2017-04-03,204.06329345703125,94.28943634033203,119.3499984741211
2017-04-04,204.19337463378906,93.7779769897461,119.62000274658203
2017-04-05,203.58636474609375,94.06473541259766,119.62000274658203
2017-04-06,204.15867614746094,93.92520141601562,119.18000030517578
2017-04-07,203.95054626464844,93.54548645019531,119.45999908447266
2017-04-10,204.07192993164062,93.97944641113281,119.45999908447266
2017-04-11,203.8291778564453,94.87068176269531,121.19000244140625
2017-04-12,202.93605041503906,95.38990020751953,122.0199966430664
2017-04-13,201.61795043945312,95.68437194824219,122.5999984741211
2017-04-17,203.40428161621094,95.38990020751953,122.23999786376953
2017-04-18,202.7972869873047,96.63758087158203,122.81999969482422
2017-04-19,202.42440795898438,96.11062622070312,121.7300033569336
2017-04-20,204.07192993164062,95.73860931396484,121.95999908447266
2017-04-21,203.42164611816406,95.73860931396484,122.30999755859375
2017-04-24,205.6587677001953,95.26591491699219,121.4800033569336
2017-04-25,206.8554229736328,94.11898803710938,120.25
2017-04-26,206.7253875732422,94.63816833496094,120.83999633789062
2017-04-27,206.89877319335938,94.60718536376953,120.38999938964844
2017-04-28,206.44790649414062,94.81646728515625,120.7699966430664
2017-05-01,206.9681854248047,94.02821350097656,119.66999816894531
2017-05-02,207.04629516601562,94.50969696044922,119.6500015258789
2017-05-03,206.7947998046875,94.57183074951172,117.9800033569336
2017-05-04,207.03758239746094,94.10582733154297,116.79000091552734
2017-05-05,207.8527069091797,94.19126892089844,117.01000213623047
2017-05-08,207.8179473876953,93.67870330810547,116.75
2017-05-09,207.627197265625,93.67097473144531,116.05000305175781
2017-05-10,208.00010681152344,93.56224822998047,116.04000091552734
2017-05-11,207.57521057128906,93.56224822998047,116.5
2017-05-12,207.2283477783203,94.2689437866211,116.83000183105469
2017-05-15,208.3729705810547,94.01265716552734,117.13999938964844
2017-05-16,208.1821746826172,94.36213684082031,117.6500015258789
2017-05-17,204.48814392089844,95.73668670654297,119.79000091552734
2017-05-18,205.31195068359375,95.8453369140625,118.80999755859375
2017-05-19,206.64735412597656,96.07063293457031,119.4000015258789
2017-05-22,207.696533203125,95.80655670166016,119.9000015258789
2017-05-23,208.15614318847656,95.16200256347656,119.13999938964844
2017-05-24,208.64175415039062,95.6978530883789,119.61000061035156
2017-05-25,209.6389617919922,95.72891998291016,119.4800033569336
2017-05-26,209.59559631347656,95.89197540283203,120.54000091552734
2017-05-30,209.4134979248047,96.3656997680664,120.13999938964844
2017-05-31,209.3614959716797,96.60643005371094,120.62000274658203
2017-06-01,211.02638244628906,96.61656951904297,120.72000122070312
2017-06-02,211.7288055419922,97.76054382324219,121.61000061035156
2017-06-05,211.57269287109375,97.15354919433594,121.7300033569336
2017-06-06,210.89633178710938,97.68269348144531,123.0999984741211
2017-06-07,211.28656005859375,97.21578216552734,122.44999694824219
2017-06-08,211.39060974121094,96.95893859863281,121.6500015258789
2017-06-09,211.0697784423828,96.81108856201172,120.54000091552734
2017-06-12,211.02638244628906,96.77996826171875,120.36000061035156
2017-06-13,212.0582733154297,96.79557800292969,120.4800033569336
2017-06-14,211.78945922851562,98.28972625732422,119.81999969482422
2017-06-15,211.3818817138672,98.13410186767578,119.31999969482422
2017-06-16,211.42811584472656,98.3286361694336,119.33999633789062
2017-06-19,213.1883087158203,98.18856048583984,118.43000030517578
2017-06-20,211.7505340576172,99.0679702758789,118.18000030517578
2017-06-21,211.69818115234375,99.27031707763672,118.5199966430664
2017-06-22,211.6023712158203,99.48821258544922,118.91999816894531
2017-06-23,211.8551025390625,99.44151306152344,119.43000030517578
2017-06-26,211.99449157714844,99.81504821777344,118.36000061035156
2017-06-27,210.28665161132812,98.74888610839844,118.80999755859375
2017-06-28,212.16876220703125,98.42203521728516,118.9000015258789
2017-06-29,210.30406188964844,97.59711456298828,118.31999969482422
2017-06-30,210.69618225097656,97.3714370727539,118.0199966430664
2017-07-03,211.0534210205078,97.05795288085938,116.08999633789062
2017-07-05,211.54139709472656,97.08132934570312,116.5199966430664
2017-07-06,209.60693359375,96.27814483642578,116.47000122070312
2017-07-07,210.96629333496094,95.70098876953125,115.27999877929688
2017-07-10,211.1927947998047,95.84141540527344,115.47000122070312
2017-07-11,211.03602600097656,96.00517272949219,115.62000274658203
2017-07-12,212.6218719482422,96.66802978515625,116.02999877929688
2017-07-13,212.97914123535156,96.05976867675781,115.81999969482422
2017-07-14,213.97247314453125,96.1767349243164,116.7699966430664
2017-07-17,213.9463653564453,96.4418716430664,117.29000091552734
2017-07-18,214.0596466064453,97.28407287597656,118.11000061035156
2017-07-19,215.21856689453125,97.32308197021484,118.08000183105469
2017-07-20,215.31439208984375,97.60383605957031,118.23999786376953
2017-07-21,215.1226806640625,98.01713562011719,119.26000213623047
2017-07-24,215.07040405273438,97.63504028320312,119.30999755859375
2017-07-25,215.59323120117188,96.36390686035156,118.91999816894531
2017-07-26,215.6019287109375,96.51980590820312,119.87999725341797
2017-07-27,215.40155029296875,96.04412841796875,119.79000091552734
2017-07-28,215.1488494873047,96.61344909667969,120.69000244140625
2017-07-31,215.02684020996094,96.73037719726562,120.75
2017-08-01,215.50613403320312,97.4095458984375,120.6500015258789
2017-08-02,215.61061096191406,97.46426391601562,120.4000015258789
2017-08-03,215.1924285888672,98.47242736816406,120.58999633789062
2017-08-04,215.58448791503906,97.6362075805664,119.6500015258789
2017-08-07,215.9853515625,97.74563598632812,119.51000213623047
2017-08-08,215.4538116455078,97.39393615722656,119.86000061035156
2017-08-09,215.445068359375,97.92533111572266,121.30999755859375
2017-08-10,212.40403747558594,98.7615737915039,122.20999908447266
2017-08-11,212.71771240234375,98.80847930908203,122.79000091552734
2017-08-14,214.82643127441406,98.30046844482422,121.91999816894531
2017-08-15,214.80026245117188,97.88631439208984,120.9800033569336
2017-08-16,215.17498779296875,98.24574279785156,121.87000274658203
2017-08-17,211.82022094726562,98.98041534423828,122.48999786376953
2017-08-18,211.48912048339844,98.95699310302734,122.30000305175781
2017-08-21,211.65464782714844,99.19924926757812,122.76000213623047
2017-08-22,213.86793518066406,98.81632995605469,122.20999908447266
2017-08-23,213.10113525390625,99.48844146728516,122.66999816894531
2017-08-24,212.60443115234375,99.12110900878906,122.29000091552734
2017-08-25,213.10113525390625,99.50404357910156,122.73999786376953
2017-08-28,213.10986328125,99.4415283203125,124.69000244140625
2017-08-29,213.35379028320312,99.76197052001953,124.41999816894531
2017-08-30,214.36460876464844,99.73068237304688,124.36000061035156
2017-08-31,215.65423583984375,100.02765655517578,125.81999969482422
2017-09-01,215.95919799804688,99.26255798339844,126.05999755859375
2017-09-05,214.408203125,100.83666229248047,127.45999908447266
2017-09-06,215.14007568359375,100.21795654296875,126.80999755859375
2017-09-07,215.11399841308594,101.2438735961914,128.1300048828125
2017-09-08,214.8612518310547,101.02461242675781,127.97000122070312
2017-09-11,217.15304565429688,99.81858825683594,126.19000244140625
2017-09-12,217.8848876953125,99.29386138916016,126.55999755859375
2017-09-13,217.9894561767578,98.90233612060547,125.61000061035156
2017-09-14,217.91976928710938,99.30953979492188,126.16000366210938
2017-09-15,218.213134765625,99.34869384765625,125.52999877929688
2017-09-18,218.67726135253906,98.77700805664062,124.36000061035156
2017-09-19,218.89614868164062,98.53421783447266,124.62000274658203
2017-09-20,218.9749755859375,98.60472106933594,123.62000274658203
2017-09-21,218.3882598876953,98.5499267578125,122.68000030517578
2017-09-22,218.43199157714844,98.83182525634766,123.23999786376953
2017-09-25,217.9854736328125,99.45052337646484,124.52999877929688
2017-09-26,218.11679077148438,99.2703857421875,123.13999938964844
2017-09-27,218.96624755859375,97.77461242675781,121.9800033569336
2017-09-28,219.22894287109375,97.48485565185547,122.20999908447266
2017-09-29,219.99951171875,97.70410919189453,121.58000183105469
2017-10-02,220.95404052734375,97.5251693725586,120.7699966430664
2017-10-03,221.4269256591797,97.61933135986328,120.83000183105469
2017-10-04,221.68963623046875,97.62723541259766,121.16999816894531
2017-10-05,223.003173828125,97.25840759277344,120.5199966430664
2017-10-06,222.7491912841797,96.98372650146484,121.08999633789062
2017-10-09,222.3813934326172,97.2897720336914,122.08000183105469
2017-10-10,222.96812438964844,97.44669342041016,122.4000015258789
2017-10-11,223.31845092773438,97.6350326538086,122.79000091552734
2017-10-12,222.98565673828125,98.05095672607422,122.88999938964844
2017-10-13,223.2571258544922,98.75720977783203,123.81999969482422
2017-10-16,223.5548553466797,98.68656921386719,122.97000122070312
2017-10-17,223.7124786376953,98.8121109008789,122.12999725341797
2017-10-18,223.931396484375,98.16082763671875,121.66999816894531
2017-10-19,223.99266052246094,98.33343505859375,122.38999938964844
2017-10-20,225.14859008789062,97.2897720336914,121.61000061035156
2017-10-23,224.27288818359375,97.46243286132812,121.80000305175781
2017-10-24,224.66697692871094,96.858154296875,121.33000183105469
2017-10-25,223.5548553466797,96.39517974853516,121.3499984741211
2017-10-26,223.8438262939453,96.07344055175781,120.33000183105469
2017-10-27,225.67396545410156,96.7090835571289,120.9000015258789
2017-10-30,224.83328247070312,97.6350326538086,121.12999725341797
2017-10-31,225.18362426757812,97.66646575927734,120.66999816894531
2017-11-01,225.48138427734375,98.10128784179688,121.11000061035156
2017-11-02,225.56890869140625,98.5338134765625,121.19000244140625
2017-11-03,226.322021484375,98.80120086669922,120.62000274658203
2017-11-06,226.6723175048828,99.1707992553711,121.6500015258789
2017-11-07,226.51467895507812,99.58755493164062,121.20999908447266
2017-11-08,226.8999786376953,99.3674087524414,121.62999725341797
2017-11-09,226.07684326171875,99.08430480957031,122.12999725341797
2017-11-10,226.00680541992188,97.59017944335938,121.12999725341797
2017-11-13,226.21693420410156,97.79462432861328,121.30999755859375
2017-11-14,225.69151306152344,98.4552001953125,121.55999755859375
2017-11-15,224.56190490722656,99.52465057373047,121.41000366210938
2017-11-16,226.47088623046875,98.65966796875,121.4000015258789
2017-11-17,225.80535888671875,99.39097595214844,122.86000061035156
2017-11-20,226.19065856933594,99.3516616821289,121.30999755859375
2017-11-21,227.67059326171875,99.66622161865234,121.51000213623047
2017-11-22,227.46917724609375,99.98863220214844,122.62999725341797
2017-11-24,227.99456787109375,99.71343994140625,122.31999969482422
2017-11-27,227.88075256347656,99.57185363769531,122.83000183105469
2017-11-28,230.19259643554688,99.7055435180664,122.80999755859375
2017-11-29,230.05247497558594,98.72254180908203,122.04000091552734
2017-11-30,232.06655883789062,98.39227294921875,121.0999984741211
2017-12-01,231.58497619628906,99.72001647949219,121.58999633789062
2017-12-04,231.3046875,99.76729583740234,121.18000030517578
2017-12-05,230.4727783203125,100.26374816894531,120.31999969482422
2017-12-06,230.5165557861328,100.61045837402344,120.06999969482422
2017-12-07,231.24342346191406,99.8224868774414,118.48999786376953
2017-12-08,232.50442504882812,99.8303451538086,118.4800033569336
2017-12-11,233.2048797607422,99.6255111694336,118.01000213623047
2017-12-12,233.61648559570312,99.5860824584961,118.1500015258789
2017-12-13,233.59024047851562,100.33470916748047,119.16999816894531
2017-12-14,232.63572692871094,100.76017761230469,118.93000030517578
2017-12-15,234.57302856445312,101.13838958740234,119.18000030517578
2017-12-18,236.06048583984375,100.21649169921875,119.7300033569336
2017-12-19,235.15391540527344,98.91630554199219,119.81999969482422
2017-12-20,235.03067016601562,97.82101440429688,120.13999938964844
2017-12-21,235.5147247314453,98.39110565185547,120.30999755859375
2017-12-22,235.4531707763672,98.52535247802734,120.94000244140625
2017-12-26,235.1714630126953,98.81753540039062,121.7699966430664
2017-12-27,235.2859649658203,100.10465240478516,122.2300033569336
2017-12-28,235.77001953125,100.01783752441406,122.8499984741211
2017-12-29,234.8810272216797,100.17575073242188,123.6500015258789
2018-01-02,236.56219482421875,99.09390258789062,125.1500015258789
2018-01-03,238.0584259033203,99.56770324707031,124.81999969482422
2018-01-04,239.06185913085938,99.55193328857422,125.45999908447266
2018-01-05,240.65489196777344,99.26761627197266,125.33000183105469
2018-01-08,241.09506225585938,99.20450592041016,125.30999755859375
2018-01-09,241.6406707763672,97.87786865234375,124.7300033569336
2018-01-10,241.2710723876953,97.75938415527344,125.02999877929688
2018-01-11,243.0313262939453,98.1621322631836,125.44000244140625
2018-01-12,244.6157989501953,98.32796478271484,126.95999908447266
2018-01-16,243.7795867919922,98.73856353759766,127.16999816894531
2018-01-17,246.10313415527344,98.60435485839844,126.13999938964844
2018-01-18,245.6894989013672,97.68829345703125,125.86000061035156
2018-01-19,246.80734252929688,97.17505645751953,126.41999816894531
2018-01-22,248.81410217285156,97.26982879638672,126.6500015258789
2018-01-23,249.34228515625,97.68829345703125,127.27999877929688
2018-01-24,249.2453155517578,97.15925598144531,128.8300018310547
2018-01-25,249.3509521484375,97.95683288574219,127.97000122070312
2018-01-26,252.2378692626953,97.59355926513672,128.07000732421875
2018-01-29,250.56561279296875,96.91447448730469,127.3499984741211
2018-01-30,247.9954833984375,96.34589385986328,126.80000305175781
2018-01-31,248.1187286376953,96.91447448730469,127.6500015258789
2018-02-01,247.83702087402344,95.5098876953125,128.07000732421875
2018-02-02,242.44171142578125,94.62366485595703,126.38999938964844
2018-02-05,232.30215454101562,95.51780700683594,126.70999908447266
2018-02-06,236.87904357910156,94.92436981201172,125.37999725341797
2018-02-07,235.59400939941406,94.02230072021484,124.79000091552734
2018-02-08,226.75711059570312,93.91940307617188,124.9800033569336
2018-02-09,230.16336059570312,93.32588195800781,124.7699966430664
2018-02-12,233.54322814941406,93.73738861083984,125.37000274658203
2018-02-13,234.12411499023438,94.15676879882812,126.08000183105469
2018-02-14,237.2838592529297,93.1122817993164,128.22999572753906
2018-02-15,240.31167602539062,93.42879486083984,128.3800048828125
2018-02-16,240.382080078125,93.93521881103516,127.95999908447266
2018-02-20,238.8770294189453,93.52374267578125,126.23999786376953
2018-02-21,237.68878173828125,92.3763427734375,125.66000366210938
2018-02-22,237.996826171875,92.65333557128906,126.30000305175781
2018-02-23,241.7903289794922,93.4762954711914,126.13999938964844
2018-02-26,244.59811401367188,93.5079116821289,126.44999694824219
2018-02-27,241.5438995361328,93.37339782714844,125.12999725341797
2018-02-28,239.09701538085938,93.96688842773438,125.0
2018-03-01,235.6204376220703,94.60830688476562,124.72000122070312
2018-03-02,236.8350067138672,93.83919525146484,125.38999938964844
2018-03-05,239.57237243652344,93.58550262451172,125.18000030517578
2018-03-06,240.17967224121094,93.67268371582031,126.52999877929688
2018-03-07,240.09161376953125,93.56964111328125,125.72000122070312
2018-03-08,241.2534942626953,94.10879516601562,125.41999816894531
2018-03-09,245.45188903808594,93.49034118652344,125.54000091552734
2018-03-12,245.14381408691406,94.02952575683594,125.54000091552734
2018-03-13,243.5594482421875,94.50523376464844,125.77999877929688
2018-03-14,242.3096160888672,95.33777618408203,125.69999694824219
2018-03-15,242.04559326171875,95.33777618408203,124.9000015258789
2018-03-16,242.30804443359375,94.9968490600586,124.5999984741211
2018-03-19,239.029541015625,94.6955337524414,124.87000274658203
2018-03-20,239.43601989746094,94.31494140625,124.30999755859375
2018-03-21,238.9765167236328,94.41802215576172,126.4800033569336
2018-03-22,233.00279235839844,95.35364532470703,125.9800033569336
2018-03-23,228.0364532470703,95.28231048583984,127.61000061035156
2018-03-26,234.27529907226562,94.91756439208984,128.27999877929688
2018-03-27,230.28985595703125,95.93243408203125,127.48999786376953
2018-03-28,229.6094512939453,96.1861572265625,125.7300033569336
2018-03-29,232.54331970214844,96.65400695800781,125.79000091552734
2018-04-02,227.52394104003906,96.84469604492188,127.26000213623047
2018-04-03,230.4401397705078,96.09779357910156,126.30000305175781
2018-04-04,232.90562438964844,95.89912414550781,126.44999694824219
2018-04-05,234.74368286132812,95.18396759033203,125.80000305175781
2018-04-06,229.51219177246094,96.22492218017578,126.38999938964844
2018-04-09,230.6433563232422,96.38385772705078,126.81999969482422
2018-04-10,234.31068420410156,96.20903015136719,127.12000274658203
2018-04-11,233.0823516845703,96.55069732666016,128.11000061035156
2018-04-12,234.99996948242188,95.84349060058594,126.62000274658203
2018-04-13,234.31068420410156,96.06597137451172,127.44999694824219
2018-04-16,236.23707580566406,96.09779357910156,127.62999725341797
2018-04-17,238.76451110839844,96.35994720458984,127.75
2018-04-18,238.94119262695312,95.58922576904297,127.8499984741211
2018-04-19,237.61561584472656,94.81053161621094,127.5999984741211
2018-04-20,235.6008758544922,94.1271743774414,126.62999725341797
2018-04-23,235.56552124023438,94.1510009765625,125.62000274658203
2018-04-24,232.39306640625,93.72196960449219,126.2300033569336
2018-04-25,232.96739196777344,93.09420776367188,125.41000366210938
2018-04-26,235.335693359375,93.74578857421875,124.97000122070312
2018-04-27,235.55667114257812,94.46887969970703,125.5
2018-04-30,233.74510192871094,94.6357421875,124.58999633789062
2018-05-01,234.16041564941406,94.29491424560547,123.70999908447266
2018-05-02,232.58749389648438,94.1913833618164,123.6500015258789
2018-05-03,232.0748748779297,94.6133804321289,124.27999877929688
2018-05-04,235.0794677734375,94.75676727294922,124.54000091552734
2018-05-07,235.874755859375,94.60546112060547,124.56999969482422
2018-05-08,235.874755859375,94.51788330078125,124.58999633789062
2018-05-09,238.15469360351562,93.95246887207031,124.33000183105469
2018-05-10,240.3816680908203,94.708984375,125.18000030517578
2018-05-11,241.1150665283203,94.94788360595703,125.0
2018-05-14,241.22999572753906,94.44619750976562,124.48999786376953
2018-05-15,239.568603515625,93.37109375,122.4800033569336
2018-05-16,240.5760498046875,93.01276397705078,122.29000091552734
2018-05-17,240.37274169921875,92.54293823242188,122.36000061035156
2018-05-18,239.77194213867188,93.33927154541016,122.41000366210938
2018-05-21,241.5745849609375,93.38705444335938,122.4800033569336
2018-05-22,240.90301513671875,93.24372100830078,122.41000366210938
2018-05-23,241.56576538085938,93.92060089111328,122.54000091552734
2018-05-24,241.0708770751953,94.6691665649414,123.58999633789062
2018-05-25,240.49649047851562,95.2585220336914,123.20999908447266
2018-05-29,237.73057556152344,97.34489440917969,123.19000244140625
2018-05-30,240.90301513671875,96.69187927246094,123.37000274658203
2018-05-31,239.4271697998047,96.53263854980469,123.0999984741211
2018-06-01,241.77777099609375,96.02256774902344,122.48999786376953
2018-06-04,242.92669677734375,95.3281478881836,122.37000274658203
2018-06-05,243.1034393310547,95.55164337158203,122.8499984741211
2018-06-06,245.1358642578125,94.77737426757812,122.91999816894531
2018-06-07,245.10939025878906,95.69532775878906,122.86000061035156
2018-06-08,245.8339385986328,95.40796661376953,123.01000213623047
2018-06-11,246.16098022460938,95.23236846923828,123.2300033569336
2018-06-12,246.4790496826172,95.2563247680664,122.81999969482422
2018-06-13,245.69261169433594,95.20841979980469,123.19000244140625
2018-06-14,246.3112030029297,95.9986343383789,123.37999725341797
2018-06-15,245.9969940185547,96.08639526367188,121.33999633789062
2018-06-18,245.4910125732422,95.9986343383789,121.11000061035156
2018-06-19,244.55003356933594,96.5573501586914,120.80000305175781
2018-06-20,244.96728515625,95.7112808227539,120.26000213623047
2018-06-21,243.43162536621094,96.21415710449219,120.05000305175781
2018-06-22,243.87548828125,96.20613098144531,120.33999633789062
2018-06-25,240.55557250976562,96.4216537475586,119.88999938964844
2018-06-26,241.08822631835938,96.5573501586914,119.26000213623047
2018-06-27,239.0910186767578,97.46730041503906,118.58000183105469
2018-06-28,240.45799255371094,97.49128723144531,118.22000122070312
2018-06-29,240.8041534423828,97.156005859375,118.6500015258789
2018-07-02,241.3189697265625,97.08000946044922,117.45999908447266
2018-07-03,240.46685791015625,97.60000610351562,118.6500015258789
2018-07-05,242.42855834960938,97.88002014160156,119.05000305175781
2018-07-06,244.47911071777344,98.20000457763672,118.86000061035156
2018-07-09,246.6804962158203,97.56800079345703,119.1500015258789
2018-07-10,247.56808471679688,97.55999755859375,118.93000030517578
2018-07-11,245.75723266601562,97.93599700927734,117.63999938964844
2018-07-12,247.9853057861328,97.92798614501953,118.12999725341797
2018-07-13,248.18055725097656,98.17601776123047,117.61000061035156
2018-07-16,247.95867919921875,97.76799774169922,117.55000305175781
2018-07-17,248.96176147460938,97.58399963378906,116.27999877929688
2018-07-18,249.48544311523438,97.19197845458984,116.30999755859375
2018-07-19,248.54449462890625,97.80799865722656,115.80999755859375
2018-07-20,248.26046752929688,96.60804748535156,116.55999755859375
2018-07-23,248.72213745117188,95.41596984863281,116.0
2018-07-24,249.9736785888672,95.7439956665039,116.04000091552734
2018-07-25,252.10409545898438,95.59197998046875,116.68000030517578
2018-07-26,251.50927734375,95.40802001953125,115.7699966430664
2018-07-27,249.8050537109375,95.5680160522461,115.83000183105469
2018-07-30,248.50013732910156,95.2400131225586,115.6500015258789
2018-07-31,249.72515869140625,95.75995635986328,115.98999786376953
2018-08-01,249.30789184570312,94.97986602783203,115.13999938964844
2018-08-02,250.6660919189453,95.11614990234375,114.5199966430664
2018-08-03,251.74014282226562,95.58924102783203,114.91999816894531
2018-08-06,252.66323852539062,95.64533996582031,114.33000183105469
2018-08-07,253.49758911132812,95.14823913574219,114.58999633789062
2018-08-08,253.39114379882812,95.24445343017578,114.91000366210938
2018-08-09,253.04495239257812,96.04620361328125,114.73999786376953
2018-08-10,251.3495635986328,96.74381256103516,114.69000244140625
2018-08-13,250.40863037109375,96.54335021972656,112.95999908447266
2018-08-14,252.00636291503906,96.32683563232422,113.06999969482422
2018-08-15,250.12451171875,96.88812255859375,111.19000244140625
2018-08-16,252.14840698242188,96.88009643554688,111.0999984741211
2018-08-17,253.0360565185547,97.00037384033203,112.12999725341797
2018-08-20,253.5775909423828,97.64981842041016,112.69000244140625
2018-08-21,254.1723175048828,97.3210678100586,113.0199966430664
2018-08-22,254.0213623046875,97.70591735839844,113.2699966430664
2018-08-23,253.6841278076172,97.85830688476562,112.19999694824219
2018-08-24,255.21083068847656,98.05068969726562,114.16000366210938
2018-08-27,257.22589111328125,97.48943328857422,114.58999633789062
2018-08-28,257.3502197265625,96.90414428710938,113.68000030517578
2018-08-29,258.73486328125,97.032470703125,114.19999694824219
2018-08-30,257.68743896484375,97.24092864990234,113.63999938964844
2018-08-31,257.6962890625,97.01642608642578,113.51000213623047
2018-09-04,257.25244140625,96.45552062988281,112.93000030517578
2018-09-05,256.5600280761719,96.19834899902344,113.31999969482422
2018-09-06,255.787841796875,96.5519027709961,113.54000091552734
2018-09-07,255.29080200195312,95.73228454589844,113.2300033569336
2018-09-10,255.73455810546875,96.0858383178711,113.1500015258789
2018-09-11,256.5778503417969,95.35457611083984,113.22000122070312
2018-09-12,256.6400451660156,95.57955932617188,114.16999816894531
2018-09-13,258.15789794921875,95.72420501708984,113.76000213623047
2018-09-14,258.2022705078125,95.26620483398438,113.0199966430664
2018-09-17,256.8352355957031,95.26620483398438,113.61000061035156
2018-09-18,258.2289733886719,94.26971435546875,113.44000244140625
2018-09-19,258.5040588378906,93.70720672607422,113.87999725341797
2018-09-20,260.5989074707031,94.14115142822266,114.2699966430664
2018-09-21,260.3609313964844,94.10094451904297,113.48999786376953
2018-09-24,259.4959411621094,93.85987091064453,113.47000122070312
2018-09-25,259.2552185058594,93.76345825195312,113.6500015258789
2018-09-26,258.4794006347656,94.42243194580078,113.05000305175781
2018-09-27,259.20159912109375,94.4866943359375,112.05000305175781
2018-09-28,259.228515625,94.23753356933594,112.76000213623047
2018-10-01,260.12908935546875,93.54573822021484,112.56999969482422
2018-10-02,259.9775390625,94.11758422851562,113.87000274658203
2018-10-03,260.12017822265625,92.48262786865234,113.41999816894531
2018-10-04,258.0870666503906,91.83027648925781,113.4800033569336
2018-10-05,256.6424865722656,91.0410385131836,113.80000305175781
2018-10-08,256.6424865722656,90.73497009277344,112.54000091552734
2018-10-09,256.26806640625,91.65310668945312,112.5999984741211
2018-10-10,248.1537628173828,91.40343475341797,112.87999725341797
2018-10-11,242.68789672851562,92.51487731933594,115.77999877929688
2018-10-12,246.05838012695312,92.19270324707031,115.2300033569336
2018-10-15,244.67625427246094,92.15241241455078,116.0
2018-10-16,250.0262908935547,92.36183166503906,115.80000305175781
2018-10-17,250.07086181640625,91.8141860961914,115.79000091552734
2018-10-18,246.45957946777344,91.78193664550781,115.91999816894531
2018-10-19,246.32582092285156,91.58060455322266,116.01000213623047
2018-10-22,245.2201690673828,91.45978546142578,115.70999908447266
2018-10-23,243.97183227539062,91.74976348876953,116.38999938964844
2018-10-24,236.5797882080078,92.44237518310547,116.66000366210938
2018-10-25,240.82415771484375,92.0558090209961,116.4000015258789
2018-10-26,236.58871459960938,92.61150360107422,116.7699966430664
2018-10-29,235.27796936035156,92.40208435058594,116.30999755859375
2018-10-30,238.76443481445312,91.94306182861328,115.80000305175781
2018-10-31,241.3146209716797,91.47589111328125,115.1500015258789
2018-11-01,243.88267517089844,91.56067657470703,116.62999725341797
2018-11-02,242.4381103515625,90.42228698730469,116.6500015258789
2018-11-05,243.77565002441406,90.77754974365234,116.37000274658203
2018-11-06,245.3182373046875,90.72103118896484,116.04000091552734
2018-11-07,250.5701904296875,90.8421401977539,116.02999877929688
2018-11-08,250.11549377441406,90.8340835571289,115.77999877929688
2018-11-09,247.67236328125,91.51222229003906,114.4800033569336
2018-11-12,243.04444885253906,92.10965728759766,113.66000366210938
2018-11-13,242.5897674560547,92.05313873291016,113.69999694824219
2018-11-14,240.9311981201172,92.10965728759766,114.63999938964844
2018-11-15,243.44573974609375,92.06932830810547,114.7699966430664
2018-11-16,244.07887268066406,92.60211181640625,115.62000274658203
2018-11-19,239.95033264160156,92.86052703857422,115.66999816894531
2018-11-20,235.5098114013672,92.89277648925781,115.66999816894531
2018-11-21,236.3123016357422,92.86052703857422,115.86000061035156
2018-11-23,234.7340545654297,92.95738983154297,115.7699966430664
2018-11-26,238.5237274169922,92.74749755859375,115.63999938964844
2018-11-27,239.32618713378906,92.85243225097656,114.94999694824219
2018-11-28,244.83676147460938,92.40030670166016,115.37999725341797
2018-11-29,244.3017120361328,92.76363372802734,115.73999786376953
2018-11-30,245.79087829589844,93.11073303222656,115.54000091552734
2018-12-03,249.0454864501953,93.77188110351562,116.41000366210938
2018-12-04,240.9757537841797,95.34178161621094,117.12000274658203
2018-12-06,240.61016845703125,95.64118194580078,117.13999938964844
2018-12-07,235.0194091796875,95.81922149658203,118.08999633789062
2018-12-10,235.46522521972656,96.21578979492188,117.68000030517578
2018-12-11,235.51876831054688,96.19954681396484,117.54000091552734
2018-12-12,236.70465087890625,95.77066040039062,117.79000091552734
2018-12-13,236.6244354248047,95.54411315917969,117.52999877929688
2018-12-14,232.25518798828125,95.87586975097656,117.05999755859375
2018-12-17,227.69873046875,96.43423461914062,117.87000274658203
2018-12-18,227.44903564453125,97.01177215576172,118.1500015258789
2018-12-19,224.04287719726562,98.29331970214844,117.43000030517578
2018-12-20,220.3958740234375,97.93644714355469,119.23999786376953
2018-12-21,215.88006591796875,97.92021942138672,118.72000122070312
2018-12-24,210.1758575439453,98.40689849853516,120.0199966430664
2018-12-26,220.7949981689453,97.35240173339844,119.66000366210938
2018-12-27,222.49012756347656,97.36864471435547,120.56999969482422
2018-12-28,222.20310974121094,98.18790435791016,121.05999755859375
2018-12-31,224.14939880371094,98.5610580444336,121.25
2019-01-02,224.3825225830078,99.08010864257812,121.33000183105469
2019-01-03,219.02810668945312,100.20762634277344,122.43000030517578
2019-01-04,226.3646697998047,99.04769897460938,121.44000244140625
2019-01-07,228.1494140625,98.75566101074219,121.86000061035156
2019-01-08,230.29296875,98.4961166381836,121.52999877929688
2019-01-09,231.36929321289062,98.34200286865234,122.30999755859375
2019-01-10,232.1854248046875,97.70933532714844,121.58999633789062
2019-01-11,232.27508544921875,98.09053039550781,121.80000305175781
2019-01-14,230.8580780029297,97.7255630493164,122.08999633789062
2019-01-15,233.50387573242188,97.36864471435547,121.87999725341797
2019-01-16,234.06887817382812,97.46598052978516,122.2699966430664
2019-01-17,235.84474182128906,97.49028778076172,122.11000061035156
2019-01-18,238.9837646484375,96.97930145263672,121.0199966430664
2019-01-22,235.7550048828125,97.63631439208984,121.44999694824219
2019-01-23,236.24835205078125,97.59576416015625,121.27999877929688
2019-01-24,236.3738555908203,98.23658752441406,121.08999633789062
2019-01-25,238.37393188476562,97.76611328125,122.86000061035156
2019-01-28,236.562255859375,97.66874694824219,123.29000091552734
2019-01-29,236.24835205078125,98.16355895996094,123.9800033569336
2019-01-30,239.9882354736328,98.09053039550781,124.69000244140625
2019-01-31,242.09597778320312,98.93416595458984,124.75
2019-02-01,242.2125701904297,98.33658599853516,124.5
2019-02-04,243.9166717529297,97.89761352539062,123.95999908447266
2019-02-05,244.93914794921875,98.34473419189453,124.27999877929688
2019-02-06,244.61624145507812,98.39351654052734,123.44000244140625
2019-02-07,242.28439331054688,99.04389953613281,123.73999786376953
2019-02-08,242.5802764892578,99.46665954589844,124.20999908447266
2019-02-11,242.71484375,99.07640075683594,123.5999984741211
2019-02-12,245.8359375,98.82437896728516,123.86000061035156
2019-02-13,246.63424682617188,98.45042419433594,123.37000274658203
2019-02-14,246.0871124267578,99.0113754272461,124.05999755859375
2019-02-15,248.768798828125,99.16582489013672,124.80000305175781
2019-02-19,249.19931030273438,99.41786193847656,126.69999694824219
2019-02-20,249.70155334472656,99.1333236694336,126.4800033569336
2019-02-21,248.8136749267578,98.24720764160156,125.05000305175781
2019-02-22,250.35633850097656,98.83252716064453,125.5
2019-02-25,250.69703674316406,98.53984069824219,125.37000274658203
2019-02-26,250.51776123046875,99.027587890625,125.58000183105469
2019-02-27,250.41012573242188,97.9057388305664,124.69000244140625
2019-02-28,249.9437713623047,97.57242584228516,123.98999786376953
2019-03-01,251.50433349609375,96.67059326171875,121.87999725341797
2019-03-04,250.5894317626953,97.4281997680664,121.55999755859375
2019-03-05,250.24867248535156,97.63188171386719,121.72000122070312
2019-03-06,248.73297119140625,97.9903793334961,121.61000061035156
2019-03-07,246.65216064453125,98.62580871582031,121.51000213623047
2019-03-08,246.1588897705078,99.0412826538086,122.83999633789062
2019-03-11,249.72848510742188,98.74797821044922,122.23999786376953
2019-03-12,250.6702423095703,99.44047546386719,122.9800033569336
2019-03-13,252.32945251464844,99.25309753417969,123.83999633789062
2019-03-14,252.1679229736328,98.53620147705078,122.41000366210938
2019-03-15,253.41387939453125,99.18792724609375,122.97000122070312
2019-03-18,254.33267211914062,99.13092803955078,123.04000091552734
2019-03-19,254.3957977294922,98.91093444824219,123.37999725341797
2019-03-20,253.6300506591797,99.94558715820312,124.18000030517578
2019-03-21,256.4947204589844,100.16551971435547,123.68000030517578
2019-03-22,251.55819702148438,101.72160339355469,123.97000122070312
2019-03-25,251.3689422607422,101.88451385498047,124.91999816894531
2019-03-26,253.24267578125,101.81121063232422,124.30000305175781
2019-03-27,251.91844177246094,102.74812316894531,123.6500015258789
2019-03-28,252.87338256835938,103.10658264160156,121.9000015258789
2019-03-29,254.46792602539062,103.00880432128906,122.01000213623047
2019-04-01,257.485595703125,101.54566955566406,121.52999877929688
2019-04-02,257.61175537109375,101.73345184326172,121.9800033569336
2019-04-03,258.01715087890625,100.85166931152344,121.80000305175781
2019-04-04,258.7016906738281,101.13742065429688,122.11000061035156
2019-04-05,259.9538879394531,101.2680892944336,121.9800033569336
2019-04-08,260.15216064453125,100.9088363647461,122.51000213623047
2019-04-09,258.81884765625,101.2272720336914,123.1500015258789
2019-04-10,259.7017517089844,101.47218322753906,123.52999877929688
2019-04-11,259.629638671875,100.87613677978516,121.94999694824219
2019-04-12,261.3863220214844,100.15764617919922,121.83000183105469
2019-04-15,261.215087890625,100.41075897216797,121.5999984741211
2019-04-16,261.3863220214844,99.7820816040039,120.51000213623047
2019-04-17,260.7466125488281,99.8228988647461,120.27999877929688
2019-04-18,261.26019287109375,100.34544372558594,120.37000274658203
2019-04-22,261.48529052734375,99.86370849609375,120.37000274658203
2019-04-23,263.8365478515625,100.0760269165039,120.12000274658203
2019-04-24,263.2510070800781,100.8924789428711,120.47000122070312
2019-04-25,263.0888366699219,100.7455062866211,120.56999969482422
2019-04-26,264.31402587890625,101.08846282958984,121.37000274658203
2019-04-29,264.7283630371094,100.44342803955078,120.83000183105469
2019-04-30,264.8634338378906,100.95780181884766,121.19999694824219
2019-05-01,262.87255859375,101.3742446899414,120.4000015258789
2019-05-02,262.30511474609375,100.89154815673828,119.94000244140625
2019-05-03,264.87249755859375,101.17791748046875,120.6500015258789
2019-05-06,263.7824401855469,101.45612335205078,120.80999755859375
2019-05-07,259.37738037109375,102.23338317871094,121.20999908447266
2019-05-08,259.0170593261719,101.79156494140625,120.91000366210938
2019-05-09,258.23333740234375,102.20882415771484,121.19999694824219
2019-05-10,259.530517578125,102.06974792480469,121.43000030517578
2019-05-13,253.00843811035156,102.87154388427734,122.66999816894531
2019-05-14,255.2966766357422,102.5688705444336,122.45999908447266
2019-05-15,256.7919616699219,103.19886779785156,122.38999938964844
2019-05-16,259.17022705078125,102.85516357421875,121.51000213623047
2019-05-17,257.4946594238281,103.0843276977539,120.6500015258789
2019-05-20,255.7920684814453,102.87154388427734,120.63999938964844
2019-05-21,258.0981750488281,102.70793151855469,120.36000061035156
2019-05-22,257.30548095703125,103.29705810546875,120.23999786376953
2019-05-23,254.1615753173828,104.45885467529297,121.16999816894531
2019-05-24,254.73805236816406,104.54885864257812,121.30000305175781
2019-05-28,252.368896484375,105.3016128540039,120.83000183105469
2019-05-29,250.67532348632812,105.62071228027344,120.87000274658203
2019-05-30,251.3599395751953,106.52889251708984,121.69000244140625
2019-05-31,247.9728240966797,107.86257934570312,123.33000183105469
2019-06-03,247.34217834472656,108.58404541015625,125.11000061035156
2019-06-04,252.71119689941406,107.34603881835938,125.1500015258789
2019-06-05,254.9002227783203,106.73929595947266,125.47000122070312
2019-06-06,256.5577392578125,107.08370971679688,125.87999725341797
2019-06-07,259.1252136230469,108.01014709472656,126.58999633789062
2019-06-10,260.3143310546875,106.99349975585938,125.33000183105469
2019-06-11,260.2512512207031,107.05907440185547,125.18000030517578
2019-06-12,259.7917785644531,107.14106750488281,125.83000183105469
2019-06-13,260.86383056640625,107.51005554199219,126.5999984741211
2019-06-14,260.5754699707031,107.78059387207031,126.55999755859375
2019-06-17,260.674560546875,107.96912384033203,126.4800033569336
2019-06-18,263.40411376953125,108.51025390625,127.12000274658203
2019-06-19,263.9986267089844,108.66605377197266,127.88999938964844
2019-06-20,266.5210876464844,108.95297241210938,131.11000061035156
2019-06-21,266.13360595703125,107.75592803955078,131.97999572753906
2019-06-24,265.80780029296875,108.55946350097656,133.94000244140625
2019-06-25,263.2007141113281,108.8956298828125,134.1999969482422
2019-06-26,262.9381408691406,108.19868469238281,132.97000122070312
2019-06-27,263.8704833984375,108.96118927001953,132.83999633789062
2019-06-28,265.2283935546875,108.88738250732422,133.1999969482422
2019-07-01,267.63629150390625,108.63272857666016,130.6199951171875
2019-07-02,268.33319091796875,109.47064971923828,133.41000366210938
2019-07-03,270.4786071777344,110.25104522705078,133.6300048828125
2019-07-05,270.1707763671875,108.7887954711914,132.13999938964844
2019-07-08,268.68634033203125,108.93671417236328,131.2899932861328
2019-07-09,269.021240234375,108.89561462402344,131.75
2019-07-10,270.306640625,108.29593658447266,133.8300018310547
2019-07-11,270.940185546875,106.85009765625,132.6999969482422
2019-07-12,272.15325927734375,106.97331237792969,133.52999877929688
2019-07-15,272.2437744140625,107.58942413330078,133.52999877929688
2019-07-16,271.36572265625,107.26905822753906,132.39999389648438
2019-07-17,269.51910400390625,108.42738342285156,134.5800018310547
2019-07-18,270.5057067871094,108.4355697631836,136.47999572753906
2019-07-19,269.0030822753906,108.18089294433594,134.47000122070312
2019-07-22,269.6638488769531,108.38629913330078,134.4499969482422
2019-07-23,271.5920104980469,107.7948226928711,133.69000244140625
2019-07-24,272.868408203125,108.26307678222656,134.3699951171875
2019-07-25,271.56488037109375,107.74554443359375,133.4199981689453
2019-07-26,273.3843688964844,108.00021362304688,133.63999938964844
2019-07-29,272.886474609375,108.03303527832031,134.52999877929688
2019-07-30,272.2165832519531,108.29593658447266,134.97999572753906
2019-07-31,269.23846435546875,109.16670227050781,133.2100067138672
2019-08-01,266.8939514160156,111.33473205566406,136.41000366210938
2019-08-02,264.88446044921875,112.36365509033203,135.88999938964844
2019-08-05,256.9185485839844,114.30619812011719,137.7899932861328
2019-08-06,260.52130126953125,115.21989440917969,138.91000366210938
2019-08-07,260.67510986328125,115.26106262207031,141.02000427246094
2019-08-08,265.78961181640625,115.50799560546875,141.72999572753906
2019-08-09,263.97918701171875,115.27748107910156,141.25999450683594
2019-08-12,260.7656555175781,117.68103790283203,142.6300048828125
2019-08-13,264.8210144042969,117.27769470214844,141.77999877929688
2019-08-14,256.9909973144531,119.91990661621094,142.75
2019-08-15,257.669921875,121.25336456298828,143.6999969482422
2019-08-16,261.4718017578125,120.28211212158203,142.77999877929688
2019-08-19,264.6218566894531,118.5617446899414,141.11000061035156
2019-08-20,262.5942077636719,119.78825378417969,142.2100067138672
2019-08-21,264.7304382324219,118.98974609375,141.75999450683594
2019-08-22,264.6490173339844,118.19963073730469,141.39999389648438
2019-08-23,257.8508605957031,120.14210510253906,144.1699981689453
2019-08-26,260.7022705078125,119.65650177001953,144.19000244140625
2019-08-27,259.6794128417969,121.50027465820312,145.57000732421875
2019-08-28,261.5079345703125,121.65665435791016,145.16000366210938
2019-08-29,264.84820556640625,121.19578552246094,144.1199951171875
2019-08-30,264.7304382324219,121.22865295410156,143.75
2019-09-03,263.18255615234375,121.38532257080078,145.75
2019-09-04,266.1697998046875,121.56671905517578,146.66000366210938
2019-09-05,269.5914611816406,119.3651123046875,143.13999938964844
2019-09-06,269.79962158203125,120.21434783935547,141.9199981689453
2019-09-09,269.93548583984375,118.07878112792969,141.38999938964844
2019-09-10,269.8720703125,116.00910949707031,140.17999267578125
2019-09-11,271.79119873046875,115.80297088623047,141.02999877929688
2019-09-12,272.7326354980469,115.04437255859375,141.32000732421875
2019-09-13,272.55157470703125,112.5871353149414,140.14999389648438
2019-09-16,271.70965576171875,114.02189636230469,141.32000732421875
2019-09-17,272.397705078125,114.64028930664062,141.60000610351562
2019-09-18,272.56060791015625,115.1268310546875,140.7100067138672
2019-09-19,272.5424499511719,115.47308349609375,141.27999877929688
2019-09-20,271.25482177734375,116.99864959716797,142.9499969482422
2019-09-23,271.19110107421875,116.97384643554688,143.75
2019-09-24,269.06317138671875,118.38387298583984,144.50999450683594
2019-09-25,270.6546325683594,116.6523208618164,141.8300018310547
2019-09-26,270.0908508300781,117.40269470214844,141.7899932861328
2019-09-27,268.6357727050781,117.69119262695312,141.05999755859375
2019-09-30,269.88165283203125,117.97985076904297,138.8699951171875
2019-10-01,266.6714782714844,118.3349838256836,139.6300048828125
2019-10-02,261.96075439453125,118.62416076660156,141.25999450683594
2019-10-03,264.10699462890625,119.7061996459961,141.89999389648438
2019-10-04,267.68084716796875,120.59001922607422,141.89999389648438
2019-10-07,266.5258483886719,119.590576171875,140.69000244140625
2019-10-08,262.3882141113281,119.91273498535156,141.9199981689453
2019-10-09,264.87982177734375,119.23535919189453,142.0500030517578
2019-10-10,266.6714782714844,117.4594497680664,140.80999755859375
2019-10-11,269.4360656738281,116.00569152832031,140.02999877929688
2019-10-14,269.1358947753906,116.84819030761719,140.58999633789062
2019-10-15,271.8004150390625,115.43563842773438,139.61000061035156
2019-10-16,271.3639221191406,115.57613372802734,140.41000366210938
2019-10-17,272.1641845703125,115.2953109741211,140.61000061035156
2019-10-18,270.9729309082031,115.2953109741211,140.4600067138672
2019-10-21,272.8098449707031,114.42790222167969,139.7899932861328
2019-10-22,271.9186706542969,115.0970687866211,140.1999969482422
2019-10-23,272.7098388671875,115.21263885498047,140.52999877929688
2019-10-24,273.15545654296875,114.98141479492188,141.52999877929688
2019-10-25,274.2740478515625,114.41972351074219,141.86000061035156
2019-10-28,275.8199768066406,113.3789291381836,140.63999938964844
2019-10-29,275.7381286621094,113.45329284667969,140.25
2019-10-30,276.58380126953125,115.11356353759766,141.02000427246094
2019-10-31,275.8473205566406,116.66645812988281,142.42999267578125
2019-11-01,278.4027099609375,116.30735778808594,142.55999755859375
2019-11-04,279.5212097167969,114.77658081054688,142.14999389648438
2019-11-05,279.2120666503906,113.48570251464844,139.85000610351562
2019-11-06,279.27569580078125,114.17251586914062,140.4499969482422
2019-11-07,280.2577819824219,112.10389709472656,138.27000427246094
2019-11-08,280.948974609375,111.63227844238281,137.38999938964844
2019-11-11,280.4123840332031,111.70668029785156,137.05999755859375
2019-11-12,281.0035095214844,112.2197265625,137.42999267578125
2019-11-13,281.0944519042969,112.94791412353516,137.97999572753906
2019-11-14,281.50372314453125,114.11457824707031,138.55999755859375
2019-11-15,283.5408020019531,113.99051666259766,138.2100067138672
2019-11-18,283.7499084472656,114.19737243652344,138.6199951171875
2019-11-19,283.66802978515625,115.14891815185547,138.69000244140625
2019-11-20,282.6131591796875,116.34049224853516,138.75999450683594
2019-11-21,282.1584777832031,115.61224365234375,138.0
2019-11-22,282.7860107421875,115.76121520996094,137.74000549316406
2019-11-25,284.97760009765625,116.10052490234375,137.0800018310547
2019-11-26,285.623291015625,116.77898406982422,137.74000549316406
2019-11-27,286.89642333984375,116.43974304199219,137.00999450683594
2019-11-29,285.83245849609375,116.19148254394531,137.86000061035156
2019-12-02,283.4043273925781,114.64234161376953,137.7899932861328
2019-12-03,281.50372314453125,117.04609680175781,139.11000061035156
2019-12-04,283.2406311035156,115.8773422241211,138.9199981689453
2019-12-05,283.7499084472656,115.31375122070312,139.0
2019-12-06,286.3416442871094,114.67547607421875,137.6199951171875
2019-12-09,285.44134521484375,114.92411804199219,137.5800018310547
2019-12-10,285.12310791015625,114.93244171142578,137.97000122070312
2019-12-11,285.9324645996094,115.8359375,138.9199981689453
2019-12-12,288.3969421386719,113.92950439453125,138.42999267578125
2019-12-13,288.5697021484375,115.24737548828125,139.0500030517578
2019-12-16,290.55224609375,114.21133422851562,139.0399932861328
2019-12-17,290.61590576171875,114.05384063720703,139.00999450683594
2019-12-18,290.6340026855469,113.1171875,139.02000427246094
2019-12-19,291.825439453125,113.29816436767578,139.3800048828125
2019-12-20,293.104736328125,113.44763946533203,139.52000427246094
2019-12-23,293.5525207519531,113.28158569335938,139.9499969482422
2019-12-24,293.56170654296875,113.60530853271484,141.27000427246094
2019-12-26,295.1244201660156,113.8792953491211,142.3800048828125
2019-12-27,295.05126953125,114.00385284423828,142.3300018310547
2019-12-30,293.42462158203125,113.58873748779297,142.6300048828125
2019-12-31,294.1373291015625,112.47628784179688,142.89999389648438
2020-01-02,296.88818359375,113.74650573730469,143.9499969482422
2020-01-03,294.6400451660156,115.49824523925781,145.86000061035156
2020-01-06,295.76409912109375,114.84236145019531,147.38999938964844
2020-01-07,294.9325256347656,114.27778625488281,147.97000122070312
2020-01-08,296.50445556640625,113.5223159790039,146.86000061035156
2020-01-09,298.5148620605469,113.92086791992188,146.02999877929688
2020-01-10,297.65582275390625,114.93364715576172,146.91000366210938
2020-01-13,299.702880859375,114.58497619628906,145.82000732421875
2020-01-14,299.2459411621094,115.17447662353516,145.69000244140625
2020-01-15,299.922119140625,115.93821716308594,146.5399932861328
2020-01-16,302.4170837402344,115.5728988647461,146.30999755859375
2020-01-17,303.35833740234375,114.58497619628906,146.5800018310547
2020-01-21,302.76434326171875,115.78881072998047,146.74000549316406
2020-01-22,302.80096435546875,116.19559478759766,146.7899932861328
2020-01-23,303.1481628417969,117.00919342041016,147.1199951171875
2020-01-24,300.4522399902344,117.95561981201172,147.97999572753906
2020-01-27,295.6361389160156,119.7903823852539,148.99000549316406
2020-01-28,298.73419189453125,118.85227966308594,147.66000366210938
2020-01-29,298.4874572753906,120.01451110839844,148.4600067138672
2020-01-30,299.4561462402344,120.03118896484375,148.47000122070312
2020-01-31,294.0185852050781,121.12700653076172,149.3300018310547
2020-02-03,296.2027893066406,121.02888488769531,148.36000061035156
2020-02-04,300.71728515625,119.39904022216797,146.42999267578125
2020-02-05,304.18988037109375,118.0933609008789,146.61000061035156
2020-02-06,305.2135314941406,118.62560272216797,147.39999389648438
2020-02-07,303.58685302734375,120.1058578491211,147.7899932861328
2020-02-10,305.8531494140625,120.43850708007812,148.1699981689453
2020-02-11,306.38330078125,119.8314208984375,147.66000366210938
2020-02-12,308.3572082519531,119.224365234375,147.5399932861328
2020-02-13,308.0282287597656,119.68170928955078,148.3800048828125
2020-02-14,308.521728515625,120.20561218261719,149.0
2020-02-18,307.7266540527344,121.02888488769531,150.91000366210938
2020-02-19,309.19805908203125,121.02056884765625,151.7899932861328
2020-02-20,307.927734375,121.96857452392578,152.41000366210938
2020-02-21,304.7566223144531,123.10786437988281,154.6999969482422
2020-02-24,294.649169921875,124.94568634033203,156.08999633789062
2020-02-25,285.720703125,125.6109390258789,153.3000030517578
2020-02-26,284.6697692871094,124.94568634033203,153.97000122070312
2020-02-27,271.884765625,126.3011703491211,154.0
2020-02-28,270.742431640625,129.1534881591797,148.3800048828125
2020-03-02,282.4674072265625,128.20327758789062,149.1999969482422
2020-03-03,274.3796081542969,130.1937255859375,153.88999938964844
2020-03-04,285.91259765625,128.81117248535156,154.16000366210938
2020-03-05,276.408447265625,132.0175018310547,157.49000549316406
2020-03-06,271.8390197753906,138.88824462890625,157.5500030517578
2020-03-09,250.6099090576172,142.6525421142578,157.80999755859375
2020-03-10,263.5777282714844,135.3404083251953,154.47999572753906
2020-03-11,250.72872924804688,130.3602294921875,153.92999267578125
2020-03-12,226.7397003173828,131.1680450439453,147.7899932861328
2020-03-13,246.12283325195312,128.20327758789062,143.27999877929688
2020-03-16,219.19114685058594,136.50648498535156,141.63999938964844
2020-03-17,231.02574157714844,127.4037857055664,143.55999755859375
2020-03-18,219.32826232910156,120.21656799316406,140.6999969482422
2020-03-19,219.79428100585938,123.48957824707031,138.0399932861328
2020-03-20,210.32247924804688,132.77545166015625,140.11000061035156
2020-03-23,204.9448699951172,138.24697875976562,146.3000030517578
2020-03-24,223.51353454589844,135.673583984375,153.39999389648438
2020-03-25,226.85960388183594,135.3654327392578,151.3000030517578
2020-03-26,240.1058807373047,136.0316619873047,153.24000549316406
2020-03-27,232.9541473388672,139.66275024414062,152.25
2020-03-30,240.51953125,138.5134735107422,152.9199981689453
2020-03-31,236.93447875976562,137.3892059326172,148.0500030517578
2020-04-01,226.27127075195312,139.31411743164062,149.4499969482422
2020-04-02,231.49256896972656,140.19815063476562,151.89999389648438
2020-04-03,228.1465301513672,140.53175354003906,152.64999389648438
2020-04-06,243.4702606201172,140.16481018066406,156.8800048828125
2020-04-07,243.718505859375,138.6968536376953,156.0399932861328
2020-04-08,251.8997344970703,137.68775939941406,154.64999389648438
2020-04-09,255.7329559326172,137.93798828125,158.69000244140625
2020-04-13,253.398193359375,136.67852783203125,161.41000366210938
2020-04-14,260.87158203125,136.6452178955078,162.67999267578125
2020-04-15,255.3285369873047,140.26483154296875,161.85000610351562
2020-04-16,256.56024169921875,141.85777282714844,161.7100067138672
2020-04-17,263.49139404296875,139.9562225341797,158.57000732421875
2020-04-20,258.8492736816406,141.0821990966797,159.6999969482422
2020-04-21,250.9897003173828,142.85867309570312,158.61000061035156
2020-04-22,256.56024169921875,141.3990478515625,161.72999572753906
2020-04-23,256.54193115234375,142.1497039794922,163.33999633789062
2020-04-24,260.11773681640625,142.4833526611328,162.63999938964844
2020-04-27,263.86822509765625,139.83120727539062,161.55999755859375
2020-04-28,262.65484619140625,141.4408416748047,160.83999633789062
2020-04-29,269.53082275390625,140.70687866210938,161.72999572753906
2020-04-30,267.0212707519531,139.0639190673828,158.8000030517578
2020-05-01,259.9522399902344,140.25466918945312,159.77999877929688
2020-05-04,260.66925048828125,139.5950164794922,160.33999633789062
2020-05-05,263.07769775390625,138.70140075683594,161.02000427246094
2020-05-06,261.29449462890625,136.46340942382812,158.9499969482422
2020-05-07,264.4473571777344,138.74317932128906,161.38999938964844
2020-05-08,268.8229675292969,136.9394073486328,160.4199981689453
2020-05-11,268.8781433105469,135.87046813964844,159.4199981689453
2020-05-12,263.5189514160156,137.2650909423828,160.0399932861328
2020-05-13,258.8583679199219,138.2255096435547,161.5800018310547
2020-05-14,261.95623779296875,139.57830810546875,163.00999450683594
2020-05-15,263.1604309082031,139.2191925048828,163.92999267578125
2020-05-18,271.17626953125,136.16273498535156,162.69000244140625
2020-05-19,268.3909912109375,136.6722412109375,164.25999450683594
2020-05-20,272.9503173828125,137.08140563964844,164.64999389648438
2020-05-21,271.0659484863281,137.4237518310547,162.25
2020-05-22,271.58074951171875,138.25050354003906,163.2100067138672
2020-05-26,274.9267578125,136.3965301513672,160.88999938964844
2020-05-27,279.01739501953125,136.14602661132812,161.17999267578125
2020-05-28,278.50262451171875,135.64498901367188,161.72000122070312
2020-05-29,279.74359130859375,136.6137237548828,162.91000366210938
2020-06-01,280.8741455078125,135.6939697265625,163.66000366210938
2020-06-02,283.19989013671875,135.20057678222656,162.60000610351562
2020-06-03,286.9688720703125,133.40280151367188,159.60000610351562
2020-06-04,286.2149658203125,131.47122192382812,161.27999877929688
2020-06-05,293.55059814453125,130.53472900390625,158.00999450683594
2020-06-08,297.098876953125,131.03639221191406,159.72000122070312
2020-06-09,294.88348388671875,132.52479553222656,161.25999450683594
2020-06-10,293.238037109375,134.4898223876953,163.57000732421875
2020-06-11,276.3331298828125,137.03179931640625,162.38999938964844
2020-06-12,279.6424865722656,135.71066284179688,162.6199951171875
2020-06-15,282.25311279296875,135.785888671875,162.3300018310547
2020-06-16,287.6858215332031,133.70387268066406,162.25
2020-06-17,286.49078369140625,134.25563049316406,162.55999755859375
2020-06-18,286.60113525390625,135.67713928222656,162.24000549316406
2020-06-19,284.9632263183594,135.785888671875,164.02999877929688
2020-06-22,286.7912292480469,135.80258178710938,165.08999633789062
2020-06-23,288.11151123046875,134.8744659423828,166.47999572753906
2020-06-24,280.76226806640625,136.32101440429688,165.89999389648438
2020-06-25,283.7720642089844,136.71397399902344,165.8000030517578
2020-06-26,277.0321044921875,138.1773223876953,166.5399932861328
2020-06-29,281.1037902832031,137.7425537109375,166.6300048828125
2020-06-30,284.70465087890625,137.0736083984375,167.3699951171875
2020-07-01,286.6989440917969,136.8074188232422,166.6199951171875
2020-07-02,288.2777404785156,136.94973754882812,166.97999572753906
2020-07-06,292.7279968261719,136.3887939453125,167.97999572753906
2020-07-07,289.7088623046875,138.30589294433594,169.0399932861328
2020-07-08,291.9247741699219,137.75328063964844,170.08999633789062
2020-07-09,290.2628479003906,139.94671630859375,169.6300048828125
2020-07-10,293.2266845703125,139.24351501464844,169.19000244140625
2020-07-13,290.68756103515625,139.70394897460938,169.39999389648438
2020-07-14,294.4546203613281,139.9048614501953,170.19000244140625
2020-07-15,297.1597900390625,139.2518768310547,170.33999633789062
2020-07-16,296.1810607910156,139.91317749023438,168.72999572753906
2020-07-17,297.039794921875,139.62014770507812,170.1199951171875
2020-07-20,299.4403076171875,139.9634552001953,170.94000244140625
2020-07-21,300.077392578125,140.0471649169922,173.0
2020-07-22,301.7855529785156,140.4657745361328,175.6300048828125
2020-07-23,298.1846618652344,142.10653686523438,177.17999267578125
2020-07-24,296.26422119140625,142.09815979003906,178.6999969482422
2020-07-27,298.4247741699219,141.57077026367188,182.22999572753906
2020-07-28,296.531982421875,142.55029296875,183.75
2020-07-29,300.1789245605469,142.3074493408203,185.1300048828125
2020-07-30,299.1078796386719,143.2451629638672,183.75999450683594
2020-07-31,301.47149658203125,143.15301513671875,185.42999267578125
2020-08-03,303.5674743652344,142.4322509765625,185.63999938964844
2020-08-04,304.7399597167969,143.78994750976562,189.58999633789062
2020-08-05,306.6327209472656,142.53280639648438,191.35000610351562
2020-08-06,308.6824035644531,143.32904052734375,193.88999938964844
2020-08-07,308.904052734375,142.3736114501953,190.80999755859375
2020-08-10,309.8272705078125,141.73663330078125,190.14999389648438
2020-08-11,307.2696838378906,140.05213928222656,179.94000244140625
2020-08-12,311.5538024902344,138.77818298339844,179.10000610351562
2020-08-13,310.9906005859375,137.2947998046875,183.3300018310547
2020-08-14,310.9999084472656,136.7583770751953,182.5399932861328
2020-08-17,311.98779296875,137.10205078125,186.5
2020-08-18,312.6617431640625,138.08258056640625,188.17999267578125
2020-08-19,311.36004638671875,137.2193603515625,182.24000549316406
2020-08-20,312.3293762207031,138.4597625732422,183.5
2020-08-21,313.43731689453125,139.28939819335938,182.02999877929688
2020-08-24,316.6134033203125,139.06317138671875,181.0
2020-08-25,317.72137451171875,137.99879455566406,181.22000122070312
2020-08-26,320.90679931640625,137.4707489013672,183.36000061035156
2020-08-27,321.60845947265625,135.1325225830078,181.24000549316406
2020-08-28,323.6857604980469,135.03201293945312,184.38999938964844
2020-08-31,322.5132141113281,135.9287109375,184.8300018310547
2020-09-01,325.55084228515625,137.4834442138672,185.0500030517578
2020-09-02,330.2596130371094,138.79232788085938,182.6199951171875
2020-09-03,318.89398193359375,139.18670654296875,181.13999938964844
2020-09-04,316.2903747558594,136.5437469482422,181.63999938964844
2020-09-08,307.6484069824219,137.3827667236328,181.2899932861328
2020-09-09,313.7235412597656,137.01358032226562,183.0500030517578
2020-09-10,308.2761535644531,137.70997619628906,182.4600067138672
2020-09-11,308.4331970214844,138.00364685058594,182.4499969482422
2020-09-14,312.49560546875,137.99525451660156,183.88999938964844
2020-09-15,314.0744934082031,137.65960693359375,183.4499969482422
2020-09-16,312.8279724121094,137.2484588623047,183.97000122070312
2020-09-17,310.07659912109375,137.66802978515625,182.9600067138672
2020-09-18,306.5067443847656,137.24012756347656,183.1999969482422
2020-09-21,303.095458984375,137.9365234375,179.52000427246094
2020-09-22,306.1823425292969,137.82748413085938,178.64999389648438
2020-09-23,299.0816650390625,138.01199340820312,174.7899932861328
2020-09-24,299.8788146972656,138.54061889648438,175.44000244140625
2020-09-25,304.72698974609375,138.54061889648438,174.94000244140625
2020-09-28,309.7882995605469,138.146240234375,176.6999969482422
2020-09-29,308.1011657714844,138.30567932128906,178.19000244140625
2020-09-30,310.4372253417969,136.97996520996094,177.1199951171875
2020-10-01,312.4302978515625,137.2059326171875,178.6999969482422
2020-10-02,309.4638977050781,136.69361877441406,178.5399932861328
2020-10-05,314.95159912109375,134.02273559570312,179.41000366210938
2020-10-06,310.4742126464844,134.74505615234375,177.3000030517578
2020-10-07,315.87860107421875,133.7623291015625,177.22000122070312
2020-10-08,318.6780700683594,134.48463439941406,177.85000610351562
2020-10-09,321.5238952636719,134.45947265625,181.0800018310547
2020-10-12,326.6964111328125,134.88784790039062,180.55999755859375
2020-10-13,324.5644226074219,135.85372924804688,177.72000122070312
2020-10-14,322.52508544921875,136.16448974609375,178.27000427246094
2020-10-15,322.1264953613281,135.92926025390625,178.9199981689453
2020-10-16,321.9317932128906,135.55140686035156,178.3000030517578
2020-10-19,317.03729248046875,135.03897094726562,178.38999938964844
2020-10-20,318.3072509765625,133.75396728515625,179.25
2020-10-21,317.7046813964844,133.29202270507812,180.60000610351562
2020-10-22,319.4474792480469,131.9062042236328,178.8300018310547
2020-10-23,320.5320129394531,132.71249389648438,178.63999938964844
2020-10-26,314.608642578125,133.94711303710938,178.5500030517578
2020-10-27,313.5240173339844,134.84580993652344,179.02000427246094
2020-10-28,302.80810546875,134.9718475341797,176.1300048828125
2020-10-29,305.88568115234375,133.6615447998047,175.39999389648438
2020-10-30,302.6968994140625,132.3429412841797,176.1999969482422
2020-11-02,306.08966064453125,133.334228515625,177.91000366210938
2020-11-03,311.49395751953125,132.56068420410156,178.9199981689453
2020-11-04,318.45556640625,135.43626403808594,178.82000732421875
2020-11-05,324.66632080078125,135.671630859375,182.92999267578125
2020-11-06,324.5922546386719,134.03211975097656,183.19000244140625
2020-11-09,328.6709899902344,131.2153778076172,175.0800018310547
2020-11-10,328.1889343261719,130.4586639404297,175.66000366210938
2020-11-11,330.6268310546875,130.92955017089844,174.89999389648438
2020-11-12,327.4195251464844,133.15773010253906,175.9600067138672
2020-11-13,331.9524230957031,132.9811553955078,177.16000366210938
2020-11-16,336.0960388183594,132.66159057617188,177.14999389648438
2020-11-17,334.2884521484375,133.52769470214844,176.5
2020-11-18,330.2654113769531,133.91433715820312,175.49000549316406
2020-11-19,331.6558837890625,134.60386657714844,175.16000366210938
2020-11-20,329.38470458984375,135.79779052734375,175.69000244140625
2020-11-23,331.359130859375,135.1755828857422,172.22999572753906
2020-11-24,336.6986389160156,133.83030700683594,169.58999633789062
2020-11-25,336.17950439453125,133.41831970214844,169.50999450683594
2020-11-27,337.11578369140625,134.71315002441406,167.7899932861328
2020-11-30,335.62322998046875,134.5450439453125,166.6699981689453
2020-12-01,339.2940368652344,132.5612030029297,170.17999267578125
2020-12-02,340.0079040527344,131.5091552734375,171.4600067138672
2020-12-03,339.9151916503906,132.56964111328125,172.80999755859375
2020-12-04,342.8445129394531,130.6253662109375,172.32000732421875
2020-12-07,342.1399230957031,131.8036651611328,174.88999938964844
2020-12-08,343.1411437988281,132.4265594482422,175.5
2020-12-09,340.0635070800781,131.98886108398438,172.5
2020-12-10,339.95233154296875,133.15879821777344,172.1699981689453
2020-12-11,339.5536193847656,133.63009643554688,172.49000549316406
2020-12-14,338.0333557128906,133.259765625,171.5399932861328
2020-12-15,342.60345458984375,132.8136749267578,173.94000244140625
2020-12-16,343.1411437988281,132.4601593017578,174.89999389648438
2020-12-17,345.06005859375,132.10968017578125,176.74000549316406
2020-12-18,343.6821594238281,131.71365356445312,176.44000244140625
2020-12-21,342.453369140625,132.23606872558594,175.8800048828125
2020-12-22,341.876220703125,132.91848754882812,174.49000549316406
2020-12-23,342.183349609375,132.00015258789062,175.64999389648438
2020-12-24,343.5146179199219,132.5225067138672,176.35000610351562
2020-12-28,346.4656677246094,132.58154296875,175.7100067138672
2020-12-29,345.80474853515625,132.41302490234375,176.35000610351562
2020-12-30,346.298095703125,132.69949340820312,177.6999969482422
2020-12-31,348.0576477050781,132.89321899414062,178.36000061035156
2021-01-04,343.3191223144531,132.73318481445312,182.3300018310547
2021-01-05,345.6837158203125,131.74734497070312,182.8699951171875
2021-01-06,347.7503662109375,129.04287719726562,179.89999389648438
2021-01-07,352.9169921875,127.90550231933594,179.47999572753906
2021-01-08,354.92779541015625,127.49263000488281,173.33999633789062
2021-01-11,352.5353698730469,127.28197479248047,173.0
2021-01-12,352.6098937988281,127.18081665039062,174.1199951171875
2021-01-13,353.5594177246094,128.61317443847656,173.3699951171875
2021-01-14,352.32122802734375,127.40834045410156,173.27999877929688
2021-01-15,349.7519226074219,127.91386413574219,171.1300048828125
2021-01-19,352.4981689453125,128.3267059326172,172.5800018310547
2021-01-20,357.3762512207031,128.4530487060547,175.38999938964844
2021-01-21,357.7020568847656,127.55158233642578,175.27999877929688
2021-01-22,356.43597412109375,127.9644546508789,173.89999389648438
2021-01-25,357.8416748046875,129.47254943847656,174.0500030517578
2021-01-26,357.283203125,129.2281951904297,173.6199951171875
2021-01-27,348.55096435546875,129.55685424804688,172.52000427246094
2021-01-28,351.54864501953125,128.84066772460938,172.67999267578125
2021-01-29,344.5107421875,128.0655517578125,172.61000061035156
2021-02-01,350.24530029296875,128.2139892578125,174.22999572753906
2021-02-02,355.1978454589844,127.38736724853516,172.11000061035156
2021-02-03,355.4770202636719,126.25701141357422,171.85000610351562
2021-02-04,359.5174255371094,125.91962432861328,168.14999389648438
2021-02-05,360.9324035644531,124.86521911621094,169.80999755859375
2021-02-08,363.53900146484375,125.41351318359375,171.52000427246094
2021-02-09,363.29693603515625,125.50628662109375,172.0800018310547
2021-02-10,363.1387939453125,126.34136962890625,172.7100067138672
2021-02-11,363.7252502441406,125.64972686767578,171.2100067138672
2021-02-12,365.5218811035156,124.0892105102539,170.69000244140625
2021-02-16,365.205322265625,122.19976043701172,168.24000549316406
2021-02-17,365.28912353515625,122.97584533691406,166.3300018310547
2021-02-18,363.73455810546875,122.47808074951172,166.32000732421875
2021-02-19,363.09222412109375,120.85011291503906,167.00999450683594
2021-02-22,360.29937744140625,119.93074798583984,169.50999450683594
2021-02-23,360.7368469238281,119.58485412597656,169.1199951171875
2021-02-24,364.71197509765625,118.80038452148438,169.0
2021-02-25,355.92401123046875,116.86030578613281,165.82000732421875
2021-02-26,354.09002685546875,120.72359466552734,161.80999755859375
2021-03-01,362.6733093261719,119.12911987304688,161.52999877929688
2021-03-02,359.84320068359375,119.13758850097656,162.41000366210938
2021-03-03,355.0768737792969,117.84546661376953,160.6199951171875
2021-03-04,350.6828308105469,117.0854263305664,159.0399932861328
2021-03-05,357.1341552734375,117.31339263916016,159.13999938964844
2021-03-08,355.3561706542969,116.40129089355469,157.49000549316406
2021-03-09,360.42974853515625,118.01432037353516,160.83999633789062
2021-03-10,362.6733093261719,118.25081634521484,161.66000366210938
2021-03-11,366.3503723144531,117.39786529541016,161.52000427246094
2021-03-12,366.8438415527344,114.90647888183594,161.49000549316406
2021-03-15,369.0314636230469,115.58209991455078,162.1999969482422
2021-03-16,368.5661315917969,115.11758422851562,162.35000610351562
2021-03-17,369.8227844238281,114.25621032714844,163.50999450683594
2021-03-18,364.4420166015625,113.09921264648438,162.55999755859375
2021-03-19,363.7677001953125,113.80014038085938,163.24000549316406
2021-03-22,366.6723937988281,115.07535552978516,163.0
2021-03-23,363.7862854003906,116.1141357421875,161.80999755859375
2021-03-24,361.9371032714844,116.73910522460938,162.3699951171875
2021-03-25,363.97314453125,115.81861114501953,161.77999877929688
2021-03-26,369.838623046875,115.41316986083984,162.24000549316406
2021-03-29,369.6517639160156,114.43356323242188,160.30999755859375
2021-03-30,368.67108154296875,115.03315734863281,157.57000732421875
2021-03-31,370.16546630859375,114.39131164550781,159.9600067138672
2021-04-01,374.1629333496094,116.28987121582031,161.97999572753906
2021-04-05,379.53326416015625,115.7824935913086,161.9199981689453
2021-04-06,379.3091125488281,116.56893920898438,163.22000122070312
2021-04-07,379.74810791015625,115.75711822509766,162.75999450683594
2021-04-08,381.5506896972656,116.71270751953125,164.50999450683594
2021-04-09,384.3245849609375,116.28987121582031,163.27000427246094
2021-04-12,384.4647521972656,116.23910522460938,162.27999877929688
2021-04-13,385.6041259765625,117.11021423339844,163.42999267578125
2021-04-14,384.2872314453125,116.73807525634766,162.72000122070312
2021-04-15,388.41546630859375,118.69164276123047,165.35000610351562
2021-04-16,389.71368408203125,117.76983642578125,166.35000610351562
2021-04-19,387.7991027832031,117.43153381347656,165.88999938964844
2021-04-20,384.95977783203125,117.97280883789062,166.47999572753906
2021-04-21,388.6022644042969,118.20954132080078,168.1300048828125
2021-04-22,385.05316162109375,118.72547912597656,167.0399932861328
2021-04-23,389.2280578613281,118.44636535644531,166.39999389648438
2021-04-26,390.0406188964844,118.27722930908203,166.83999633789062
2021-04-27,389.9565734863281,117.24556732177734,166.4199981689453
2021-04-28,389.844482421875,117.32160949707031,166.91000366210938
2021-04-29,392.3288879394531,116.97492980957031,166.22000122070312
2021-04-30,389.75115966796875,117.24556732177734,165.66000366210938
2021-05-03,390.5916748046875,117.3157958984375,167.80999755859375
2021-05-04,388.1820068359375,118.11195373535156,166.5800018310547
2021-05-05,388.3034362792969,118.30672454833984,167.27000427246094
2021-05-06,391.404296875,118.50149536132812,170.05999755859375
2021-05-07,394.2529296875,117.91709899902344,171.58999633789062
2021-05-10,390.34881591796875,116.72298431396484,172.11000061035156
2021-05-11,386.86505126953125,116.0623550415039,172.13999938964844
2021-05-12,378.64599609375,114.8427734375,170.42999267578125
2021-05-13,383.1944580078125,115.02064514160156,171.1300048828125
2021-05-14,389.0786437988281,116.09622955322266,172.69000244140625
2021-05-17,388.0885314941406,115.85062408447266,174.6999969482422
2021-05-18,384.74505615234375,115.55421447753906,175.0399932861328
2021-05-19,383.73626708984375,115.27474212646484,175.16000366210938
2021-05-20,387.8644714355469,116.2232894897461,175.9600067138672
2021-05-21,387.54693603515625,116.59595489501953,176.0399932861328
2021-05-24,391.4976806640625,117.02790069580078,176.35000610351562
2021-05-25,390.6290283203125,118.11195373535156,177.9499969482422
2021-05-26,391.404296875,117.90866088867188,177.63999938964844
2021-05-27,391.6097106933594,117.43437194824219,177.7100067138672
2021-05-28,392.3102722167969,117.24806213378906,178.3800048828125
2021-06-01,391.9646301269531,117.22176361083984,177.89999389648438
2021-06-02,392.5810852050781,117.49313354492188,178.77000427246094
2021-06-03,391.1240234375,117.05211639404297,175.27000427246094
2021-06-04,394.701171875,118.65512084960938,177.16000366210938
2021-06-07,394.3182678222656,118.2904052734375,177.8699951171875
2021-06-08,394.4023132324219,119.12164306640625,177.32000732421875
2021-06-09,393.8138732910156,120.17326354980469,176.97999572753906
2021-06-10,395.6444396972656,120.89421081542969,177.74000549316406
2021-06-11,396.2983093261719,120.69915771484375,175.74000549316406
2021-06-14,397.185546875,119.77466583251953,174.7100067138672
2021-06-15,396.4570617675781,119.63050079345703,174.0500030517578
2021-06-16,394.2435302734375,119.5287094116211,171.11000061035156
2021-06-17,394.11285400390625,121.31828308105469,165.85000610351562
2021-06-18,388.7960510253906,123.59980010986328,164.92999267578125
2021-06-21,394.3620300292969,121.53032684326172,166.9499969482422
2021-06-22,396.4704284667969,121.82714080810547,166.25
2021-06-23,395.99261474609375,121.51335906982422,166.13999938964844
2021-06-24,398.33514404296875,121.7083969116211,166.0399932861328
2021-06-25,399.7499694824219,120.44464874267578,166.58999633789062
2021-06-28,400.55596923828125,121.6829833984375,166.5800018310547
2021-06-29,400.7713928222656,121.88655090332031,164.8300018310547
2021-06-30,401.1087341308594,122.42932891845703,165.6300048828125
2021-07-01,403.3294677734375,122.43614196777344,166.1999969482422
2021-07-02,406.4123840332031,123.17497253417969,167.2899932861328
2021-07-06,405.6720886230469,124.61872100830078,168.1199951171875
2021-07-07,407.105712890625,125.72274017333984,168.75999450683594
2021-07-08,403.7886657714844,126.21525573730469,168.64999389648438
2021-07-09,408.0989990234375,124.44036865234375,169.2100067138672
2021-07-12,409.5608215332031,124.27900695800781,169.0
2021-07-13,408.16461181640625,123.32787322998047,169.22000122070312
2021-07-14,408.7737121582031,124.72911834716797,171.0399932861328
2021-07-15,407.37750244140625,126.10491943359375,171.07000732421875
2021-07-16,404.1822814941406,125.86713409423828,169.41000366210938
2021-07-19,398.2132568359375,128.62716674804688,169.61000061035156
2021-07-20,403.9198303222656,127.3873062133789,169.38999938964844
2021-07-21,407.19012451171875,125.7737045288086,168.75999450683594
2021-07-22,408.04278564453125,126.96263885498047,169.08999633789062
2021-07-23,412.24078369140625,126.11332702636719,168.55999755859375
2021-07-26,413.25274658203125,125.73968505859375,168.16000366210938
2021-07-27,411.36932373046875,127.0815658569336,168.44000244140625
2021-07-28,411.20062255859375,127.09000396728516,169.2899932861328
2021-07-29,412.9059753417969,126.38519287109375,171.1699981689453
2021-07-30,410.90081787109375,126.9796371459961,169.82000732421875
2021-08-02,410.0386657714844,128.11224365234375,169.61000061035156
2021-08-03,413.37457275390625,128.18023681640625,169.49000549316406
2021-08-04,411.3411865234375,128.4437713623047,169.52999877929688
2021-08-05,413.9461669921875,127.7890625,168.86000061035156
2021-08-06,414.6302490234375,125.65489196777344,164.63999938964844
2021-08-09,414.2928771972656,125.20425415039062,161.72000122070312
2021-08-10,414.8082275390625,124.6259994506836,161.77000427246094
2021-08-11,415.8389892578125,124.54951477050781,164.0
2021-08-12,417.085205078125,124.34542083740234,164.0399932861328
2021-08-13,417.84423828125,126.3095932006836,166.38999938964844
2021-08-16,418.828125,126.61570739746094,167.22000122070312
2021-08-17,416.0826416015625,126.56465911865234,166.97000122070312
2021-08-18,411.5285949707031,126.9898681640625,167.10000610351562
2021-08-19,412.1658630371094,127.92511749267578,166.61000061035156
2021-08-20,415.4454345703125,128.0101318359375,166.6999969482422
2021-08-23,419.09991455078125,127.92511749267578,168.72999572753906
2021-08-24,419.7651672363281,126.93029022216797,168.64999389648438
2021-08-25,420.6459045410156,125.87596130371094,167.47999572753906
2021-08-26,418.16278076171875,126.22456359863281,167.6699981689453
2021-08-27,421.901611328125,127.08335876464844,170.19000244140625
2021-08-30,423.7569885253906,127.41499328613281,169.35000610351562
2021-08-31,423.12908935546875,126.5477066040039,169.69000244140625
2021-09-01,423.35400390625,126.75961303710938,169.6999969482422
2021-09-02,424.65655517578125,127.31307983398438,169.25
2021-09-03,424.5534362792969,126.15522003173828,171.05999755859375
2021-09-07,423.03533935546875,125.09097290039062,167.7100067138672
2021-09-08,422.52008056640625,125.94232940673828,167.2899932861328
2021-09-09,420.7116394042969,127.46626281738281,168.02999877929688
2021-09-10,417.39447021484375,126.342529296875,167.17999267578125
2021-09-13,418.4626770019531,127.10872650146484,167.74000549316406
2021-09-14,416.2043762207031,128.64967346191406,168.82000732421875
2021-09-15,419.6808776855469,128.19851684570312,167.8300018310547
2021-09-16,419.0154724121094,127.61101531982422,164.02999877929688
2021-09-17,414.933837890625,126.99801635742188,163.77000427246094
2021-09-20,408.0151672363281,128.57305908203125,164.94000244140625
2021-09-21,407.6297912597656,128.46237182617188,166.0399932861328
2021-09-22,411.6060791015625,129.2285614013672,165.4199981689453
2021-09-23,416.6070556640625,126.30843353271484,163.50999450683594
2021-09-24,417.29345703125,125.073974609375,163.3000030517578
2021-09-27,416.099609375,124.6142349243164,163.63999938964844
2021-09-28,407.71435546875,122.67313385009766,162.0500030517578
2021-09-29,408.4006652832031,122.8859634399414,161.32000732421875
2021-09-30,403.4089660644531,122.86896514892578,164.22000122070312
2021-10-01,408.2032470703125,123.90298461914062,164.58999633789062
2021-10-04,402.93902587890625,123.58757019042969,165.36000061035156
2021-10-05,407.1314697265625,122.39412689208984,164.58999633789062
2021-10-06,408.8236083984375,123.08460998535156,165.02999877929688
2021-10-07,412.3581848144531,121.79744720458984,164.16000366210938
2021-10-08,411.6060791015625,120.94495391845703,164.22999572753906
2021-10-11,408.6262512207031,120.63810729980469,163.9199981689453
2021-10-12,407.6203918457031,122.70099639892578,164.66000366210938
2021-10-13,409.0868225097656,123.89445495605469,167.58999633789062
2021-10-14,415.968017578125,124.35475158691406,168.0
2021-10-15,419.1358642578125,123.63011932373047,165.3300018310547
2021-10-18,420.376708984375,124.20988464355469,164.9199981689453
2021-10-19,423.6199035644531,122.49640655517578,165.4499969482422
2021-10-20,425.28375244140625,121.66954040527344,166.89999389648438
2021-10-21,426.3930358886719,121.52458190917969,166.75
2021-10-22,425.951171875,122.86294555664062,167.77000427246094
2021-10-25,428.2354736328125,122.67550659179688,168.92999267578125
2021-10-26,428.6208801269531,123.68985748291016,167.67999267578125
2021-10-27,426.7220153808594,125.94032287597656,168.1199951171875
2021-10-28,430.83935546875,125.51404571533203,168.0800018310547
2021-10-29,431.71368408203125,125.8976821899414,166.64999389648438
2021-11-01,432.4562683105469,124.99119567871094,167.52000427246094
2021-11-02,434.2047119140625,125.5459976196289,167.16000366210938
2021-11-03,436.85565185546875,124.2486801147461,165.77000427246094
2021-11-04,438.9143371582031,125.55457305908203,167.64999389648438
2021-11-05,440.4372253417969,127.43229675292969,169.83999633789062
2021-11-08,440.8131103515625,127.19328308105469,170.4499969482422
2021-11-09,439.3561706542969,128.8491973876953,171.2899932861328
2021-11-10,435.82159423828125,126.493408203125,173.14999389648438
2021-11-11,435.9626159667969,126.30563354492188,174.1199951171875
2021-11-12,439.25274658203125,125.75084686279297,174.4499969482422
2021-11-15,439.4032287597656,124.17179107666016,174.17999267578125
2021-11-16,441.1422424316406,123.85602569580078,172.9199981689453
2021-11-17,440.070556640625,124.8375473022461,174.5
2021-11-18,441.56524658203125,125.30699920654297,173.94000244140625
2021-11-19,440.7755126953125,126.62996673583984,172.61000061035156
2021-11-22,439.5347900390625,125.14486694335938,168.74000549316406
2021-11-23,440.11761474609375,123.3353500366211,167.27999877929688
2021-11-24,441.29266357421875,125.31559753417969,167.1199951171875
2021-11-26,431.4504089355469,128.48214721679688,166.85000610351562
2021-11-29,436.74285888671875,127.44935607910156,166.6199951171875
2021-11-30,428.244873046875,129.3868865966797,165.5
2021-12-01,423.48828125,130.18507385253906,166.16000366210938
2021-12-02,429.9745178222656,130.34742736816406,165.24000549316406
2021-12-03,426.2331848144531,131.90274047851562,166.6300048828125
2021-12-06,431.28125,130.09107971191406,166.22000122070312
2021-12-07,440.2021789550781,129.04002380371094,166.80999755859375
2021-12-08,441.3678283691406,126.80956268310547,166.89999389648438
2021-12-09,438.387939453125,127.5188217163086,165.8800048828125
2021-12-10,442.5146789550781,127.21112060546875,166.5800018310547
2021-12-13,438.5947265625,129.09121704101562,167.0
2021-12-14,435.57720947265625,128.78353881835938,165.44000244140625
2021-12-15,442.383056640625,127.54444122314453,166.14999389648438
2021-12-16,438.48199462890625,127.59407806396484,168.16000366210938
2021-12-17,433.8152160644531,129.0399932861328,167.8000030517578
2021-12-20,429.2022399902344,128.0731658935547,167.08999633789062
2021-12-21,436.8244323730469,127.58557891845703,167.02000427246094
2021-12-22,441.1921081542969,128.17587280273438,168.58999633789062
2021-12-23,443.937255859375,127.06370544433594,168.97000122070312
2021-12-27,450.2199401855469,127.37165069580078,169.3699951171875
2021-12-28,449.85198974609375,126.86688232421875,168.63999938964844
2021-12-29,450.42742919921875,125.48090362548828,168.58999633789062
2021-12-30,449.1822509765625,126.53319549560547,169.8000030517578
2021-12-31,448.0502014160156,126.78131103515625,170.9600067138672
2022-01-03,450.64447021484375,123.45330047607422,168.3300018310547
2022-01-04,450.49346923828125,122.93994903564453,169.57000732421875
2022-01-05,441.84307861328125,122.27263641357422,169.05999755859375
2022-01-06,441.427978515625,122.58918762207031,166.99000549316406
2022-01-07,439.68280029296875,121.70800018310547,167.75
2022-01-10,439.1357116699219,122.00743103027344,168.25999450683594
2022-01-11,443.13543701171875,122.82019805908203,170.2899932861328
2022-01-12,444.3334655761719,122.34967803955078,170.74000549316406
2022-01-13,438.21124267578125,123.4361801147461,170.16000366210938
2022-01-14,438.3904113769531,121.57115936279297,169.6699981689453
2022-01-18,430.6267395019531,119.86006927490234,169.38999938964844
2022-01-19,426.15521240234375,120.68997192382812,172.0800018310547
2022-01-20,421.43853759765625,121.43426513671875,171.64999389648438
2022-01-21,413.1654357910156,122.88013458251953,171.08999633789062
2022-01-24,414.9200439453125,121.87055969238281,172.02999877929688
2022-01-25,409.8542785644531,121.67375183105469,172.5800018310547
2022-01-26,408.8260803222656,120.2022705078125,169.7899932861328
2022-01-27,406.8072814941406,122.40951538085938,167.60000610351562
2022-01-28,416.9105529785156,122.45230102539062,167.10000610351562
2022-01-31,424.41949462890625,121.8192367553711,168.08999633789062
2022-02-01,427.28729248046875,121.41490173339844,168.22999572753906
2022-02-02,431.43792724609375,121.8260498046875,168.83999633789062
2022-02-03,421.29705810546875,120.87509155273438,168.60000610351562
2022-02-04,423.278076171875,119.09312438964844,168.86000061035156
2022-02-07,421.919677734375,119.17021179199219,170.11000061035156
2022-02-08,425.39117431640625,118.37348175048828,170.6300048828125
2022-02-09,431.6172180175781,118.59626770019531,171.2100067138672
2022-02-10,423.8629455566406,116.71144104003906,170.55999755859375
2022-02-11,415.5048828125,118.4420394897461,173.80999755859375
2022-02-14,414.1465148925781,116.96846771240234,174.74000549316406
2022-02-15,420.8253173828125,115.64053344726562,173.0800018310547
2022-02-16,421.29705810546875,116.32591247558594,174.86000061035156
2022-02-17,412.2975769042969,117.19120788574219,177.25
2022-02-18,409.6278991699219,118.42488861083984,177.1199951171875
2022-02-22,405.23193359375,118.73331451416016,177.49000549316406
2022-02-23,398.04364013671875,117.09696197509766,178.2899932861328
2022-02-24,404.03387451171875,117.17411041259766,177.13999938964844
2022-02-25,412.948486328125,117.25975799560547,176.5500030517578
2022-02-28,411.8919372558594,119.8299331665039,178.3800048828125
2022-03-01,405.61865234375,121.2153549194336,181.6199951171875
2022-03-02,413.08050537109375,117.07189178466797,179.72999572753906
2022-03-03,411.02398681640625,118.26432037353516,180.8000030517578
2022-03-04,407.6845397949219,120.3060302734375,183.67999267578125
2022-03-07,395.6664123535156,119.38810729980469,186.41000366210938
2022-03-08,392.66656494140625,118.18711853027344,191.50999450683594
2022-03-09,403.1942443847656,117.02899932861328,185.82000732421875
2022-03-10,401.37359619140625,115.34764099121094,186.39999389648438
2022-03-11,396.2701416015625,115.73368835449219,185.08999633789062
2022-03-14,393.37408447265625,113.03142547607422,182.3000030517578
2022-03-15,402.0245361328125,112.8341064453125,178.88999938964844
2022-03-16,410.9390869140625,113.94075012207031,180.00999450683594
2022-03-17,416.080322265625,113.09143829345703,180.88999938964844
2022-03-18,420.6375732421875,114.4726333618164,179.3000030517578
2022-03-21,420.5145568847656,111.82183837890625,180.6699981689453
2022-03-22,425.43524169921875,110.38919067382812,179.36000061035156
2022-03-23,419.9562683105469,112.80839538574219,181.80999755859375
2022-03-24,426.286865234375,111.92477416992188,183.1300048828125
2022-03-25,428.36865234375,110.37203216552734,182.3800048828125
2022-03-28,431.4156799316406,111.31568145751953,179.05999755859375
2022-03-29,436.7525939941406,112.15637969970703,179.13999938964844
2022-03-30,434.0558166503906,113.03142547607422,180.5800018310547
2022-03-31,427.3750915527344,113.30592346191406,180.64999389648438
2022-04-01,428.5863037109375,113.73723602294922,179.5
2022-04-04,432.2577819824219,112.94680786132812,180.3699951171875
2022-04-05,426.7978515625,110.39506530761719,179.24000549316406
2022-04-06,422.5301513671875,109.50151824951172,179.66000366210938
2022-04-07,424.6593017578125,108.67667388916016,180.33999633789062
2022-04-08,423.52374267578125,107.49964141845703,181.47000122070312
2022-04-11,416.2847595214844,105.79846954345703,182.3699951171875
2022-04-12,414.7423400878906,105.65240478515625,183.77000427246094
2022-04-13,419.4925842285156,105.8672103881836,184.64999389648438
2022-04-14,414.2691345214844,103.74504089355469,184.0399932861328
2022-04-18,414.43951416015625,103.22953033447266,184.61000061035156
2022-04-19,421.129638671875,102.45628356933594,181.82000732421875
2022-04-20,420.8173828125,104.51830291748047,182.7100067138672
2022-04-21,414.5246887207031,103.74504089355469,182.05999755859375
2022-04-22,403.15045166015625,103.0920639038086,180.2899932861328
2022-04-25,405.48773193359375,104.12306213378906,177.0500030517578
2022-04-26,393.7445068359375,105.17127227783203,177.32000732421875
2022-04-27,394.85162353515625,103.82234954833984,175.97999572753906
2022-04-28,404.82537841796875,103.97703552246094,176.92999267578125
2022-04-29,389.86474609375,102.62811279296875,176.91000366210938
2022-05-02,392.21148681640625,100.84918212890625,173.6300048828125
2022-05-03,394.009521484375,101.52911376953125,174.08999633789062
2022-05-04,406.0081787109375,102.08849334716797,175.8000030517578
2022-05-05,391.5775451660156,99.29144287109375,175.1300048828125
2022-05-06,389.240234375,97.82836151123047,175.4199981689453
2022-05-09,376.77783203125,98.68899536132812,172.8800048828125
2022-05-10,377.64837646484375,99.5840835571289,171.4199981689453
2022-05-11,371.6489562988281,101.5032730102539,172.82000732421875
2022-05-12,371.260986328125,101.31391906738281,170.1699981689453
2022-05-13,380.1370544433594,99.81642150878906,168.7899932861328
2022-05-16,378.59466552734375,99.71311950683594,170.39999389648438
2022-05-17,386.38250732421875,98.50827026367188,169.3300018310547
2022-05-18,370.8067626953125,100.60820007324219,169.4199981689453
2022-05-19,368.5357666015625,100.84918212890625,171.91000366210938
2022-05-20,368.6966552734375,101.99382019042969,172.02999877929688
2022-05-23,375.594970703125,100.3155746459961,172.8300018310547
2022-05-24,372.72772216796875,102.29503631591797,174.1300048828125
2022-05-25,376.02081298828125,102.69953918457031,173.0800018310547
2022-05-26,383.53424072265625,102.23480987548828,172.75999450683594
2022-05-27,392.9496154785156,102.48438262939453,172.85000610351562
2022-05-31,390.74481201171875,100.3155746459961,171.13999938964844
2022-06-01,387.58428955078125,100.20093536376953,172.22999572753906
2022-06-02,394.96527099609375,100.2526626586914,174.35000610351562
2022-06-03,388.4832763671875,100.03711700439453,172.5800018310547
2022-06-06,389.66607666015625,98.19209289550781,171.82000732421875
2022-06-07,393.40386962890625,99.2525634765625,172.94000244140625
2022-06-08,389.126708984375,98.37310791015625,172.77999877929688
2022-06-09,379.87213134765625,98.70076751708984,172.22999572753906
2022-06-10,368.8575439453125,98.08861541748047,174.5399932861328
2022-06-13,354.8526916503906,95.01066589355469,169.92999267578125
2022-06-14,353.7833557128906,93.81224822998047,168.57000732421875
2022-06-15,358.8270263671875,95.56245422363281,170.77000427246094
2022-06-16,346.9512939453125,96.32118225097656,172.69000244140625
2022-06-17,347.6992492675781,96.6315689086914,171.27000427246094
2022-06-21,356.4520263671875,94.99343872070312,170.6300048828125
2022-06-22,355.8058776855469,97.60581970214844,171.30999755859375
2022-06-23,359.2936096191406,98.40762329101562,170.25999450683594
2022-06-24,370.7169189453125,97.04539489746094,170.08999633789062
2022-06-27,369.30096435546875,96.2177505493164,169.89999389648438
2022-06-28,361.7550964355469,96.6660385131836,169.6199951171875
2022-06-29,361.4604187011719,98.1748275756836,169.49000549316406
2022-06-30,358.5238342285156,99.0370101928711,168.4600067138672
2022-07-01,362.3157043457031,100.05377197265625,168.32000732421875
2022-07-05,363.0000305175781,100.83989715576172,164.75
2022-07-06,364.22601318359375,99.146728515625,162.13999938964844
2022-07-07,369.6810607910156,98.27417755126953,162.22999572753906
2022-07-08,369.376953125,97.18572998046875,162.3000030517578
2022-07-11,365.1573181152344,98.86162567138672,161.42999267578125
2022-07-12,361.92608642578125,99.44908905029297,160.8300018310547
2022-07-13,360.0254211425781,100.58936309814453,161.60000610351562
2022-07-14,359.151123046875,99.76870727539062,159.3300018310547
2022-07-15,366.01263427734375,100.3302230834961,159.00999450683594
2022-07-18,362.9905700683594,99.28492736816406,159.16000366210938
2022-07-19,372.7982482910156,98.74932098388672,159.5399932861328
2022-07-20,375.1741027832031,99.00850677490234,158.0399932861328
2022-07-21,378.99462890625,100.71896362304688,160.27000427246094
2022-07-22,375.4782409667969,102.41212463378906,160.6699981689453
2022-07-25,375.9344482421875,101.4100341796875,160.22999572753906
2022-07-26,371.48675537109375,101.48782348632812,160.0399932861328
2022-07-27,381.1329345703125,100.91766357421875,161.6699981689453
2022-07-28,385.9131774902344,101.72103881835938,163.63999938964844
2022-07-29,391.53936767578125,101.44463348388672,164.10000610351562
2022-08-01,390.3798828125,103.88774871826172,165.02999877929688
2022-08-02,387.804443359375,101.68952941894531,164.0500030517578
2022-08-03,393.8773498535156,103.29061126708984,164.4499969482422
2022-08-04,393.6111145019531,103.2559585571289,167.1699981689453
2022-08-05,392.9459228515625,100.79814910888672,165.2899932861328
2022-08-08,392.4897766113281,102.42515563964844,166.69000244140625
2022-08-09,390.93115234375,102.02706146240234,167.1999969482422
2022-08-10,399.1423034667969,101.36066436767578,166.77999877929688
2022-08-11,399.1423034667969,98.99800109863281,166.33999633789062
2022-08-12,405.8992919921875,100.00194549560547,167.8699951171875
2022-08-15,407.5719299316406,99.91536712646484,165.7100067138672
2022-08-16,408.3702697753906,100.3307876586914,165.4199981689453
2022-08-17,405.47174072265625,99.2835922241211,164.35000610351562
2022-08-18,406.6501159667969,99.43073272705078,163.9199981689453
2022-08-19,401.1855773925781,97.82965087890625,162.72000122070312
2022-08-22,392.8318786621094,97.50079345703125,161.63999938964844
2022-08-23,391.88153076171875,96.96419525146484,162.77000427246094
2022-08-24,393.135986328125,96.25455474853516,163.25
2022-08-25,398.6861267089844,97.59600067138672,163.75
2022-08-26,385.1909484863281,98.33162689208984,161.75999450683594
2022-08-29,382.64398193359375,97.51811218261719,161.86000061035156
2022-08-30,378.4433898925781,97.76042175292969,160.50999450683594
2022-08-31,375.5638122558594,96.82573699951172,159.27000427246094
2022-09-01,376.74224853515625,95.05303192138672,157.8699951171875
2022-09-02,372.76971435546875,95.5907211303711,159.25999450683594
2022-09-06,371.3631286621094,93.22310638427734,158.3300018310547
2022-09-07,378.03472900390625,94.69747161865234,159.94000244140625
2022-09-08,380.5057067871094,93.72610473632812,158.97999572753906
2022-09-09,386.4169616699219,93.93426513671875,159.82000732421875
2022-09-12,390.57000732421875,93.16239166259766,160.6300048828125
2022-09-13,373.58709716796875,93.37918090820312,158.5399932861328
2022-09-14,375.0126037597656,93.70010375976562,157.92999267578125
2022-09-15,370.7549133300781,93.63939666748047,154.97999572753906
2022-09-16,367.926513671875,92.85882568359375,155.83999633789062
2022-09-19,370.77978515625,93.0756607055664,155.9600067138672
2022-09-20,366.52374267578125,92.14765930175781,155.07000732421875
2022-09-21,360.13018798828125,93.69141387939453,155.7899932861328
2022-09-22,357.1051330566406,91.29778289794922,155.6999969482422
2022-09-23,351.12188720703125,91.67066192626953,153.00999450683594
2022-09-26,347.6483154296875,89.91879272460938,151.22999572753906
2022-09-27,346.7608337402344,87.5511245727539,151.5399932861328
2022-09-28,353.583984375,90.48250579833984,154.69000244140625
2022-09-29,346.1978759765625,90.01419067382812,154.66000366210938
2022-09-30,340.844482421875,88.85203552246094,154.6699981689453
2022-10-03,349.84320068359375,90.26385498046875,158.42999267578125
2022-10-04,360.68365478515625,90.01176452636719,160.6999969482422
2022-10-05,359.84393310546875,89.15107727050781,159.80999755859375
2022-10-06,356.1318054199219,88.65557098388672,159.6300048828125
2022-10-07,346.1978759765625,87.794921875,157.8800048828125
2022-10-10,343.5545654296875,86.43006134033203,155.47999572753906
2022-10-11,341.3789367675781,86.81257629394531,155.16000366210938
2022-10-12,340.2528991699219,87.23854064941406,155.99000549316406
2022-10-13,349.2323913574219,86.40397644042969,154.91000366210938
2022-10-14,341.2738952636719,85.6911392211914,152.97999572753906
2022-10-17,350.0436096191406,85.27381896972656,153.4199981689453
2022-10-18,354.156494140625,85.4737777709961,153.75
2022-10-19,351.646728515625,83.91765594482422,151.69000244140625
2022-10-20,348.6980895996094,82.48323822021484,151.4499969482422
2022-10-21,357.1719970703125,80.99666595458984,154.14999389648438
2022-10-24,361.5425109863281,80.3272705078125,153.64999389648438
2022-10-25,367.3158264160156,82.66580963134766,154.0
2022-10-26,364.54840087890625,83.8567886352539,154.97999572753906
2022-10-27,362.601806640625,84.7348403930664,154.74000549316406
2022-10-28,371.228271484375,84.15238952636719,153.16000366210938
2022-10-31,368.5467834472656,83.55252075195312,151.91000366210938
2022-11-01,366.9341125488281,84.33335876464844,153.4600067138672
2022-11-02,357.7253723144531,83.96735382080078,152.38999938964844
2022-11-03,354.0419616699219,83.5141830444336,151.80999755859375
2022-11-04,359.13775634765625,82.11111450195312,156.47000122070312
2022-11-07,362.5730285644531,81.29190826416016,155.85000610351562
2022-11-08,364.52935791015625,82.18081665039062,159.4499969482422
2022-11-09,357.019287109375,82.45096588134766,158.64999389648438
2022-11-10,376.63897705078125,85.6231689453125,163.47999572753906
2022-11-11,380.2843017578125,85.3094482421875,164.55999755859375
2022-11-14,377.0492248535156,85.10028839111328,164.9199981689453
2022-11-15,380.2651672363281,86.47723388671875,165.5
2022-11-16,377.36419677734375,88.36831665039062,165.1199951171875
2022-11-17,376.20953369140625,87.43585968017578,163.9199981689453
2022-11-18,377.9177551269531,86.83452606201172,162.7899932861328
2022-11-21,376.5435485839844,87.2005386352539,161.8800048828125
2022-11-22,381.6107177734375,88.43810272216797,162.07000732421875
2022-11-23,384.0154113769531,89.98059844970703,163.0800018310547
2022-11-25,383.9295654296875,89.67557525634766,163.22000122070312
2022-11-28,377.8031921386719,89.92828369140625,161.92999267578125
2022-11-29,377.1543273925781,88.87380981445312,162.72999572753906
2022-11-30,389.0348815917969,89.52739715576172,164.80999755859375
2022-12-01,388.74859619140625,92.387451171875,167.83999633789062
2022-12-02,388.3000793457031,93.54926300048828,167.25999450683594
2022-12-05,381.3148498535156,92.23893737792969,164.38999938964844
2022-12-06,375.8182678222656,93.42695617675781,164.83999633789062
2022-12-07,375.1789245605469,95.62832641601562,166.3300018310547
2022-12-08,378.1180419921875,95.36627197265625,166.47000122070312
2022-12-09,375.2934875488281,92.8853759765625,167.05999755859375
2022-12-12,380.7041015625,93.1823959350586,165.67999267578125
2022-12-13,383.5860595703125,94.0821304321289,168.50999450683594
2022-12-14,381.1335144042969,94.4839859008789,168.10000610351562
2022-12-15,371.8103942871094,94.85261535644531,165.35000610351562
2022-12-16,367.4207763671875,93.7930679321289,166.7899932861328
2022-12-19,364.3051452636719,92.21687316894531,166.32000732421875
2022-12-20,364.80364990234375,90.57937622070312,169.0800018310547
2022-12-21,370.25830078125,90.80702209472656,168.8000030517578
2022-12-22,364.9762268066406,90.78953552246094,166.75999450683594
2022-12-23,367.07562255859375,89.45850372314453,167.25999450683594
2022-12-27,365.6280822753906,87.68965148925781,168.6699981689453
2022-12-28,361.0841064453125,87.17300415039062,167.91000366210938
2022-12-29,367.58367919921875,88.16252899169922,168.85000610351562
2022-12-30,366.6155090332031,87.1817855834961,169.63999938964844
2023-01-03,365.072021484375,88.84554290771484,171.05999755859375
2023-01-04,367.8905334472656,90.06272888183594,172.6699981689453
2023-01-05,363.691650390625,90.43925476074219,170.52000427246094
2023-01-06,372.03173828125,92.10304260253906,173.7100067138672
2023-01-09,371.8208923339844,92.59339904785156,174.10000610351562
2023-01-10,374.4283752441406,91.06098937988281,174.74000549316406
2023-01-11,379.1641845703125,92.5408706665039,174.6199951171875
2023-01-12,380.5445861816406,94.36226654052734,176.63999938964844
2023-01-13,382.02093505859375,93.47785949707031,178.75999450683594
2023-01-17,381.3211364746094,92.87360382080078,177.58999633789062
2023-01-18,375.30078125,95.12410736083984,177.0800018310547
2023-01-19,372.5687255859375,94.52862548828125,179.88999938964844
2023-01-20,379.5093078613281,92.99620056152344,179.2899932861328
2023-01-23,384.0628662109375,92.55836486816406,179.6300048828125
2023-01-24,383.6506652832031,93.889404296875,180.27999877929688
2023-01-25,383.7944641113281,94.11705780029297,181.11000061035156
2023-01-26,388.012451171875,93.6792221069336,179.47000122070312
2023-01-27,388.90399169921875,93.44282531738281,179.22000122070312
2023-01-30,384.0245056152344,93.10130310058594,178.75999450683594
2023-01-31,389.67095947265625,93.84561157226562,179.41000366210938
2023-02-01,393.8123474121094,94.9737319946289,181.6699981689453
2023-02-02,399.5450134277344,95.09666442871094,177.89999389648438
2023-02-03,395.2982177734375,93.67440032958984,173.4600067138672
2023-02-06,392.8824462890625,92.98087310791016,173.82000732421875
2023-02-07,398.0207824707031,92.2346420288086,173.97999572753906
2023-02-08,393.6685485839844,92.673583984375,174.41000366210938
2023-02-09,390.2557067871094,91.79566192626953,173.02999877929688
2023-02-10,391.1664733886719,90.76850891113281,173.36000061035156
2023-02-13,395.75830078125,91.53228759765625,172.47999572753906
2023-02-14,395.5762634277344,91.32158660888672,172.61000061035156
2023-02-15,396.8608093261719,90.47001647949219,170.88999938964844
2023-02-16,391.3965148925781,89.18822479248047,170.75
2023-02-17,390.4187316894531,89.88179016113281,171.25999450683594
2023-02-21,382.5865478515625,88.13471984863281,170.6199951171875
2023-02-22,382.059326171875,88.94242095947266,169.66000366210938
2023-02-23,384.0916442871094,89.81153869628906,169.57000732421875
2023-02-24,379.9886169433594,88.6439208984375,168.35000610351562
2023-02-27,381.28277587890625,88.88973999023438,169.00999450683594
2023-02-28,379.8735656738281,89.29357147216797,169.77999877929688
2023-03-01,378.4163818359375,88.33428955078125,170.75999450683594
2023-03-02,381.35943603515625,87.55101013183594,170.66000366210938
2023-03-03,387.47564697265625,89.67201232910156,172.49000549316406
2023-03-06,387.7440490722656,88.97674560546875,171.6199951171875
2023-03-07,381.8004455566406,89.52241516113281,168.6199951171875
2023-03-08,382.423583984375,89.61042785644531,168.5399932861328
2023-03-09,375.36798095703125,89.83043670654297,170.1999969482422
2023-03-10,369.9516296386719,92.92833709716797,173.8699951171875
2023-03-13,369.42425537109375,93.13957214355469,177.86000061035156
2023-03-14,375.5309143066406,91.60820770263672,176.8300018310547
2023-03-15,373.1822204589844,93.37718200683594,178.2100067138672
2023-03-16,379.729736328125,92.64672088623047,178.57000732421875
2023-03-17,375.2897033691406,94.0372543334961,183.77000427246094
2023-03-20,378.8983154296875,93.20996856689453,183.83999633789062
2023-03-21,383.87347412109375,92.40912628173828,180.3699951171875
2023-03-22,377.3297424316406,93.64122009277344,183.44000244140625
2023-03-23,378.349853515625,93.64122009277344,185.74000549316406
2023-03-24,380.83258056640625,94.0372543334961,183.64999389648438
2023-03-27,381.5447082519531,91.82823944091797,181.9499969482422
2023-03-28,380.6882629394531,91.99546813964844,183.44000244140625
2023-03-29,386.22149658203125,91.81063842773438,182.52999877929688
2023-03-30,388.4829406738281,92.23306274414062,184.17999267578125
2023-03-31,393.95843505859375,93.61482238769531,183.22000122070312
2023-04-03,395.4596862792969,94.05510711669922,184.5399932861328
2023-04-04,393.26556396484375,94.5226821899414,187.97999572753906
2023-04-05,392.2359313964844,95.51093292236328,187.8300018310547
2023-04-06,393.7659912109375,95.7579574584961,186.49000549316406
2023-04-10,394.1701354980469,94.21389770507812,185.11000061035156
2023-04-11,394.27593994140625,94.40801239013672,186.27999877929688
2023-04-12,392.6689147949219,94.31095886230469,187.19000244140625
2023-04-13,397.8846435546875,93.56983947753906,189.72000122070312
2023-04-14,396.9127197265625,92.71398162841797,186.36000061035156
2023-04-17,398.3370361328125,91.6110610961914,185.52999877929688
2023-04-18,398.59674072265625,91.9375228881836,186.25
2023-04-19,398.5294189453125,91.84930419921875,185.36000061035156
2023-04-20,396.3546142578125,92.63455200195312,186.08999633789062
2023-04-21,396.6625061035156,92.11400604248047,184.25
2023-04-24,397.07635498046875,93.00513458251953,184.80999755859375
2023-04-25,390.7731628417969,94.37273406982422,185.75
2023-04-26,389.11798095703125,93.36690521240234,184.74000549316406
2023-04-27,396.8646240234375,92.4404525756836,184.75
2023-04-28,400.25189208984375,93.93156433105469,184.8000030517578
2023-05-01,399.84771728515625,91.22309112548828,183.97000122070312
2023-05-02,395.3537902832031,93.49635314941406,187.52000427246094
2023-05-03,392.6401062011719,94.01826477050781,189.11000061035156
2023-05-04,389.8589782714844,93.0894775390625,190.44000244140625
2023-05-05,397.07635498046875,92.77987670898438,187.4600067138672
2023-05-08,397.1821594238281,91.4795913696289,187.69000244140625
2023-05-09,395.44036865234375,91.15234375,189.02000427246094
2023-05-10,397.2879943847656,92.03688049316406,188.75
2023-05-11,396.5951232910156,93.0098876953125,187.1300048828125
2023-05-12,396.07550048828125,92.23148345947266,186.80999755859375
2023-05-15,397.4420166015625,91.27616882324219,187.2100067138672
2023-05-16,394.7859802246094,91.0019760131836,184.8699951171875
2023-05-17,399.5782775878906,90.73660278320312,184.22999572753906
2023-05-18,403.42755126953125,90.06433868408203,181.83999633789062
2023-05-19,402.84051513671875,89.42745208740234,183.63999938964844
2023-05-22,403.00408935546875,89.1090087890625,183.2100067138672
2023-05-23,398.48126220703125,89.36554718017578,183.42999267578125
2023-05-24,395.5943298339844,88.92327117919922,181.9499969482422
2023-05-25,399.0201721191406,88.70215606689453,180.1999969482422
2023-05-26,404.1877746582031,89.41862487792969,180.9199981689453
2023-05-30,404.3416748046875,90.31201934814453,182.0399932861328
2023-05-31,402.09954833984375,91.0992660522461,182.32000732421875
2023-06-01,405.91986083984375,91.45668029785156,183.75999450683594
2023-06-02,411.7900085449219,90.4544677734375,181.0500030517578
2023-06-05,411.0008544921875,90.2859878540039,182.13999938964844
2023-06-06,411.8957824707031,90.81810760498047,182.33999633789062
2023-06-07,410.47161865234375,89.47003173828125,180.14999389648438
2023-06-08,412.9544372558594,90.51657104492188,182.52999877929688
2023-06-09,413.6953125,90.39240264892578,182.0399932861328
2023-06-12,417.44830322265625,90.6584701538086,181.8800048828125
2023-06-13,420.2005310058594,89.76271057128906,180.5399932861328
2023-06-14,420.700927734375,90.4810791015625,180.63999938964844
2023-06-15,425.9165954589844,91.35026550292969,181.91000366210938
2023-06-16,424.46588134765625,90.99549102783203,181.6300048828125
2023-06-20,422.26361083984375,91.62516784667969,179.75
2023-06-21,420.10003662109375,91.84693908691406,179.49000549316406
2023-06-22,421.61651611328125,90.73829650878906,177.7100067138672
2023-06-23,418.4291076660156,91.64293670654297,178.1999969482422
2023-06-26,416.7195129394531,91.74050903320312,178.50999450683594
2023-06-27,421.2880859375,91.50102233886719,177.69000244140625
2023-06-28,421.5006103515625,91.89126586914062,177.27999877929688
2023-06-29,423.16192626953125,90.23277282714844,177.08999633789062
2023-06-30,428.155517578125,91.2970199584961,178.27000427246094
2023-07-03,428.64813232421875,90.77946472167969,178.47000122070312
2023-07-05,428.0106506347656,89.91685485839844,177.83999633789062
2023-07-06,424.6590270996094,88.64517211914062,177.30999755859375
2023-07-07,423.5868835449219,88.111572265625,178.63999938964844
2023-07-10,424.6590270996094,88.22718048095703,178.77999877929688
2023-07-11,427.36346435546875,88.68072509765625,179.4499969482422
2023-07-12,430.8020324707031,89.6678466796875,181.8800048828125
2023-07-13,434.22125244140625,90.61051940917969,182.00999450683594
2023-07-14,433.9508056640625,90.0769271850586,181.42999267578125
2023-07-17,435.4575500488281,90.12138366699219,181.55999755859375
2023-07-18,438.6932373046875,90.53046417236328,183.63999938964844
2023-07-19,439.6688232421875,91.55313110351562,183.6699981689453
2023-07-20,436.7518615722656,90.4415512084961,182.74000549316406
2023-07-21,436.7518615722656,90.46821594238281,182.17999267578125
2023-07-24,438.702880859375,90.13917541503906,181.39999389648438
2023-07-25,439.900634765625,89.97022247314453,182.41000366210938
2023-07-26,439.96826171875,90.05913543701172,183.3000030517578
2023-07-27,437.05133056640625,88.30720520019531,180.4199981689453
2023-07-28,441.3301086425781,88.7607650756836,181.86000061035156
2023-07-31,442.1704406738281,88.97419738769531,182.35000610351562
2023-08-01,440.9051513671875,87.51616668701172,180.4600067138672
2023-08-02,434.7718505859375,86.57982635498047,179.60000610351562
2023-08-03,433.5257873535156,84.58232879638672,179.5399932861328
2023-08-04,431.56512451171875,86.08045959472656,180.19000244140625
2023-08-07,435.33203125,85.23329162597656,179.77999877929688
2023-08-08,433.4389343261719,86.22313690185547,178.63999938964844
2023-08-09,430.54132080078125,86.66902923583984,177.7899932861328
2023-08-10,430.69580078125,85.2422103881836,177.60000610351562
2023-08-11,430.44464111328125,85.04605102539062,177.60000610351562
2023-08-14,432.82073974609375,84.8587875366211,177.05999755859375
2023-08-15,427.77886962890625,84.3415756225586,176.58999633789062
2023-08-16,424.6397705078125,83.68165588378906,175.57000732421875
2023-08-17,421.404052734375,83.32495880126953,175.3000030517578
2023-08-18,421.6068420410156,83.61923217773438,175.3300018310547
2023-08-21,424.3499450683594,82.50454711914062,175.80999755859375
2023-08-22,423.2005310058594,83.13770294189453,176.10000610351562
2023-08-23,427.91412353515625,85.19763946533203,177.88999938964844
2023-08-24,421.9835205078125,84.63585662841797,177.85000610351562
2023-08-25,424.95843505859375,84.91228485107422,177.6199951171875
2023-08-28,427.6532287597656,85.00144958496094,178.1300048828125
2023-08-29,433.83489990234375,85.88429260253906,179.8699951171875
2023-08-30,435.62176513671875,85.79510498046875,180.32000732421875
2023-08-31,434.98431396484375,86.17857360839844,180.02000427246094
2023-09-01,435.795654296875,84.83602142333984,180.11000061035156
2023-09-05,433.91217041015625,83.64645385742188,178.63999938964844
2023-09-06,430.9951477050781,83.85216522216797,177.8300018310547
2023-09-07,429.6719055175781,84.08472442626953,178.02000427246094
2023-09-08,430.319091796875,84.40670013427734,178.0800018310547
2023-09-11,433.1491394042969,83.79850769042969,178.41000366210938
2023-09-12,430.7730407714844,84.281494140625,177.49000549316406
2023-09-13,431.2752990722656,84.26358795166016,177.0800018310547
2023-09-14,434.99395751953125,83.6553955078125,177.1699981689453
2023-09-15,429.7530517578125,83.14557647705078,178.33999633789062
2023-09-18,430.0049743652344,83.61962890625,179.38999938964844
2023-09-19,429.11334228515625,83.00244140625,179.22000122070312
2023-09-20,425.1683044433594,83.2618408203125,179.35000610351562
2023-09-21,418.1410217285156,81.1241683959961,178.0500030517578
2023-09-22,417.20074462890625,81.77710723876953,178.6199951171875
2023-09-25,418.95513916015625,79.76466369628906,177.6999969482422
2023-09-26,412.8002014160156,79.48738098144531,176.27999877929688
2023-09-27,412.9649963378906,79.0759506225586,174.10000610351562
2023-09-28,415.3591003417969,79.31744384765625,173.22999572753906
2023-09-29,414.35101318359375,79.3263931274414,171.4499969482422
2023-10-02,414.186279296875,77.99845123291016,169.64999389648438
2023-10-03,408.6419372558594,76.3205795288086,169.16000366210938
2023-10-04,411.6177062988281,77.39727020263672,169.13999938964844
2023-10-05,411.4625549316406,77.011474609375,168.8300018310547
2023-10-06,416.3477478027344,76.07832336425781,169.6999969482422
2023-10-09,419.0133361816406,77.86385345458984,172.82000732421875
2023-10-10,421.1942138671875,77.75617980957031,172.52999877929688
2023-10-11,422.9195251464844,79.3802261352539,173.7899932861328
2023-10-12,420.3411865234375,77.22679901123047,173.25999450683594
2023-10-13,418.2475280761719,78.60858917236328,178.8300018310547
2023-10-16,422.6481628417969,77.34346008300781,177.9600067138672
2023-10-17,422.62872314453125,76.49107360839844,178.2899932861328
2023-10-18,416.9971618652344,75.81809997558594,180.8699951171875
2023-10-19,413.333251953125,74.26583862304688,183.08999633789062
2023-10-20,408.2541809082031,74.68759155273438,183.58999633789062
2023-10-23,407.5466003417969,75.58484649658203,182.97000122070312
2023-10-24,410.6192626953125,76.58077239990234,182.9499969482422
2023-10-25,404.7260437011719,74.8759994506836,183.72000122070312
2023-10-26,399.8795471191406,76.02449035644531,184.00999450683594
2023-10-27,398.0670166015625,75.70146942138672,186.14999389648438
2023-10-30,402.8262023925781,75.36051940917969,185.10000610351562
2023-10-31,405.3560791015625,74.9926528930664,184.08999633789062
2023-11-01,409.6790771484375,76.61865234375,183.50999450683594
2023-11-02,417.53033447265625,78.36531829833984,184.1199951171875
2023-11-03,421.3396301269531,78.89647674560547,184.7899932861328
2023-11-06,422.30889892578125,78.1312255859375,183.35000610351562
2023-11-07,423.5107727050781,79.28363037109375,182.58999633789062
2023-11-08,423.8209533691406,80.63416290283203,180.77000427246094
2023-11-09,420.5157165527344,78.7794418334961,181.49000549316406
2023-11-10,427.0777587890625,79.22061920166016,179.50999450683594
2023-11-13,426.670654296875,79.0405502319336,180.50999450683594
2023-11-14,434.9484558105469,80.83222198486328,182.1199951171875
2023-11-15,435.8691711425781,79.69779968261719,181.63999938964844
2023-11-16,436.40234375,80.68814849853516,183.69000244140625
2023-11-17,436.94512939453125,81.06629943847656,183.6699981689453
2023-11-20,440.30853271484375,81.56147003173828,183.3699951171875
2023-11-21,439.3489685058594,81.5254898071289,185.35000610351562
2023-11-22,441.045166015625,81.8135757446289,184.55999755859375
2023-11-24,441.3166198730469,80.85023498535156,185.52000427246094
2023-11-27,440.5217590332031,82.20073699951172,186.77000427246094
2023-11-28,440.95794677734375,82.36278533935547,189.25999450683594
2023-11-29,440.6478271484375,83.39818572998047,189.5399932861328
2023-11-30,442.3828125,82.43482208251953,188.75
2023-12-01,444.9999084472656,83.9874038696289,192.00999450683594
2023-12-04,442.6639404296875,83.6532211303711,187.86000061035156
2023-12-05,442.5766906738281,85.4505844116211,187.14999389648438
2023-12-06,440.7932434082031,86.58856964111328,187.83999633789062
2023-12-07,444.1566162109375,86.0918197631836,188.14999389648438
2023-12-08,446.06610107421875,85.3873519897461,185.63999938964844
2023-12-11,447.8011474609375,85.20671081542969,183.58999633789062
2023-12-12,449.8463439941406,85.45960235595703,183.49000549316406
2023-12-13,456.0498046875,87.46466827392578,187.6300048828125
2023-12-14,457.5133972167969,89.73987579345703,188.72999572753906
2023-12-15,456.7601318359375,89.83954620361328,187.0
2023-12-18,459.3294372558594,89.12374114990234,187.85000610351562
2023-12-19,462.1225891113281,89.60394287109375,189.1300048828125
2023-12-20,455.7187805175781,90.2110366821289,188.10000610351562
2023-12-21,460.0398864746094,89.64022064208984,189.42999267578125
2023-12-22,460.96441650390625,89.23248291015625,190.27000427246094
2023-12-26,462.910888671875,89.4861831665039,191.72000122070312
2023-12-27,463.74786376953125,91.07186889648438,192.58999633789062
2023-12-28,463.92303466796875,90.41039276123047,191.47000122070312
2023-12-29,462.5799865722656,89.59490966796875,191.1699981689453
2024-01-02,459.9911804199219,89.07843017578125,190.72000122070312
2024-01-03,456.2345886230469,89.44994354248047,189.1300048828125
2024-01-04,454.7650146484375,88.09078216552734,189.32000732421875
2024-01-05,455.38787841796875,87.24811553955078,189.35000610351562
2024-01-08,461.8890075683594,88.10892486572266,187.8699951171875
2024-01-09,461.1882629394531,87.54713439941406,187.92999267578125
2024-01-10,463.79644775390625,87.13939666748047,187.5
2024-01-11,463.59210205078125,87.62867736816406,187.8699951171875
2024-01-12,463.9132995605469,87.45651245117188,189.7100067138672
2024-01-16,462.2101135253906,85.91614532470703,187.91000366210938
2024-01-17,459.640869140625,85.7802505493164,185.83999633789062
2024-01-18,463.7283935546875,84.98287200927734,187.3699951171875
2024-01-19,469.50921630859375,85.25471496582031,187.92999267578125
2024-01-22,470.501953125,85.76211547851562,187.22000122070312
2024-01-23,471.8742370605469,85.08255767822266,187.9499969482422
2024-01-24,472.3900146484375,84.58418273925781,186.39999389648438
2024-01-25,474.9593200683594,85.13690185546875,187.13999938964844
2024-01-26,474.3559265136719,84.97380828857422,187.00999450683594
2024-01-29,478.1125183105469,85.95238494873047,188.3300018310547
2024-01-30,477.7427062988281,86.73164367675781,188.58999633789062
2024-01-31,469.9472351074219,87.58338165283203,188.4499969482422
2024-02-01,476.0979919433594,89.30140686035156,190.41000366210938
2024-02-02,481.1100158691406,87.3288345336914,188.61000061035156
2024-02-05,479.3582458496094,85.56534576416016,187.57000732421875
2024-02-06,480.7499694824219,86.40164947509766,188.5500030517578
2024-02-07,484.7596435546875,85.98351287841797,188.5
2024-02-08,484.9736633300781,85.48356628417969,188.3300018310547
2024-02-09,487.77655029296875,85.31082153320312,187.60000610351562
2024-02-12,487.5624694824219,85.41085052490234,187.11000061035156
2024-02-13,480.8472900390625,83.94731140136719,184.52999877929688
2024-02-14,485.2170104980469,84.37456512451172,184.4199981689453
2024-02-15,488.56488037109375,84.81090545654297,185.66000366210938
2024-02-16,486.1318359375,84.32002258300781,186.33999633789062
2024-02-20,483.4555358886719,84.39273834228516,187.47000122070312
2024-02-21,483.8934020996094,83.79278564453125,187.47999572753906
2024-02-22,493.9078674316406,84.20183563232422,187.55999755859375
2024-02-23,494.24847412109375,85.32902526855469,188.6199951171875
2024-02-26,492.4382629394531,85.07450103759766,188.1999969482422
2024-02-27,493.35308837890625,84.47455596923828,188.0
2024-02-28,492.7010498046875,85.01087951660156,188.33999633789062
2024-02-29,494.4722900390625,85.61080169677734,189.30999755859375
2024-03-01,499.11456298828125,86.14424133300781,192.88999938964844
2024-03-04,498.57928466796875,85.7977523803711,196.00999450683594
2024-03-05,493.59637451171875,87.01964569091797,197.19000244140625
2024-03-06,496.0975646972656,87.53031158447266,198.80999755859375
2024-03-07,501.0220642089844,87.4482192993164,199.94000244140625
2024-03-08,498.01483154296875,87.293212890625,201.6300048828125
2024-03-11,497.58660888671875,87.24764251708984,202.0
2024-03-12,502.9393005371094,86.51812744140625,199.7899932861328
2024-03-13,502.1510009765625,86.09868621826172,201.19000244140625
2024-03-14,501.1582946777344,84.77645111083984,200.35000610351562
2024-03-15,497.71710205078125,84.74910736083984,199.7100067138672
2024-03-18,500.675048828125,84.4937744140625,200.02999877929688
2024-03-19,503.4573974609375,84.7308578491211,199.8000030517578
2024-03-20,508.11407470703125,84.7035140991211,202.17999267578125
2024-03-21,509.7932434082031,84.88587188720703,201.97000122070312
2024-03-22,508.8266906738281,85.69745635986328,200.35000610351562
2024-03-25,507.4208984375,85.26885986328125,200.99000549316406
2024-03-26,506.4837341308594,85.5059585571289,201.63999938964844
2024-03-27,510.7400817871094,86.3539810180664,203.10000610351562
2024-03-28,510.64251708984375,86.28105926513672,205.72000122070312
2024-04-01,509.754150390625,84.67266082763672,207.82000732421875
2024-04-02,506.5130310058594,84.20609283447266,210.88999938964844
2024-04-03,507.0693664550781,84.18775939941406,212.74000549316406
2024-04-04,500.8800964355469,84.7916030883789,211.52000427246094
2024-04-05,506.11279296875,83.61139678955078,215.13999938964844
2024-04-08,506.3957824707031,83.60224151611328,216.47999572753906
2024-04-09,506.9815979003906,84.3799057006836,217.6699981689453
2024-04-10,501.9051513671875,82.54097747802734,215.61000061035156
2024-04-11,505.69293212890625,82.16587829589844,219.8000030517578
2024-04-12,498.7128601074219,82.60503387451172,216.88999938964844
2024-04-15,492.46490478515625,81.3241958618164,220.9499969482422
2024-04-16,491.5667724609375,80.78441619873047,221.22000122070312
2024-04-17,488.6575927734375,81.68099212646484,219.58999633789062
2024-04-18,487.65203857421875,81.26930236816406,220.33999633789062
2024-04-19,483.3955993652344,81.56207275390625,221.02999877929688
2024-04-22,487.8472595214844,81.42483520507812,215.57000732421875
2024-04-23,493.6363830566406,81.45226287841797,215.0399932861328
2024-04-24,493.402099609375,80.87589263916016,214.63999938964844
2024-04-25,491.5277099609375,80.30866241455078,215.9199981689453
2024-04-26,496.18438720703125,80.72949981689453,216.6199951171875
2024-04-29,497.94158935546875,81.40652465820312,216.17999267578125
2024-04-30,490.0535888671875,80.7112045288086,211.8699951171875
2024-05-01,488.46234130859375,81.30615234375,213.7899932861328
2024-05-02,493.0311279296875,81.6550064086914,213.1300048828125
2024-05-03,499.1424255371094,82.48129272460938,212.9600067138672
2024-05-06,504.2969665527344,82.8026351928711,215.1999969482422
2024-05-07,504.8533935546875,83.30757141113281,214.2100067138672
2024-05-08,504.9022216796875,82.8026351928711,213.5800018310547
2024-05-09,507.81146240234375,83.20658874511719,216.9499969482422
2024-05-10,508.465576171875,82.73837280273438,218.7100067138672
2024-05-13,508.53375244140625,82.94952392578125,216.25999450683594
2024-05-14,510.8670959472656,83.41771697998047,218.08999633789062
2024-05-15,517.193115234375,84.55616760253906,220.88999938964844
2024-05-16,516.1289672851562,84.47355651855469,220.02999877929688
2024-05-17,516.8709716796875,83.90432739257812,223.66000366210938
2024-05-20,517.4664916992188,83.65645599365234,224.55999755859375
2024-05-21,518.7355346679688,84.08795166015625,224.22999572753906
2024-05-22,517.241943359375,84.18891906738281,220.11000061035156
2024-05-23,513.4638671875,83.64727783203125,215.72000122070312
2024-05-24,516.8612060546875,83.8951416015625,215.9199981689453
2024-05-28,517.222412109375,82.69244384765625,218.19000244140625
2024-05-29,513.6005249023438,81.69173431396484,216.16000366210938
2024-05-30,510.193359375,82.48129272460938,216.57000732421875
2024-05-31,514.8402709960938,83.04132080078125,215.3000030517578
2024-06-03,515.2601318359375,84.38449096679688,217.22000122070312
2024-06-04,515.8360595703125,85.37020874023438,215.27000427246094
2024-06-05,521.9669189453125,85.99662780761719,217.82000732421875
2024-06-06,521.9570922851562,85.86764526367188,219.42999267578125
2024-06-07,521.3226318359375,84.29234313964844,211.60000610351562
2024-06-10,522.9332885742188,83.73043060302734,213.5399932861328
2024-06-11,524.1928100585938,84.59636688232422,214.14999389648438
2024-06-12,528.4979858398438,85.23200988769531,214.72000122070312
2024-06-13,529.5620727539062,86.4848861694336,212.97000122070312
2024-06-14,529.8843383789062,87.212646484375,215.72999572753906
2024-06-17,534.1014404296875,86.3467025756836,214.61000061035156
2024-06-18,535.4586181640625,87.13895416259766,215.47000122070312
2024-06-20,534.0039672851562,86.55858612060547,218.16000366210938
2024-06-21,533.2880249023438,86.55858612060547,214.77999877929688
2024-06-24,531.5545043945312,86.90864562988281,215.6300048828125
2024-06-25,533.6015014648438,87.0560531616211,214.55999755859375
2024-06-26,534.2674560546875,85.8124008178711,212.5800018310547
2024-06-27,535.1097412109375,86.1532211303711,214.99000549316406
2024-06-28,533.0039672851562,84.55030059814453,215.00999450683594
2024-07-01,534.100830078125,83.091064453125,215.57000732421875
2024-07-02,537.6952514648438,83.73797607421875,215.55999755859375
2024-07-03,540.0948486328125,84.83772277832031,217.99000549316406
2024-07-05,543.2093505859375,85.54007720947266,220.92999267578125
2024-07-08,543.8360595703125,85.72491455078125,218.19000244140625
2024-07-09,544.364990234375,85.34601593017578,218.55999755859375
2024-07-10,549.7516479492188,85.61399841308594,219.36000061035156
2024-07-11,545.0112915039062,86.44575500488281,223.25
2024-07-12,548.4489135742188,86.81542205810547,223.11000061035156
2024-07-15,549.957275390625,85.81732940673828,223.8300018310547
2024-07-16,553.2186279296875,87.02796936035156,228.2899932861328
2024-07-17,545.4618530273438,87.04647064208984,227.22999572753906
2024-07-18,541.2700805664062,86.38106536865234,225.77999877929688
2024-07-19,537.6756591796875,85.87278747558594,221.72999572753906
2024-07-22,543.2190551757812,85.6232681274414,221.8000030517578
2024-07-23,542.3670043945312,85.50310516357422,222.5800018310547
2024-07-24,530.0755004882812,84.57894134521484,221.8000030517578
2024-07-25,527.313720703125,85.27204895019531,218.3300018310547
2024-07-26,533.219482421875,85.93744659423828,220.6300048828125
2024-07-29,533.5328369140625,86.3995361328125,220.32000732421875
2024-07-30,530.8297119140625,86.73223114013672,222.52000427246094
2024-07-31,539.4581909179688,87.61941528320312,226.5500030517578
2024-08-01,531.8190307617188,88.37511444091797,225.77000427246094
2024-08-02,521.9172973632812,91.1290512084961,225.33999633789062
2024-08-05,506.7171630859375,91.6112060546875,222.47999572753906
2024-08-06,511.388916015625,89.56198120117188,220.6999969482422
2024-08-07,507.97076416015625,88.93148040771484,220.5500030517578
2024-08-08,519.7136840820312,88.38439178466797,224.00999450683594
2024-08-09,522.0054321289062,89.25601959228516,224.55999755859375
2024-08-12,522.27978515625,89.5805435180664,228.41000366210938
2024-08-13,530.8688354492188,90.20179748535156,228.05999755859375
2024-08-14,532.5437622070312,90.76740264892578,226.1999969482422
2024-08-15,541.6715698242188,90.0348892211914,226.91000366210938
2024-08-16,542.8860473632812,90.35015106201172,231.99000549316406
2024-08-19,548.0767822265625,90.76740264892578,231.61000061035156
2024-08-20,547.185546875,91.49066162109375,232.4600067138672
2024-08-21,549.0659790039062,91.54629516601562,232.14999389648438
2024-08-22,544.7567749023438,90.6375961303711,229.3699951171875
2024-08-23,550.5447998046875,91.23103332519531,232.02000427246094
2024-08-26,549.2325439453125,90.99922180175781,232.75999450683594
2024-08-27,549.9866943359375,90.84159088134766,233.38999938964844
2024-08-28,546.7937622070312,90.73030853271484,231.75
2024-08-29,546.8427124023438,90.43360900878906,232.9499969482422
2024-08-30,552.0629272460938,89.46928405761719,231.2899932861328
2024-09-03,540.7020263671875,90.93257904052734,230.2899932861328
2024-09-04,539.59521484375,92.10469055175781,230.42999267578125
2024-09-05,538.282958984375,92.6256332397461,232.35000610351562
2024-09-06,529.2235717773438,92.6163330078125,230.6300048828125
2024-09-09,535.1488647460938,93.0163345336914,231.60000610351562
2024-09-10,537.479736328125,93.66752624511719,232.6199951171875
2024-09-11,542.9937744140625,93.59308624267578,232.25
2024-09-12,547.5675659179688,93.1558837890625,236.3300018310547
2024-09-13,550.4274291992188,93.40705108642578,238.67999267578125
2024-09-16,551.240234375,94.26287841796875,238.66000366210938
2024-09-17,551.465576171875,93.80706787109375,237.33999633789062
2024-09-18,549.8300170898438,92.64423370361328,235.50999450683594
2024-09-19,559.2125244140625,92.33724975585938,239.1699981689453
2024-09-20,558.2459106445312,91.98375701904297,242.2100067138672
2024-09-23,559.6408081054688,91.78840637207031,242.67999267578125
2024-09-24,561.2421875,91.76979064941406,246.07000732421875
2024-09-25,560.0042724609375,91.0069808959961,245.72999572753906
2024-09-26,562.2245483398438,91.220947265625,246.97999572753906
2024-09-27,561.4089965820312,91.69537353515625,245.02000427246094
2024-09-30,563.6588745117188,91.25814819335938,243.05999755859375
2024-10-01,558.609375,91.91702270507812,245.61000061035156
2024-10-02,558.8451538085938,91.1424331665039,245.66000366210938
2024-10-03,557.8234252929688,90.28382873535156,245.49000549316406
2024-10-04,562.8925170898438,89.17324829101562,245.0
2024-10-07,557.8037719726562,88.50129699707031,244.1699981689453
2024-10-08,563.0792846679688,88.6506118774414,242.3699951171875
2024-10-09,566.9793090820312,88.14665222167969,241.0500030517578
2024-10-10,565.987060546875,87.80136108398438,242.82000732421875
2024-10-11,569.3764038085938,87.44672393798828,245.47000122070312
2024-10-14,574.0328369140625,87.51204681396484,245.07000732421875
2024-10-15,569.5728759765625,88.57595825195312,245.9199981689453
2024-10-16,572.0484008789062,88.94926452636719,247.14999389648438
2024-10-17,572.0975341796875,87.54003143310547,248.6300048828125
2024-10-18,574.298095703125,87.60536193847656,251.27000427246094
2024-10-21,573.3551025390625,86.0748291015625,251.22000122070312
2024-10-22,573.050537109375,86.15879821777344,253.92999267578125
2024-10-23,567.8143310546875,85.92549896240234,250.8699951171875
2024-10-24,569.0423583984375,86.47614288330078,252.8000030517578
2024-10-25,568.8458251953125,85.99081420898438,253.32000732421875
2024-10-28,570.6043701171875,85.75749969482422,253.3300018310547
2024-10-29,571.52783203125,85.88816833496094,256.0899963378906
2024-10-30,569.798828125,86.14015197753906,257.5
2024-10-31,558.6290283203125,86.28011322021484,253.50999450683594
2024-11-01,560.9867553710938,85.063720703125,252.47000122070312
2024-11-04,559.7783203125,86.38407897949219,252.8300018310547
2024-11-05,566.5470581054688,86.84290313720703,253.39999389648438
2024-11-06,580.6346435546875,84.46442413330078,245.6999969482422
2024-11-07,585.1240844726562,85.52259063720703,249.64999389648438
2024-11-08,587.6588134765625,86.60882568359375,247.9600067138672
2024-11-11,588.2186279296875,86.18743133544922,242.13999938964844
2024-11-12,586.3914794921875,84.89518737792969,240.0500030517578
2024-11-13,586.6763305664062,84.08985137939453,237.6300048828125
2024-11-14,582.9039306640625,84.57679748535156,237.00999450683594
2024-11-15,575.4376831054688,84.35205078125,236.58999633789062
2024-11-18,577.79541015625,84.50188446044922,241.08999633789062
2024-11-19,579.9076538085938,84.93262481689453,243.25
2024-11-20,580.1040649414062,84.66107940673828,244.6199951171875
2024-11-21,583.2183227539062,84.59552001953125,246.66000366210938
2024-11-22,585.02587890625,84.64234924316406,249.83999633789062
2024-11-25,587.0103759765625,86.83356475830078,242.47999572753906
2024-11-26,590.075439453125,86.49644470214844,242.9499969482422
2024-11-27,588.2874755859375,87.09574890136719,243.49000549316406
2024-11-29,591.9419555664062,87.99472045898438,245.58999633789062
2024-12-02,593.0030517578125,88.20611572265625,243.44000244140625
2024-12-03,593.2780151367188,87.44500732421875,243.92999267578125
2024-12-04,596.9619140625,88.3846664428711,244.6699981689453
2024-12-05,595.9796142578125,88.56320190429688,242.86000061035156
2024-12-06,597.109375,88.69474792480469,242.9499969482422
2024-12-09,594.0344848632812,87.87722778320312,245.36000061035156
2024-12-10,592.1875610351562,87.46379089355469,248.58999633789062
2024-12-11,596.7655639648438,86.63690185546875,250.9600067138672
2024-12-12,593.690673828125,85.58446502685547,247.27999877929688
2024-12-13,593.57275390625,84.71058654785156,244.2899932861328
2024-12-16,596.1072998046875,84.96427917480469,244.8800048828125
2024-12-17,593.6513061523438,85.17102813720703,243.94000244140625
2024-12-18,575.9584350585938,84.10603332519531,239.25999450683594
2024-12-19,575.7815551757812,82.83253479003906,239.60000610351562
2024-12-20,582.6973266601562,83.30419921875,242.10000610351562
2024-12-23,586.1866455078125,82.54011535644531,240.9600067138672
2024-12-24,592.7020263671875,82.88914489746094,241.44000244140625
2024-12-26,592.7416381835938,82.84197998046875,243.07000732421875
2024-12-27,586.5020751953125,82.16277313232422,241.39999389648438
2024-12-30,579.8091430664062,82.82310485839844,240.6300048828125
2024-12-31,577.69970703125,82.3797378540039,242.1300048828125
2025-01-02,576.2802734375,82.60613250732422,245.4199981689453
2025-01-03,583.48583984375,82.34202575683594,243.49000549316406
2025-01-06,586.8470458984375,81.97411346435547,243.19000244140625
2025-01-07,580.2132568359375,81.04967498779297,244.55999755859375
2025-01-08,581.06103515625,81.15343475341797,245.86000061035156
2025-01-10,572.1896362304688,80.61573028564453,248.2100067138672
2025-01-13,573.0768432617188,80.58744812011719,245.74000549316406
2025-01-14,573.8652954101562,80.45538330078125,247.02999877929688
2025-01-15,584.303955078125,81.84207153320312,248.8800048828125
2025-01-16,583.1802368164062,82.10619354248047,250.60000610351562
2025-01-17,589.0353393554688,82.24768829345703,249.27000427246094
2025-01-21,594.4270629882812,82.98346710205078,253.1300048828125
2025-01-22,597.7686157226562,82.5495376586914,254.42999267578125
2025-01-23,601.03125,81.90809631347656,254.07000732421875
2025-01-24,599.276611328125,82.27599334716797,255.64999389648438
2025-01-27,590.7998046875,83.24758911132812,252.99000549316406
2025-01-28,595.8761596679688,83.19100189208984,255.17999267578125
2025-01-29,593.2048950195312,83.02120208740234,254.1999969482422
2025-01-30,596.3886108398438,83.33248901367188,258.04998779296875
2025-01-31,593.2146606445312,82.78536987304688,258.55999755859375
2025-02-03,589.2225952148438,83.45941162109375,259.94000244140625
2025-02-04,593.17529296875,83.71501922607422,262.5
2025-02-05,595.5802612304688,85.09715270996094,264.1300048828125
2025-02-06,597.650390625,85.05931091308594,263.42999267578125
2025-02-07,592.1797485351562,84.5102310180664,263.8999938964844
2025-02-10,596.2012939453125,84.254638671875,268.3699951171875
2025-02-11,596.65478515625,83.71501922607422,267.3900146484375
2025-02-12,594.732666015625,82.57899475097656,267.6700134277344
2025-02-13,601.0115356445312,83.9516830444336,270.30999755859375
2025-02-14,600.9820556640625,84.3966293334961,266.2900085449219
2025-02-18,602.7463989257812,83.40262603759766,270.70001220703125
2025-02-19,604.1658325195312,83.50674438476562,270.8500061035156
2025-02-20,601.6522827148438,83.81914520263672,270.989990234375
2025-02-21,591.361572265625,84.83209228515625,270.739990234375
2025-02-24,588.670654296875,85.07823944091797,272.2099914550781
2025-02-25,585.7429809570312,86.54559326171875,268.6199951171875
2025-02-26,586.0387573242188,87.05680084228516,269.0299987792969
2025-02-27,576.6844482421875,86.44145965576172,264.92999267578125
2025-02-28,585.683837890625,87.5017318725586,263.2699890136719
2025-03-03,575.4227905273438,87.91009521484375,266.739990234375
2025-03-04,568.611572265625,86.82748413085938,269.05999755859375
2025-03-05,574.722900390625,86.13421630859375,269.6199951171875
2025-03-06,564.5209350585938,85.84935760498047,268.25
2025-03-07,567.6849975585938,85.57391357421875,268.3900146484375
2025-03-10,552.564453125,86.46662902832031,266.0400085449219
2025-03-11,547.9710083007812,85.84935760498047,269.1600036621094
2025-03-12,550.8788452148438,85.33650207519531,270.3299865722656
2025-03-13,543.5352783203125,86.08676147460938,275.1300048828125
2025-03-14,554.762451171875,85.63092041015625,275.239990234375
2025-03-17,559.0404663085938,86.05826568603516,276.7300109863281
2025-03-18,552.9981079101562,86.14372253417969,279.9599914550781
2025-03-19,559.020751953125,86.59007263183594,281.1099853515625
2025-03-20,557.4041137695312,86.64704895019531,280.75
2025-03-21,557.5880737304688,86.13421630859375,278.489990234375
2025-03-24,567.5736083984375,85.25106048583984,277.25
2025-03-25,568.93798828125,85.24154663085938,278.4700012207031
2025-03-26,562.1458740234375,84.68123626708984,278.239990234375
2025-03-27,560.6529541015625,84.434326171875,281.9700012207031
2025-03-28,549.3623657226562,85.60242462158203,284.05999755859375
2025-03-31,553.050048828125,86.44762420654297,288.1400146484375
2025-04-01,554.6121215820312,87.19673156738281,287.57000732421875
2025-04-02,558.1220092773438,87.1395492553711,288.1600036621094
2025-04-03,530.6171875,87.53984069824219,286.4200134277344
2025-04-04,499.5533447265625,88.492919921875,279.7200012207031
2025-04-07,498.6635437011719,85.82432556152344,273.7099914550781
2025-04-08,490.8531188964844,84.20408630371094,275.20001220703125
2025-04-09,542.4021606445312,84.69969177246094,285.3800048828125
2025-04-10,518.6345825195312,82.3646469116211,292.3500061035156
2025-04-11,527.8884887695312,82.81259155273438,297.92999267578125
2025-04-14,533.009765625,83.40349578857422,296.2300109863281
2025-04-15,531.5169067382812,83.69896697998047,297.7799987792969
2025-04-16,519.702392578125,84.16596221923828,307.4700012207031
2025-04-17,520.44384765625,83.42256164550781,306.1199951171875
2025-04-21,508.05584716796875,81.96434783935547,315.5899963378906
2025-04-22,521.2743530273438,82.42184448242188,311.1099853515625
2025-04-23,529.3516845703125,83.22241973876953,303.6499938964844
2025-04-24,540.4940185546875,84.0992431640625,308.07000732421875
2025-04-25,544.3992309570312,84.71874237060547,304.7300109863281
2025-04-28,544.6068725585938,85.25245666503906,309.07000732421875
2025-04-29,548.0375366210938,85.96726989746094,306.05999755859375
2025-04-30,548.2550659179688,85.27152252197266,303.7699890136719
2025-05-01,552.1405029296875,84.83914947509766,297.4599914550781
2025-05-02,560.3364868164062,83.92085266113281,297.9800109863281
2025-05-05,557.1234130859375,83.45210266113281,306.8800048828125
2025-05-06,552.4667358398438,83.7295150756836,315.4800109863281
2025-05-07,554.7901611328125,84.08345031738281,310.75
2025-05-08,558.6558837890625,83.14598083496094,304.6300048828125
2025-05-09,557.9439697265625,83.27035522460938,306.8399963378906
2025-05-12,576.3826293945312,82.49552917480469,298.19000244140625
2025-05-13,580.1890258789062,82.16072845458984,299.4599914550781
2025-05-14,580.9304809570312,81.61547088623047,293.1600036621094
2025-05-15,583.7680053710938,82.3329086303711,297.8399963378906
2025-05-16,587.4655151367188,82.55292510986328,294.239990234375
2025-05-19,588.108154296875,82.31378936767578,298.0299987792969
2025-05-20,586.130859375,81.72069549560547,303.5799865722656
2025-05-21,576.2540893554688,80.3240966796875,305.82000732421875
2025-05-22,576.4815063476562,80.7449722290039,303.1099853515625
2025-05-23,572.5465698242188,80.87890625,309.75
2025-05-27,584.4501953125,82.0076675415039,304.5
2025-05-28,581.0689086914062,81.65375518798828,303.80999755859375
2025-05-29,583.3626098632812,82.40943908691406,305.6099853515625
2025-05-30,582.7100830078125,82.5337905883789,303.6000061035156
2025-06-02,585.992431640625,81.76567077636719,311.6700134277344
2025-06-03,589.3341064453125,81.62166595458984,308.9100036621094
2025-06-04,589.1759643554688,82.9466552734375,310.8999938964844
2025-06-05,586.3285522460938,83.00425720214844,309.3299865722656
2025-06-06,592.3495483398438,81.94811248779297,305.17999267578125
2025-06-09,592.8834838867188,82.0345230102539,306.6199951171875
2025-06-10,596.244873046875,82.45697784423828,306.7099914550781
2025-06-11,594.54443359375,82.70661163330078,308.3699951171875
2025-06-12,596.9072875976562,83.69556427001953,312.20001220703125
2025-06-13,590.2338256835938,82.88905334472656,316.2900085449219
2025-06-16,595.8494262695312,82.05372619628906,311.7799987792969
2025-06-17,590.7578735351562,83.0522689819336,311.94000244140625
2025-06-18,590.6688842773438,83.1962890625,310.260009765625
2025-06-20,589.2816162109375,83.04266357421875,310.1300048828125
2025-06-23,595.1022338867188,83.3115005493164,311.0799865722656
2025-06-24,601.676513671875,83.91638946533203,306.19000244140625
2025-06-25,602.0136108398438,84.02200317382812,307.1199951171875
2025-06-26,606.7236328125,84.44447326660156,306.7799987792969
2025-06-27,609.7380981445312,83.90680694580078,301.2200012207031
2025-06-30,612.6533813476562,84.73251342773438,304.8299865722656
2025-07-01,612.455078125,84.94261169433594,307.54998779296875
2025-07-02,615.2315063476562,84.40291595458984,309.25
2025-07-03,620.0803833007812,83.81505584716797,307.1400146484375
2025-07-07,615.4595336914062,83.0151596069336,307.3699951171875
2025-07-08,615.1224365234375,82.90914916992188,304.1600036621094
2025-07-09,618.8110961914062,83.77650451660156,305.5199890136719
2025-07-10,620.5563354492188,83.83431243896484,306.20001220703125
2025-07-11,618.3748168945312,82.67784881591797,309.1400146484375
2025-07-14,619.5548095703125,82.50439453125,308.010009765625
2025-07-15,616.9072875976562,81.92615509033203,306.7300109863281
2025-07-16,618.9697265625,82.04180145263672,308.260009765625
2025-07-17,622.7576293945312,82.02252197265625,307.5899963378906
2025-07-18,622.3014526367188,82.1478042602539,308.3900146484375
2025-07-21,623.4815063476562,82.8802261352539,313.1300048828125
2025-07-22,623.5707397460938,83.3813705444336,316.1000061035156
2025-07-23,628.8757934570312,82.91879272460938,312.17999267578125
2025-07-24,629.0839233398438,82.77422332763672,310.2699890136719
2025-07-25,631.7413940429688,83.29463958740234,307.3999938964844
2025-07-28,631.5828247070312,82.75495910644531,305.4100036621094
2025-07-29,629.9169311523438,84.15235137939453,306.25
2025-07-30,629.1236572265625,83.71867370605469,300.9599914550781
2025-07-31,626.763671875,83.76686096191406,302.9599914550781
2025-08-01,616.4907836914062,84.95774841308594,309.1099853515625
2025-08-04,625.8612670898438,85.1899185180664,310.9100036621094
2025-08-05,622.688232421875,85.45112609863281,311.1600036621094
2025-08-06,627.457763671875,84.95774841308594,310.5
2025-08-07,626.9321899414062,84.8126220703125,313.1199951171875
2025-08-08,631.82080078125,84.44500732421875,313.04998779296875
2025-08-11,630.5713500976562,84.54175567626953,308.54998779296875
2025-08-12,637.284423828125,84.11609649658203,308.2699890136719
2025-08-13,639.4658813476562,84.8126220703125,309.2099914550781
2025-08-14,639.5254516601562,84.18382263183594,307.25
2025-08-15,638.0281372070312,83.58401489257812,307.42999267578125
2025-08-18,637.8892822265625,83.34217071533203,306.95001220703125
2025-08-19,634.4286499023438,83.82588195800781,305.2699890136719
2025-08-20,632.7429809570312,84.00967407226562,308.3599853515625
2025-08-21,630.2044677734375,83.59369659423828,307.2900085449219
2025-08-22,639.88232421875,84.21284484863281,310.5799865722656
2025-08-25,637.0662841796875,83.97098541259766,309.8299865722656
2025-08-26,639.7335815429688,83.92262268066406,312.0799865722656
2025-08-27,641.1912841796875,83.82588195800781,312.7099914550781
2025-08-28,643.4619750976562,84.37730407714844,315.0299987792969
2025-08-29,639.6245727539062,83.77750396728516,318.07000732421875
2025-09-02,634.884765625,83.15406036376953,325.5899963378906
2025-09-03,638.3255615234375,84.06688690185547,328.1400146484375
2025-09-04,643.6602783203125,84.70779418945312,326.69000244140625
2025-09-05,641.796142578125,85.99934387207031,331.04998779296875
2025-09-08,643.3727416992188,87.14522552490234,334.82000732421875
2025-09-09,644.8601684570312,86.64997100830078,334.05999755859375
2025-09-10,646.724365234375,87.14522552490234,335.260009765625
2025-09-11,652.0988159179688,87.7278823852539,334.760009765625
2025-09-12,651.8805541992188,87.34915161132812,335.4200134277344
2025-09-15,655.3511352539062,87.55308532714844,338.9100036621094
2025-09-16,654.4488525390625,87.73758697509766,339.5899963378906
2025-09-17,653.6356811523438,87.51424407958984,336.9700012207031
2025-09-18,656.6898803710938,86.61112976074219,335.6199951171875
2025-09-19,659.9423217773438,86.446044921875,339.17999267578125
2025-09-22,663.0645751953125,86.13529968261719,345.04998779296875
2025-09-23,659.4551391601562,86.73737335205078,346.4599914550781
2025-09-24,657.3569946289062,86.4072036743164,343.32000732421875
2025-09-25,654.3242797851562,86.4072036743164,344.75
2025-09-26,658.072998046875,86.32951354980469,346.739990234375
2025-09-29,659.9224243164062,87.03840637207031,352.4599914550781
2025-09-30,662.4082641601562,86.78593444824219,355.4700012207031
2025-10-01,664.6654052734375,87.01005554199219,356.0299987792969
2025-10-02,665.4309692382812,87.26342010498047,354.7900085449219
2025-10-03,665.421142578125,87.09776306152344,357.6400146484375
2025-10-06,667.8074951171875,86.40589904785156,364.3800048828125
2025-10-07,665.3316040039062,86.90287017822266,366.260009765625
2025-10-08,669.2990112304688,86.97107696533203,372.29998779296875
2025-10-09,667.3600463867188,86.90287017822266,365.42999267578125
2025-10-10,649.32275390625,88.30610656738281,369.1199951171875
2025-10-13,659.2860107421875,88.25735473632812,378.0899963378906
2025-10-14,658.4805908203125,88.53997039794922,380.7900085449219
2025-10-15,661.4039306640625,88.34507751464844,387.3900146484375
2025-10-16,656.8995971679688,89.0077133178711,396.45001220703125
2025-10-17,660.62841796875,88.87128448486328,388.989990234375
2025-10-20,667.499267578125,89.21234893798828,403.1499938964844
2025-10-21,667.4893188476562,89.6508560180664,377.239990234375
2025-10-22,664.0191040039062,89.7093276977539,377.2799987792969
2025-10-23,667.9566650390625,89.09541320800781,378.7900085449219
2025-10-24,673.4155883789062,89.13438415527344,377.5199890136719
2025-10-27,681.3603515625,89.43647003173828,367.010009765625
2025-10-28,683.1700439453125,89.67034149169922,364.3800048828125
2025-10-29,683.4982299804688,88.76408386230469,363.0
2025-10-30,675.9810180664062,88.24761962890625,370.1300048828125
2025-10-31,678.1983032226562,87.98452758789062,368.1199951171875
2025-11-03,679.4711303710938,87.76447296142578,368.7799987792969
2025-11-04,671.4169921875,87.9600830078125,362.32000732421875
2025-11-05,673.7437133789062,87.00164031982422,366.510009765625
2025-11-06,666.514892578125,87.7840347290039,366.07000732421875
2025-11-07,667.1710815429688,87.59821319580078,368.30999755859375
2025-11-10,677.5818481445312,87.57866668701172,378.3800048828125
2025-11-11,679.1329956054688,87.97962951660156,379.8699951171875
2025-11-12,679.5109252929688,88.1361083984375,385.989990234375
2025-11-13,668.235107421875,87.41239166259766,382.8699951171875
2025-11-14,668.1256713867188,86.91362762451172,375.9599914550781
2025-11-17,661.901123046875,87.12877655029297,371.6499938964844
2025-11-18,656.3427734375,87.09944152832031,374.3500061035156
2025-11-19,658.8783569335938,86.92340850830078,374.9599914550781
2025-11-20,648.8355712890625,87.26570892333984,374.8500061035156
2025-11-21,655.2987670898438,87.52975463867188,374.2699890136719
2025-11-24,664.9437866210938,88.02853393554688,380.20001220703125
2025-11-25,671.1982421875,88.25346374511719,380.0799865722656
2025-11-26,675.8318481445312,88.64466094970703,383.1199951171875
2025-11-28,679.5208129882812,88.22412109375,387.8800048828125
2025-12-01,676.41845703125,87.1258544921875,389.75
2025-12-02,677.67138671875,87.16510772705078,387.239990234375
2025-12-03,680.0180053710938,87.41047668457031,386.8800048828125
2025-12-04,680.51513671875,86.93936920166016,387.1300048828125
2025-12-05,681.8078002929688,86.53695678710938,386.44000244140625
2025-12-08,679.7594604492188,86.25233459472656,385.4200134277344
2025-12-09,679.1727905273438,86.34066772460938,387.3999938964844
2025-12-10,683.6771850585938,86.67436981201172,389.04998779296875
2025-12-11,685.26806640625,86.55659484863281,393.239990234375
2025-12-12,677.9000854492188,85.72233581542969,395.44000244140625
2025-12-15,676.8758544921875,85.7812271118164,395.79998779296875
2025-12-16,675.0264282226562,86.25233459472656,395.8900146484375
2025-12-17,667.5986938476562,86.17381286621094,399.2900085449219
2025-12-18,672.6399536132812,86.5860366821289,398.57000732421875
2025-12-19,678.7363891601562,86.26286315917969,399.0199890136719
2025-12-22,682.96484375,86.07565307617188,408.2300109863281
2025-12-23,686.0863037109375,86.21359252929688,413.6400146484375
2025-12-24,688.4996948242188,86.73580169677734,411.92999267578125
2025-12-26,688.4298706054688,86.45005798339844,416.739990234375
2025-12-29,685.9765625,86.77521514892578,398.6000061035156
2025-12-30,685.138916015625,86.56830596923828,398.8900146484375
2025-12-31,680.062744140625,85.87860107421875,396.30999755859375
2026-01-02,681.309326171875,85.75050354003906,398.2799987792969
2026-01-05,685.846923828125,86.17418670654297,408.760009765625
2026-01-06,689.92578125,85.996826171875,413.17999267578125
2026-01-07,687.701904296875,86.49932861328125,409.2300109863281
2026-01-08,687.632080078125,86.06580352783203,411.489990234375
2026-01-09,692.1796264648438,86.63728332519531,414.4700012207031
2026-01-12,693.2666625976562,86.381103515625,422.2300109863281
2026-01-13,691.8804931640625,86.52889251708984,421.6300048828125
2026-01-14,688.479736328125,87.03140258789062,425.94000244140625
2026-01-15,690.3546142578125,87.01168823242188,423.3299865722656
2026-01-16,689.7761840820312,86.50918579101562,421.2900085449219
2026-01-20,675.7345581054688,85.3760986328125,437.2300109863281
2026-01-21,683.5332641601562,86.0263900756836,443.6000061035156
2026-01-22,687.103515625,86.40080261230469,451.7900085449219
2026-01-23,687.352783203125,86.63728332519531,458.0
2026-01-26,690.84326171875,87.05109405517578,464.70001220703125
2026-01-27,693.5957641601562,86.50918579101562,476.1000061035156
2026-01-28,693.5259399414062,86.31212615966797,494.55999755859375
2026-01-29,692.1497192382812,86.33184051513672,495.8999938964844
2026-01-30,690.0853271484375,85.84902954101562,444.95001220703125
2026-02-02,693.5159912109375,85.60375213623047,427.1300048828125
2026-02-03,687.6520385742188,85.81145477294922,454.2900085449219
2026-02-04,684.3211059570312,85.59385681152344,453.9700012207031
2026-02-05,675.7744750976562,86.5235824584961,441.8800048828125
2026-02-06,688.739013671875,86.58292388916016,455.4599914550781
2026-02-09,692.0599975585938,86.56314086914062,467.0299987792969
2026-02-10,690.2349243164062,87.56210327148438,462.3999938964844
2026-02-11,690.075439453125,87.09723663330078,467.6300048828125
2026-02-12,679.41455078125,88.25445556640625,451.3900146484375
2026-02-13,679.8931884765625,88.73908996582031,462.6199951171875
2026-02-17,680.9901733398438,88.88745880126953,448.20001220703125
2026-02-18,684.4208374023438,88.5511703491211,458.2799987792969
2026-02-19,682.61572265625,88.64019012451172,459.55999755859375
2026-02-20,687.5523071289062,88.43248748779297,468.6199951171875
2026-02-23,680.531494140625,88.75887298583984,481.2799987792969
2026-02-24,685.4779052734375,88.91712188720703,474.6099853515625
2026-02-25,691.26220703125,88.92701721191406,473.4200134277344
2026-02-26,687.422607421875,89.28307342529297,477.4800109863281
2026-02-27,684.1216430664062,89.82706451416016,483.75
2026-03-02,684.5106201171875,88.92501068115234,490.0
2026-03-03,678.4771118164062,88.74639129638672,468.1400146484375
2026-03-04,683.2639770507812,88.4685287475586,471.79998779296875
2026-03-05,679.4544067382812,88.11128234863281,466.1300048828125
2026-03-06,670.5487060546875,87.78380584716797,473.510009765625
2026-03-09,676.4227294921875,88.54792022705078,472.5299987792969
2026-03-10,675.3356323242188,87.60517883300781,477.8599853515625
2026-03-11,674.4879760742188,86.4738998413086,476.239990234375
2026-03-12,664.2459106445312,86.30519104003906,466.8800048828125
2026-03-13,660.4862060546875,85.87848663330078,460.8399963378906
2026-03-16,667.2078857421875,86.5433578491211,460.42999267578125
2026-03-17,668.9630126953125,86.78152465820312,459.2699890136719
2026-03-18,659.6285400390625,86.2952651977539,444.739990234375
2026-03-19,658.0029907226562,86.82122039794922,426.4100036621094
2026-03-20,648.5700073242188,85.17391204833984,413.3800048828125
2026-03-23,655.3800048828125,85.72962951660156,404.0400085449219
2026-03-24,653.1799926757812,85.35253143310547,404.1300048828125
2026-03-25,656.8200073242188,86.17618560791016,416.2900085449219
2026-03-26,645.0900268554688,85.45176696777344,400.6400146484375
2026-03-27,634.0900268554688,84.98535919189453,414.70001220703125
2026-03-30,631.969970703125,86.11664581298828,414.5799865722656
2026-03-31,650.3400268554688,86.02733612060547,430.2900085449219
2026-04-01,655.239990234375,85.9426498413086,437.82000732421875
2026-04-02,655.8300170898438,86.47069549560547,429.4100036621094
2026-04-06,658.9299926757812,86.33121490478516,427.6499938964844
2026-04-07,659.219970703125,86.32125091552734,431.80999755859375
2026-04-08,676.010009765625,86.6002197265625,434.5299987792969
2026-04-09,679.9099731445312,86.38102722167969,437.9100036621094
2026-04-10,679.4600219726562,86.17179870605469,437.1300048828125
2026-04-13,686.0999755859375,86.43084716796875,435.3599853515625
2026-04-14,694.4600219726562,86.88915252685547,445.0899963378906
2026-04-15,699.9400024414062,86.51055145263672,440.4599914550781
2026-04-16,701.6599731445312,85.96257019042969,440.0799865722656
2026-04-17,710.1400146484375,86.74966430664062,445.92999267578125
2026-04-20,708.719970703125,86.72974395751953,442.0899963378906
2026-04-21,704.0800170898438,86.25150299072266,429.57000732421875
2026-04-22,711.2100219726562,86.4208755493164,435.260009765625
2026-04-23,708.4500122070312,86.23158264160156,431.0400085449219
2026-04-24,713.9400024414062,86.3909912109375,433.25
2026-04-27,715.1699829101562,85.96257019042969,429.8900146484375
2026-04-28,711.6900024414062,86.05224609375,421.9100036621094
2026-04-29,711.5800170898438,85.38470458984375,417.4100036621094
2026-04-30,718.6599731445312,85.30500030517578,423.6600036621094
2026-05-01,720.6500244140625,85.61000061035156,423.17999267578125
2026-05-04,718.010009765625,84.95999908447266,414.7099914550781
2026-05-05,723.77001953125,85.43000030517578,418.2699890136719
2026-05-06,733.8300170898438,86.08000183105469,430.9599914550781
2026-05-07,731.5800170898438,85.6500015258789,431.67999267578125
2026-05-08,737.6199951171875,86.08000183105469,433.7699890136719
2026-05-11,739.2999877929688,85.55999755859375,434.6499938964844
2026-05-12,738.1799926757812,84.98999786376953,432.92999267578125
2026-05-13,742.3099975585938,84.80000305175781,430.5
2026-05-14,748.1699829101562,84.91999816894531,427.2099914550781
2026-05-15,739.1699829101562,83.66000366210938,417.2900085449219
2026-05-18,738.6500244140625,83.55999755859375,418.42999267578125
2026-05-19,733.72998046875,83.0199966430664,411.5
