date,SPY_w,TLT_w,GLD_w,regime
2006-01-04,0.25432662821313473,0.012810332441820541,0.7328630393450447,0
2006-01-05,0.25432662821313473,0.012810332441820541,0.7328630393450447,0
2006-01-06,0.25432662821313473,0.012810332441820541,0.7328630393450447,0
2006-01-09,0.25432662821313473,0.012810332441820541,0.7328630393450447,0
2006-01-10,0.25432662821313473,0.012810332441820541,0.7328630393450447,0
2006-01-11,0.31351197992356616,1.1835423462257647e-07,0.6864879017221992,0
2006-01-12,0.31351197992356616,1.1835423462257647e-07,0.6864879017221992,0
2006-01-13,0.31351197992356616,1.1835423462257647e-07,0.6864879017221992,0
2006-01-17,0.31351197992356616,1.1835423462257647e-07,0.6864879017221992,0
2006-01-18,0.31351197992356616,1.1835423462257647e-07,0.6864879017221992,0
2006-01-19,0.27091390848262276,0.043464655377391796,0.6856214361399855,0
2006-01-20,0.27091390848262276,0.043464655377391796,0.6856214361399855,0
2006-01-23,0.27091390848262276,0.043464655377391796,0.6856214361399855,0
2006-01-24,0.27091390848262276,0.043464655377391796,0.6856214361399855,0
2006-01-25,0.27091390848262276,0.043464655377391796,0.6856214361399855,0
2006-01-26,0.18817748880859583,2.997105012455016e-08,0.811822481220354,0
2006-01-27,0.18817748880859583,2.997105012455016e-08,0.811822481220354,0
2006-01-30,0.18817748880859583,2.997105012455016e-08,0.811822481220354,0
2006-01-31,0.18817748880859583,2.997105012455016e-08,0.811822481220354,0
2006-02-01,0.18817748880859583,2.997105012455016e-08,0.811822481220354,0
2006-02-02,0.21346313157603847,8.735224618240784e-09,0.786536859688737,0
2006-02-03,0.21346313157603847,8.735224618240784e-09,0.786536859688737,0
2006-02-06,0.21346313157603847,8.735224618240784e-09,0.786536859688737,0
2006-02-07,0.21346313157603847,8.735224618240784e-09,0.786536859688737,0
2006-02-08,0.21346313157603847,8.735224618240784e-09,0.786536859688737,0
2006-02-09,0.07904323215257034,2.8849690456904435e-09,0.9209567649624606,0
2006-02-10,0.07904323215257034,2.8849690456904435e-09,0.9209567649624606,0
2006-02-13,0.07904323215257034,2.8849690456904435e-09,0.9209567649624606,0
2006-02-14,0.07904323215257034,2.8849690456904435e-09,0.9209567649624606,0
2006-02-15,0.07904323215257034,2.8849690456904435e-09,0.9209567649624606,0
2006-02-16,0.18449953148051554,7.008647319951284e-09,0.8155004615108371,0
2006-02-17,0.18449953148051554,7.008647319951284e-09,0.8155004615108371,0
2006-02-21,0.18449953148051554,7.008647319951284e-09,0.8155004615108371,0
2006-02-22,0.18449953148051554,7.008647319951284e-09,0.8155004615108371,0
2006-02-23,0.18449953148051554,7.008647319951284e-09,0.8155004615108371,0
2006-02-24,0.3043917825597146,0.00504068206623122,0.6905675353740542,0
2006-02-27,0.3043917825597146,0.00504068206623122,0.6905675353740542,0
2006-02-28,0.3043917825597146,0.00504068206623122,0.6905675353740542,0
2006-03-01,0.3043917825597146,0.00504068206623122,0.6905675353740542,0
2006-03-02,0.3043917825597146,0.00504068206623122,0.6905675353740542,0
2006-03-03,0.18552880692437085,1.7638725713602052e-08,0.8144711754369034,0
2006-03-06,0.18552880692437085,1.7638725713602052e-08,0.8144711754369034,0
2006-03-07,0.18552880692437085,1.7638725713602052e-08,0.8144711754369034,0
2006-03-08,0.18552880692437085,1.7638725713602052e-08,0.8144711754369034,0
2006-03-09,0.18552880692437085,1.7638725713602052e-08,0.8144711754369034,0
2006-03-10,0.17444643104066399,7.965006460721616e-08,0.8255534893092715,0
2006-03-13,0.17444643104066399,7.965006460721616e-08,0.8255534893092715,0
2006-03-14,0.17444643104066399,7.965006460721616e-08,0.8255534893092715,0
2006-03-15,0.17444643104066399,7.965006460721616e-08,0.8255534893092715,0
2006-03-16,0.17444643104066399,7.965006460721616e-08,0.8255534893092715,0
2006-03-17,0.42826168906799145,0.007168336379462962,0.5645699745525455,0
2006-03-20,0.42826168906799145,0.007168336379462962,0.5645699745525455,0
2006-03-21,0.42826168906799145,0.007168336379462962,0.5645699745525455,0
2006-03-22,0.42826168906799145,0.007168336379462962,0.5645699745525455,0
2006-03-23,0.42826168906799145,0.007168336379462962,0.5645699745525455,0
2006-03-24,0.4153546280330365,0.015337422145528044,0.5693079498214354,0
2006-03-27,0.4153546280330365,0.015337422145528044,0.5693079498214354,0
2006-03-28,0.4153546280330365,0.015337422145528044,0.5693079498214354,0
2006-03-29,0.4153546280330365,0.015337422145528044,0.5693079498214354,0
2006-03-30,0.4153546280330365,0.015337422145528044,0.5693079498214354,0
2006-03-31,0.31556406571189377,6.154852822742682e-08,0.684435872739578,0
2006-04-03,0.31556406571189377,6.154852822742682e-08,0.684435872739578,0
2006-04-04,0.31556406571189377,6.154852822742682e-08,0.684435872739578,0
2006-04-05,0.31556406571189377,6.154852822742682e-08,0.684435872739578,0
2006-04-06,0.31556406571189377,6.154852822742682e-08,0.684435872739578,0
2006-04-07,0.28885438171788913,4.0951293027015465e-08,0.7111455773308177,0
2006-04-10,0.28885438171788913,4.0951293027015465e-08,0.7111455773308177,0
2006-04-11,0.28885438171788913,4.0951293027015465e-08,0.7111455773308177,0
2006-04-12,0.28885438171788913,4.0951293027015465e-08,0.7111455773308177,0
2006-04-13,0.28885438171788913,4.0951293027015465e-08,0.7111455773308177,0
2006-04-17,0.3397142739673474,1.3160415912112851e-08,0.6602857128722368,0
2006-04-18,0.3397142739673474,1.3160415912112851e-08,0.6602857128722368,0
2006-04-19,0.3397142739673474,1.3160415912112851e-08,0.6602857128722368,0
2006-04-20,0.3397142739673474,1.3160415912112851e-08,0.6602857128722368,0
2006-04-21,0.3397142739673474,1.3160415912112851e-08,0.6602857128722368,0
2006-04-24,0.4253640067434531,2.3179003993176392e-08,0.574635970077543,0
2006-04-25,0.4253640067434531,2.3179003993176392e-08,0.574635970077543,0
2006-04-26,0.4253640067434531,2.3179003993176392e-08,0.574635970077543,0
2006-04-27,0.4253640067434531,2.3179003993176392e-08,0.574635970077543,0
2006-04-28,0.4253640067434531,2.3179003993176392e-08,0.574635970077543,0
2006-05-01,0.48029726753115676,1.9671366844211565e-08,0.5197027127974764,0
2006-05-02,0.48029726753115676,1.9671366844211565e-08,0.5197027127974764,0
2006-05-03,0.48029726753115676,1.9671366844211565e-08,0.5197027127974764,0
2006-05-04,0.48029726753115676,1.9671366844211565e-08,0.5197027127974764,0
2006-05-05,0.48029726753115676,1.9671366844211565e-08,0.5197027127974764,0
2006-05-08,0.3717347099124913,1.2876667325299582e-08,0.6282652772108414,0
2006-05-09,0.3717347099124913,1.2876667325299582e-08,0.6282652772108414,0
2006-05-10,0.3717347099124913,1.2876667325299582e-08,0.6282652772108414,0
2006-05-11,0.3717347099124913,1.2876667325299582e-08,0.6282652772108414,0
2006-05-12,0.3717347099124913,1.2876667325299582e-08,0.6282652772108414,0
2006-05-15,0.29339260448462345,1.5944214904032543e-08,0.7066073795711617,0
2006-05-16,0.29339260448462345,1.5944214904032543e-08,0.7066073795711617,0
2006-05-17,0.29339260448462345,1.5944214904032543e-08,0.7066073795711617,1
2006-05-18,0.29339260448462345,1.5944214904032543e-08,0.7066073795711617,1
2006-05-19,0.29339260448462345,1.5944214904032543e-08,0.7066073795711617,1
2006-05-22,0.3964589366902586,0.5046270921145881,0.09891397119515317,1
2006-05-23,0.3964589366902586,0.5046270921145881,0.09891397119515317,1
2006-05-24,0.3964589366902586,0.5046270921145881,0.09891397119515317,1
2006-05-25,0.3964589366902586,0.5046270921145881,0.09891397119515317,1
2006-05-26,0.3964589366902586,0.5046270921145881,0.09891397119515317,1
2006-05-30,0.39645982166272214,0.5080245169648681,0.09551566137240967,1
2006-05-31,0.39645982166272214,0.5080245169648681,0.09551566137240967,1
2006-06-01,0.39645982166272214,0.5080245169648681,0.09551566137240967,1
2006-06-02,0.39645982166272214,0.5080245169648681,0.09551566137240967,1
2006-06-05,0.39645982166272214,0.5080245169648681,0.09551566137240967,1
2006-06-06,0.3964599269370327,0.511635552046877,0.09190452101609038,1
2006-06-07,0.3964599269370327,0.511635552046877,0.09190452101609038,1
2006-06-08,0.3964599269370327,0.511635552046877,0.09190452101609038,1
2006-06-09,0.3964599269370327,0.511635552046877,0.09190452101609038,1
2006-06-12,0.3964599269370327,0.511635552046877,0.09190452101609038,1
2006-06-13,0.3964599270726361,0.5116355539187236,0.09190451900864031,2
2006-06-14,0.3964599270726361,0.5116355539187236,0.09190451900864031,1
2006-06-15,0.3964599270726361,0.5116355539187236,0.09190451900864031,1
2006-06-16,0.3964599270726361,0.5116355539187236,0.09190451900864031,1
2006-06-19,0.3964599270726361,0.5116355539187236,0.09190451900864031,1
2006-06-20,0.39645985137495554,0.5381802788532172,0.06535986977182723,1
2006-06-21,0.39645985137495554,0.5381802788532172,0.06535986977182723,1
2006-06-22,0.39645985137495554,0.5381802788532172,0.06535986977182723,1
2006-06-23,0.39645985137495554,0.5381802788532172,0.06535986977182723,1
2006-06-26,0.39645985137495554,0.5381802788532172,0.06535986977182723,1
2006-06-27,0.39645983494758974,0.5437033464343565,0.059836818618053775,1
2006-06-28,0.39645983494758974,0.5437033464343565,0.059836818618053775,1
2006-06-29,0.39645983494758974,0.5437033464343565,0.059836818618053775,1
2006-06-30,0.39645983494758974,0.5437033464343565,0.059836818618053775,0
2006-07-03,0.39645983494758974,0.5437033464343565,0.059836818618053775,0
2006-07-05,0.15527837927789803,1.187623558289865e-10,0.8447216206033397,0
2006-07-06,0.15527837927789803,1.187623558289865e-10,0.8447216206033397,0
2006-07-07,0.15527837927789803,1.187623558289865e-10,0.8447216206033397,0
2006-07-10,0.15527837927789803,1.187623558289865e-10,0.8447216206033397,0
2006-07-11,0.15527837927789803,1.187623558289865e-10,0.8447216206033397,0
2006-07-12,1.6337943961909252e-08,7.162317843084244e-10,0.9999999829458243,0
2006-07-13,1.6337943961909252e-08,7.162317843084244e-10,0.9999999829458243,1
2006-07-14,1.6337943961909252e-08,7.162317843084244e-10,0.9999999829458243,1
2006-07-17,1.6337943961909252e-08,7.162317843084244e-10,0.9999999829458243,1
2006-07-18,1.6337943961909252e-08,7.162317843084244e-10,0.9999999829458243,1
2006-07-19,0.3392628337146286,0.600653122221334,0.0600840440640374,1
2006-07-20,0.3392628337146286,0.600653122221334,0.0600840440640374,1
2006-07-21,0.3392628337146286,0.600653122221334,0.0600840440640374,1
2006-07-24,0.3392628337146286,0.600653122221334,0.0600840440640374,1
2006-07-25,0.3392628337146286,0.600653122221334,0.0600840440640374,0
2006-07-26,6.855384634616559e-08,7.403500376265089e-09,0.9999999240426533,0
2006-07-27,6.855384634616559e-08,7.403500376265089e-09,0.9999999240426533,0
2006-07-28,6.855384634616559e-08,7.403500376265089e-09,0.9999999240426533,0
2006-07-31,6.855384634616559e-08,7.403500376265089e-09,0.9999999240426533,0
2006-08-01,6.855384634616559e-08,7.403500376265089e-09,0.9999999240426533,0
2006-08-02,5.7605785643228126e-08,7.680413220048975e-09,0.9999999347138011,0
2006-08-03,5.7605785643228126e-08,7.680413220048975e-09,0.9999999347138011,0
2006-08-04,5.7605785643228126e-08,7.680413220048975e-09,0.9999999347138011,0
2006-08-07,5.7605785643228126e-08,7.680413220048975e-09,0.9999999347138011,0
2006-08-08,5.7605785643228126e-08,7.680413220048975e-09,0.9999999347138011,0
2006-08-09,2.2183876924919255e-09,2.1331006782848275e-10,0.9999999975683023,0
2006-08-10,2.2183876924919255e-09,2.1331006782848275e-10,0.9999999975683023,0
2006-08-11,2.2183876924919255e-09,2.1331006782848275e-10,0.9999999975683023,0
2006-08-14,2.2183876924919255e-09,2.1331006782848275e-10,0.9999999975683023,0
2006-08-15,2.2183876924919255e-09,2.1331006782848275e-10,0.9999999975683023,0
2006-08-16,1.001480228606796e-08,3.7459519527700395e-10,0.9999999896106025,0
2006-08-17,1.001480228606796e-08,3.7459519527700395e-10,0.9999999896106025,0
2006-08-18,1.001480228606796e-08,3.7459519527700395e-10,0.9999999896106025,0
2006-08-21,1.001480228606796e-08,3.7459519527700395e-10,0.9999999896106025,0
2006-08-22,1.001480228606796e-08,3.7459519527700395e-10,0.9999999896106025,0
2006-08-23,0.15364620847082983,4.622349321129716e-09,0.8463537869068208,0
2006-08-24,0.15364620847082983,4.622349321129716e-09,0.8463537869068208,0
2006-08-25,0.15364620847082983,4.622349321129716e-09,0.8463537869068208,0
2006-08-28,0.15364620847082983,4.622349321129716e-09,0.8463537869068208,0
2006-08-29,0.15364620847082983,4.622349321129716e-09,0.8463537869068208,0
2006-08-30,0.28310970146392506,4.243506775413309e-10,0.7168902981117242,0
2006-08-31,0.28310970146392506,4.243506775413309e-10,0.7168902981117242,0
2006-09-01,0.28310970146392506,4.243506775413309e-10,0.7168902981117242,0
2006-09-05,0.28310970146392506,4.243506775413309e-10,0.7168902981117242,0
2006-09-06,0.28310970146392506,4.243506775413309e-10,0.7168902981117242,0
2006-09-07,0.08595481794107208,7.38780583035643e-10,0.9140451813201473,0
2006-09-08,0.08595481794107208,7.38780583035643e-10,0.9140451813201473,0
2006-09-11,0.08595481794107208,7.38780583035643e-10,0.9140451813201473,0
2006-09-12,0.08595481794107208,7.38780583035643e-10,0.9140451813201473,0
2006-09-13,0.08595481794107208,7.38780583035643e-10,0.9140451813201473,0
2006-09-14,0.37168202500730113,1.1903656841312637e-09,0.6283179738023331,0
2006-09-15,0.37168202500730113,1.1903656841312637e-09,0.6283179738023331,0
2006-09-18,0.37168202500730113,1.1903656841312637e-09,0.6283179738023331,0
2006-09-19,0.37168202500730113,1.1903656841312637e-09,0.6283179738023331,0
2006-09-20,0.37168202500730113,1.1903656841312637e-09,0.6283179738023331,0
2006-09-21,0.6082633522272299,2.9158572680770937e-09,0.3917366448569128,0
2006-09-22,0.6082633522272299,2.9158572680770937e-09,0.3917366448569128,0
2006-09-25,0.6082633522272299,2.9158572680770937e-09,0.3917366448569128,0
2006-09-26,0.6082633522272299,2.9158572680770937e-09,0.3917366448569128,0
2006-09-27,0.6082633522272299,2.9158572680770937e-09,0.3917366448569128,0
2006-09-28,0.5976752051926182,1.4993283889998602e-10,0.40232479465744897,0
2006-09-29,0.5976752051926182,1.4993283889998602e-10,0.40232479465744897,0
2006-10-02,0.5976752051926182,1.4993283889998602e-10,0.40232479465744897,0
2006-10-03,0.5976752051926182,1.4993283889998602e-10,0.40232479465744897,0
2006-10-04,0.5976752051926182,1.4993283889998602e-10,0.40232479465744897,0
2006-10-05,0.757661829020514,9.140043362959667e-10,0.24233817006548167,0
2006-10-06,0.757661829020514,9.140043362959667e-10,0.24233817006548167,0
2006-10-09,0.757661829020514,9.140043362959667e-10,0.24233817006548167,0
2006-10-10,0.757661829020514,9.140043362959667e-10,0.24233817006548167,0
2006-10-11,0.757661829020514,9.140043362959667e-10,0.24233817006548167,0
2006-10-12,0.8406446798325271,7.429105332055034e-10,0.15935531942456244,0
2006-10-13,0.8406446798325271,7.429105332055034e-10,0.15935531942456244,0
2006-10-16,0.8406446798325271,7.429105332055034e-10,0.15935531942456244,0
2006-10-17,0.8406446798325271,7.429105332055034e-10,0.15935531942456244,0
2006-10-18,0.8406446798325271,7.429105332055034e-10,0.15935531942456244,0
2006-10-19,0.8242744055145225,1.7146544277193693e-09,0.17572559277082309,0
2006-10-20,0.8242744055145225,1.7146544277193693e-09,0.17572559277082309,0
2006-10-23,0.8242744055145225,1.7146544277193693e-09,0.17572559277082309,0
2006-10-24,0.8242744055145225,1.7146544277193693e-09,0.17572559277082309,0
2006-10-25,0.8242744055145225,1.7146544277193693e-09,0.17572559277082309,0
2006-10-26,0.8333917078830173,2.7031912926324277e-09,0.16660828941379136,0
2006-10-27,0.8333917078830173,2.7031912926324277e-09,0.16660828941379136,0
2006-10-30,0.8333917078830173,2.7031912926324277e-09,0.16660828941379136,0
2006-10-31,0.8333917078830173,2.7031912926324277e-09,0.16660828941379136,0
2006-11-01,0.8333917078830173,2.7031912926324277e-09,0.16660828941379136,0
2006-11-02,0.6400116113413902,0.10111926427285546,0.2588691243857543,0
2006-11-03,0.6400116113413902,0.10111926427285546,0.2588691243857543,0
2006-11-06,0.6400116113413902,0.10111926427285546,0.2588691243857543,0
2006-11-07,0.6400116113413902,0.10111926427285546,0.2588691243857543,0
2006-11-08,0.6400116113413902,0.10111926427285546,0.2588691243857543,0
2006-11-09,0.6962406161135228,0.03680938672548377,0.26694999716099327,0
2006-11-10,0.6962406161135228,0.03680938672548377,0.26694999716099327,0
2006-11-13,0.6962406161135228,0.03680938672548377,0.26694999716099327,0
2006-11-14,0.6962406161135228,0.03680938672548377,0.26694999716099327,0
2006-11-15,0.6962406161135228,0.03680938672548377,0.26694999716099327,0
2006-11-16,0.6774657760347658,0.07142785106538407,0.2511063728998501,0
2006-11-17,0.6774657760347658,0.07142785106538407,0.2511063728998501,0
2006-11-20,0.6774657760347658,0.07142785106538407,0.2511063728998501,0
2006-11-21,0.6774657760347658,0.07142785106538407,0.2511063728998501,0
2006-11-22,0.6774657760347658,0.07142785106538407,0.2511063728998501,0
2006-11-24,0.7146538452412952,0.027025008664045277,0.25832114609465956,0
2006-11-27,0.7146538452412952,0.027025008664045277,0.25832114609465956,0
2006-11-28,0.7146538452412952,0.027025008664045277,0.25832114609465956,0
2006-11-29,0.7146538452412952,0.027025008664045277,0.25832114609465956,0
2006-11-30,0.7146538452412952,0.027025008664045277,0.25832114609465956,0
2006-12-01,0.5331679249494768,0.2354721827907835,0.23135989225973963,0
2006-12-04,0.5331679249494768,0.2354721827907835,0.23135989225973963,0
2006-12-05,0.5331679249494768,0.2354721827907835,0.23135989225973963,0
2006-12-06,0.5331679249494768,0.2354721827907835,0.23135989225973963,0
2006-12-07,0.5331679249494768,0.2354721827907835,0.23135989225973963,0
2006-12-08,0.6192744004583602,0.21667780688572882,0.16404779265591088,0
2006-12-11,0.6192744004583602,0.21667780688572882,0.16404779265591088,0
2006-12-12,0.6192744004583602,0.21667780688572882,0.16404779265591088,0
2006-12-13,0.6192744004583602,0.21667780688572882,0.16404779265591088,0
2006-12-14,0.6192744004583602,0.21667780688572882,0.16404779265591088,0
2006-12-15,0.7746445127087822,5.8874458893142334e-09,0.22535548140377176,0
2006-12-18,0.7746445127087822,5.8874458893142334e-09,0.22535548140377176,0
2006-12-19,0.7746445127087822,5.8874458893142334e-09,0.22535548140377176,0
2006-12-20,0.7746445127087822,5.8874458893142334e-09,0.22535548140377176,0
2006-12-21,0.7746445127087822,5.8874458893142334e-09,0.22535548140377176,0
2006-12-22,0.774087939517079,2.6879938560513526e-09,0.2259120577949272,0
2006-12-26,0.774087939517079,2.6879938560513526e-09,0.2259120577949272,0
2006-12-27,0.774087939517079,2.6879938560513526e-09,0.2259120577949272,0
2006-12-28,0.774087939517079,2.6879938560513526e-09,0.2259120577949272,0
2006-12-29,0.774087939517079,2.6879938560513526e-09,0.2259120577949272,0
2007-01-03,0.8058269461266827,4.160660856019477e-10,0.1941730534572513,0
2007-01-04,0.8058269461266827,4.160660856019477e-10,0.1941730534572513,0
2007-01-05,0.8058269461266827,4.160660856019477e-10,0.1941730534572513,0
2007-01-08,0.8058269461266827,4.160660856019477e-10,0.1941730534572513,0
2007-01-09,0.8058269461266827,4.160660856019477e-10,0.1941730534572513,0
2007-01-10,0.8689379042667335,9.032699538457391e-10,0.13106209482999653,0
2007-01-11,0.8689379042667335,9.032699538457391e-10,0.13106209482999653,0
2007-01-12,0.8689379042667335,9.032699538457391e-10,0.13106209482999653,0
2007-01-16,0.8689379042667335,9.032699538457391e-10,0.13106209482999653,0
2007-01-17,0.8689379042667335,9.032699538457391e-10,0.13106209482999653,0
2007-01-18,0.8989640876418948,2.181898184680714e-11,0.10103591233628627,0
2007-01-19,0.8989640876418948,2.181898184680714e-11,0.10103591233628627,0
2007-01-22,0.8989640876418948,2.181898184680714e-11,0.10103591233628627,0
2007-01-23,0.8989640876418948,2.181898184680714e-11,0.10103591233628627,0
2007-01-24,0.8989640876418948,2.181898184680714e-11,0.10103591233628627,0
2007-01-25,0.9032300518023524,3.6829015642150466e-11,0.09676994816081871,0
2007-01-26,0.9032300518023524,3.6829015642150466e-11,0.09676994816081871,0
2007-01-29,0.9032300518023524,3.6829015642150466e-11,0.09676994816081871,0
2007-01-30,0.9032300518023524,3.6829015642150466e-11,0.09676994816081871,0
2007-01-31,0.9032300518023524,3.6829015642150466e-11,0.09676994816081871,0
2007-02-01,0.8912843816296784,2.702897714936016e-11,0.1087156183432927,0
2007-02-02,0.8912843816296784,2.702897714936016e-11,0.1087156183432927,0
2007-02-05,0.8912843816296784,2.702897714936016e-11,0.1087156183432927,0
2007-02-06,0.8912843816296784,2.702897714936016e-11,0.1087156183432927,0
2007-02-07,0.8912843816296784,2.702897714936016e-11,0.1087156183432927,0
2007-02-08,0.9339908138043904,2.54152105183374e-10,0.06600918594145741,0
2007-02-09,0.9339908138043904,2.54152105183374e-10,0.06600918594145741,0
2007-02-12,0.9339908138043904,2.54152105183374e-10,0.06600918594145741,0
2007-02-13,0.9339908138043904,2.54152105183374e-10,0.06600918594145741,0
2007-02-14,0.9339908138043904,2.54152105183374e-10,0.06600918594145741,0
2007-02-15,0.8284392933018833,1.4342040577241182e-09,0.17156070526391273,0
2007-02-16,0.8284392933018833,1.4342040577241182e-09,0.17156070526391273,0
2007-02-20,0.8284392933018833,1.4342040577241182e-09,0.17156070526391273,0
2007-02-21,0.8284392933018833,1.4342040577241182e-09,0.17156070526391273,0
2007-02-22,0.8284392933018833,1.4342040577241182e-09,0.17156070526391273,0
2007-02-23,0.8228838400274361,8.463105833179129e-10,0.1771161591262533,0
2007-02-26,0.8228838400274361,8.463105833179129e-10,0.1771161591262533,0
2007-02-27,0.8228838400274361,8.463105833179129e-10,0.1771161591262533,2
2007-02-28,0.8228838400274361,8.463105833179129e-10,0.1771161591262533,1
2007-03-01,0.8228838400274361,8.463105833179129e-10,0.1771161591262533,1
2007-03-02,0.3685954140038729,0.5819100064150331,0.049494579581093885,1
2007-03-05,0.3685954140038729,0.5819100064150331,0.049494579581093885,1
2007-03-06,0.3685954140038729,0.5819100064150331,0.049494579581093885,1
2007-03-07,0.3685954140038729,0.5819100064150331,0.049494579581093885,1
2007-03-08,0.3685954140038729,0.5819100064150331,0.049494579581093885,1
2007-03-09,0.3516762827107907,0.6001782514571453,0.048145465832064055,1
2007-03-12,0.3516762827107907,0.6001782514571453,0.048145465832064055,1
2007-03-13,0.3516762827107907,0.6001782514571453,0.048145465832064055,1
2007-03-14,0.3516762827107907,0.6001782514571453,0.048145465832064055,1
2007-03-15,0.3516762827107907,0.6001782514571453,0.048145465832064055,1
2007-03-16,0.35165421614920983,0.6002436493248613,0.048102134525929006,1
2007-03-19,0.35165421614920983,0.6002436493248613,0.048102134525929006,1
2007-03-20,0.35165421614920983,0.6002436493248613,0.048102134525929006,1
2007-03-21,0.35165421614920983,0.6002436493248613,0.048102134525929006,1
2007-03-22,0.35165421614920983,0.6002436493248613,0.048102134525929006,1
2007-03-23,0.34342528308806125,0.6084785485482826,0.04809616836365604,1
2007-03-26,0.34342528308806125,0.6084785485482826,0.04809616836365604,1
2007-03-27,0.34342528308806125,0.6084785485482826,0.04809616836365604,0
2007-03-28,0.34342528308806125,0.6084785485482826,0.04809616836365604,0
2007-03-29,0.34342528308806125,0.6084785485482826,0.04809616836365604,0
2007-03-30,0.5526969507125117,0.2845342566522527,0.16276879263523572,0
2007-04-02,0.5526969507125117,0.2845342566522527,0.16276879263523572,0
2007-04-03,0.5526969507125117,0.2845342566522527,0.16276879263523572,0
2007-04-04,0.5526969507125117,0.2845342566522527,0.16276879263523572,0
2007-04-05,0.5526969507125117,0.2845342566522527,0.16276879263523572,0
2007-04-09,0.5262157966098134,0.3734041632875752,0.10038004010261145,0
2007-04-10,0.5262157966098134,0.3734041632875752,0.10038004010261145,0
2007-04-11,0.5262157966098134,0.3734041632875752,0.10038004010261145,0
2007-04-12,0.5262157966098134,0.3734041632875752,0.10038004010261145,0
2007-04-13,0.5262157966098134,0.3734041632875752,0.10038004010261145,0
2007-04-16,0.563171057746743,0.36543249277293305,0.0713964494803239,0
2007-04-17,0.563171057746743,0.36543249277293305,0.0713964494803239,0
2007-04-18,0.563171057746743,0.36543249277293305,0.0713964494803239,0
2007-04-19,0.563171057746743,0.36543249277293305,0.0713964494803239,0
2007-04-20,0.563171057746743,0.36543249277293305,0.0713964494803239,0
2007-04-23,0.4746038327762325,0.525396154251817,1.2971950661030517e-08,0
2007-04-24,0.4746038327762325,0.525396154251817,1.2971950661030517e-08,0
2007-04-25,0.4746038327762325,0.525396154251817,1.2971950661030517e-08,0
2007-04-26,0.4746038327762325,0.525396154251817,1.2971950661030517e-08,0
2007-04-27,0.4746038327762325,0.525396154251817,1.2971950661030517e-08,0
2007-04-30,0.4829459340304997,0.5170540654669722,5.025281491815635e-10,0
2007-05-01,0.4829459340304997,0.5170540654669722,5.025281491815635e-10,0
2007-05-02,0.4829459340304997,0.5170540654669722,5.025281491815635e-10,0
2007-05-03,0.4829459340304997,0.5170540654669722,5.025281491815635e-10,0
2007-05-04,0.4829459340304997,0.5170540654669722,5.025281491815635e-10,0
2007-05-07,0.42883882259132006,0.5711611766583798,7.502999925267668e-10,0
2007-05-08,0.42883882259132006,0.5711611766583798,7.502999925267668e-10,0
2007-05-09,0.42883882259132006,0.5711611766583798,7.502999925267668e-10,0
2007-05-10,0.42883882259132006,0.5711611766583798,7.502999925267668e-10,0
2007-05-11,0.42883882259132006,0.5711611766583798,7.502999925267668e-10,0
2007-05-14,0.4381285987821402,0.5618714011539444,6.391549016639014e-11,0
2007-05-15,0.4381285987821402,0.5618714011539444,6.391549016639014e-11,0
2007-05-16,0.4381285987821402,0.5618714011539444,6.391549016639014e-11,0
2007-05-17,0.4381285987821402,0.5618714011539444,6.391549016639014e-11,0
2007-05-18,0.4381285987821402,0.5618714011539444,6.391549016639014e-11,0
2007-05-21,0.5378664469101155,0.4621335489706929,4.119191555767241e-09,0
2007-05-22,0.5378664469101155,0.4621335489706929,4.119191555767241e-09,0
2007-05-23,0.5378664469101155,0.4621335489706929,4.119191555767241e-09,0
2007-05-24,0.5378664469101155,0.4621335489706929,4.119191555767241e-09,0
2007-05-25,0.5378664469101155,0.4621335489706929,4.119191555767241e-09,0
2007-05-29,0.6419642128870191,0.3580357869477323,1.6524869593792893e-10,0
2007-05-30,0.6419642128870191,0.3580357869477323,1.6524869593792893e-10,0
2007-05-31,0.6419642128870191,0.3580357869477323,1.6524869593792893e-10,0
2007-06-01,0.6419642128870191,0.3580357869477323,1.6524869593792893e-10,0
2007-06-04,0.6419642128870191,0.3580357869477323,1.6524869593792893e-10,0
2007-06-05,0.6198435423138156,0.3801564575231318,1.6305252322459206e-10,0
2007-06-06,0.6198435423138156,0.3801564575231318,1.6305252322459206e-10,0
2007-06-07,0.6198435423138156,0.3801564575231318,1.6305252322459206e-10,0
2007-06-08,0.6198435423138156,0.3801564575231318,1.6305252322459206e-10,0
2007-06-11,0.6198435423138156,0.3801564575231318,1.6305252322459206e-10,0
2007-06-12,0.9999999656454318,2.916237864555987e-08,5.1921894940199626e-09,0
2007-06-13,0.9999999656454318,2.916237864555987e-08,5.1921894940199626e-09,0
2007-06-14,0.9999999656454318,2.916237864555987e-08,5.1921894940199626e-09,0
2007-06-15,0.9999999656454318,2.916237864555987e-08,5.1921894940199626e-09,0
2007-06-18,0.9999999656454318,2.916237864555987e-08,5.1921894940199626e-09,0
2007-06-19,0.9999998428699712,1.616906816047458e-08,1.4096096051910795e-07,0
2007-06-20,0.9999998428699712,1.616906816047458e-08,1.4096096051910795e-07,0
2007-06-21,0.9999998428699712,1.616906816047458e-08,1.4096096051910795e-07,0
2007-06-22,0.9999998428699712,1.616906816047458e-08,1.4096096051910795e-07,0
2007-06-25,0.9999998428699712,1.616906816047458e-08,1.4096096051910795e-07,0
2007-06-26,0.8603696681028864,0.13963032922163204,2.675481546619769e-09,0
2007-06-27,0.8603696681028864,0.13963032922163204,2.675481546619769e-09,0
2007-06-28,0.8603696681028864,0.13963032922163204,2.675481546619769e-09,0
2007-06-29,0.8603696681028864,0.13963032922163204,2.675481546619769e-09,0
2007-07-02,0.8603696681028864,0.13963032922163204,2.675481546619769e-09,0
2007-07-03,0.7307350116468766,0.26926497863526355,9.717859921387631e-09,0
2007-07-05,0.7307350116468766,0.26926497863526355,9.717859921387631e-09,0
2007-07-06,0.7307350116468766,0.26926497863526355,9.717859921387631e-09,0
2007-07-09,0.7307350116468766,0.26926497863526355,9.717859921387631e-09,0
2007-07-10,0.7307350116468766,0.26926497863526355,9.717859921387631e-09,0
2007-07-11,0.8086318876596784,0.1913681118652611,4.750605398258922e-10,0
2007-07-12,0.8086318876596784,0.1913681118652611,4.750605398258922e-10,0
2007-07-13,0.8086318876596784,0.1913681118652611,4.750605398258922e-10,0
2007-07-16,0.8086318876596784,0.1913681118652611,4.750605398258922e-10,0
2007-07-17,0.8086318876596784,0.1913681118652611,4.750605398258922e-10,0
2007-07-18,0.9218901945424625,0.07810980234664774,3.110889894971418e-09,0
2007-07-19,0.9218901945424625,0.07810980234664774,3.110889894971418e-09,0
2007-07-20,0.9218901945424625,0.07810980234664774,3.110889894971418e-09,0
2007-07-23,0.9218901945424625,0.07810980234664774,3.110889894971418e-09,0
2007-07-24,0.9218901945424625,0.07810980234664774,3.110889894971418e-09,1
2007-07-25,0.4009416199632434,0.5584558825439307,0.0406024974928259,1
2007-07-26,0.4009416199632434,0.5584558825439307,0.0406024974928259,1
2007-07-27,0.4009416199632434,0.5584558825439307,0.0406024974928259,1
2007-07-30,0.4009416199632434,0.5584558825439307,0.0406024974928259,1
2007-07-31,0.4009416199632434,0.5584558825439307,0.0406024974928259,1
2007-08-01,0.383733846558053,0.5756634725111393,0.04060268093080769,1
2007-08-02,0.383733846558053,0.5756634725111393,0.04060268093080769,1
2007-08-03,0.383733846558053,0.5756634725111393,0.04060268093080769,1
2007-08-06,0.383733846558053,0.5756634725111393,0.04060268093080769,1
2007-08-07,0.383733846558053,0.5756634725111393,0.04060268093080769,1
2007-08-08,0.3682925781559707,0.5889662783983877,0.042741143445641686,1
2007-08-09,0.3682925781559707,0.5889662783983877,0.042741143445641686,1
2007-08-10,0.3682925781559707,0.5889662783983877,0.042741143445641686,1
2007-08-13,0.3682925781559707,0.5889662783983877,0.042741143445641686,1
2007-08-14,0.3682925781559707,0.5889662783983877,0.042741143445641686,1
2007-08-15,0.36829257663261267,0.5889662803510141,0.04274114301637323,2
2007-08-16,0.36829257663261267,0.5889662803510141,0.04274114301637323,2
2007-08-17,0.36829257663261267,0.5889662803510141,0.04274114301637323,2
2007-08-20,0.36829257663261267,0.5889662803510141,0.04274114301637323,1
2007-08-21,0.36829257663261267,0.5889662803510141,0.04274114301637323,1
2007-08-22,0.34091545503896986,0.6054485635434214,0.05363598141760895,1
2007-08-23,0.34091545503896986,0.6054485635434214,0.05363598141760895,1
2007-08-24,0.34091545503896986,0.6054485635434214,0.05363598141760895,1
2007-08-27,0.34091545503896986,0.6054485635434214,0.05363598141760895,1
2007-08-28,0.34091545503896986,0.6054485635434214,0.05363598141760895,1
2007-08-29,0.3281371937522184,0.6156411732699951,0.056221632977786394,1
2007-08-30,0.3281371937522184,0.6156411732699951,0.056221632977786394,1
2007-08-31,0.3281371937522184,0.6156411732699951,0.056221632977786394,1
2007-09-04,0.3281371937522184,0.6156411732699951,0.056221632977786394,1
2007-09-05,0.3281371937522184,0.6156411732699951,0.056221632977786394,1
2007-09-06,0.32353248851068395,0.6202392485712057,0.056228262918110346,1
2007-09-07,0.32353248851068395,0.6202392485712057,0.056228262918110346,1
2007-09-10,0.32353248851068395,0.6202392485712057,0.056228262918110346,1
2007-09-11,0.32353248851068395,0.6202392485712057,0.056228262918110346,1
2007-09-12,0.32353248851068395,0.6202392485712057,0.056228262918110346,1
2007-09-13,0.323530475447953,0.6202393846537847,0.056230139898262324,1
2007-09-14,0.323530475447953,0.6202393846537847,0.056230139898262324,1
2007-09-17,0.323530475447953,0.6202393846537847,0.056230139898262324,1
2007-09-18,0.323530475447953,0.6202393846537847,0.056230139898262324,1
2007-09-19,0.323530475447953,0.6202393846537847,0.056230139898262324,1
2007-09-20,0.32350704374443046,0.62024286926798,0.05625008698758952,1
2007-09-21,0.32350704374443046,0.62024286926798,0.05625008698758952,1
2007-09-24,0.32350704374443046,0.62024286926798,0.05625008698758952,1
2007-09-25,0.32350704374443046,0.62024286926798,0.05625008698758952,1
2007-09-26,0.32350704374443046,0.62024286926798,0.05625008698758952,1
2007-09-27,0.3141122402496434,0.6202428894995703,0.06564487025078629,1
2007-09-28,0.3141122402496434,0.6202428894995703,0.06564487025078629,1
2007-10-01,0.3141122402496434,0.6202428894995703,0.06564487025078629,1
2007-10-02,0.3141122402496434,0.6202428894995703,0.06564487025078629,1
2007-10-03,0.3141122402496434,0.6202428894995703,0.06564487025078629,1
2007-10-04,0.3139938082250219,0.620243327488087,0.06576286428689106,1
2007-10-05,0.3139938082250219,0.620243327488087,0.06576286428689106,1
2007-10-08,0.3139938082250219,0.620243327488087,0.06576286428689106,1
2007-10-09,0.3139938082250219,0.620243327488087,0.06576286428689106,1
2007-10-10,0.3139938082250219,0.620243327488087,0.06576286428689106,1
2007-10-11,0.3139932119235054,0.6202434830188507,0.06576330505764405,1
2007-10-12,0.3139932119235054,0.6202434830188507,0.06576330505764405,1
2007-10-15,0.3139932119235054,0.6202434830188507,0.06576330505764405,1
2007-10-16,0.3139932119235054,0.6202434830188507,0.06576330505764405,1
2007-10-17,0.3139932119235054,0.6202434830188507,0.06576330505764405,1
2007-10-18,0.3132489956213991,0.6202439111426027,0.06650709323599821,1
2007-10-19,0.3132489956213991,0.6202439111426027,0.06650709323599821,1
2007-10-22,0.3132489956213991,0.6202439111426027,0.06650709323599821,1
2007-10-23,0.3132489956213991,0.6202439111426027,0.06650709323599821,1
2007-10-24,0.3132489956213991,0.6202439111426027,0.06650709323599821,1
2007-10-25,0.3131032012871591,0.6202444303242515,0.06665236838858943,1
2007-10-26,0.3131032012871591,0.6202444303242515,0.06665236838858943,1
2007-10-29,0.3131032012871591,0.6202444303242515,0.06665236838858943,1
2007-10-30,0.3131032012871591,0.6202444303242515,0.06665236838858943,1
2007-10-31,0.3131032012871591,0.6202444303242515,0.06665236838858943,1
2007-11-01,0.3116287562658435,0.6202445795385475,0.06812666419560902,1
2007-11-02,0.3116287562658435,0.6202445795385475,0.06812666419560902,1
2007-11-05,0.3116287562658435,0.6202445795385475,0.06812666419560902,1
2007-11-06,0.3116287562658435,0.6202445795385475,0.06812666419560902,1
2007-11-07,0.3116287562658435,0.6202445795385475,0.06812666419560902,1
2007-11-08,0.30502587613474236,0.6257781570457079,0.06919596681954976,1
2007-11-09,0.30502587613474236,0.6257781570457079,0.06919596681954976,1
2007-11-12,0.30502587613474236,0.6257781570457079,0.06919596681954976,2
2007-11-13,0.30502587613474236,0.6257781570457079,0.06919596681954976,2
2007-11-14,0.30502587613474236,0.6257781570457079,0.06919596681954976,2
2007-11-15,0.30502587502409445,0.62577815874049,0.06919596623541548,2
2007-11-16,0.30502587502409445,0.62577815874049,0.06919596623541548,1
2007-11-19,0.30502587502409445,0.62577815874049,0.06919596623541548,1
2007-11-20,0.30502587502409445,0.62577815874049,0.06919596623541548,1
2007-11-21,0.30502587502409445,0.62577815874049,0.06919596623541548,1
2007-11-23,0.29149171209923747,0.6393117864849742,0.06919650141578834,1
2007-11-26,0.29149171209923747,0.6393117864849742,0.06919650141578834,1
2007-11-27,0.29149171209923747,0.6393117864849742,0.06919650141578834,1
2007-11-28,0.29149171209923747,0.6393117864849742,0.06919650141578834,1
2007-11-29,0.29149171209923747,0.6393117864849742,0.06919650141578834,1
2007-11-30,0.2914841955025906,0.6393190393329415,0.06919676516446795,1
2007-12-03,0.2914841955025906,0.6393190393329415,0.06919676516446795,1
2007-12-04,0.2914841955025906,0.6393190393329415,0.06919676516446795,1
2007-12-05,0.2914841955025906,0.6393190393329415,0.06919676516446795,1
2007-12-06,0.2914841955025906,0.6393190393329415,0.06919676516446795,1
2007-12-07,0.2914840809117821,0.6393191398500667,0.06919677923815122,1
2007-12-10,0.2914840809117821,0.6393191398500667,0.06919677923815122,1
2007-12-11,0.2914840809117821,0.6393191398500667,0.06919677923815122,1
2007-12-12,0.2914840809117821,0.6393191398500667,0.06919677923815122,1
2007-12-13,0.2914840809117821,0.6393191398500667,0.06919677923815122,1
2007-12-14,0.29148391719329614,0.639319239399506,0.06919684340719791,1
2007-12-17,0.29148391719329614,0.639319239399506,0.06919684340719791,1
2007-12-18,0.29148391719329614,0.639319239399506,0.06919684340719791,1
2007-12-19,0.29148391719329614,0.639319239399506,0.06919684340719791,1
2007-12-20,0.29148391719329614,0.639319239399506,0.06919684340719791,1
2007-12-21,0.29148367728475544,0.6393193198921646,0.06919700282307983,1
2007-12-24,0.29148367728475544,0.6393193198921646,0.06919700282307983,1
2007-12-26,0.29148367728475544,0.6393193198921646,0.06919700282307983,1
2007-12-27,0.29148367728475544,0.6393193198921646,0.06919700282307983,1
2007-12-28,0.29148367728475544,0.6393193198921646,0.06919700282307983,1
2007-12-31,0.29148367084035687,0.639319305842589,0.06919702331705418,1
2008-01-02,0.29148367084035687,0.639319305842589,0.06919702331705418,1
2008-01-03,0.29148367084035687,0.639319305842589,0.06919702331705418,1
2008-01-04,0.29148367084035687,0.639319305842589,0.06919702331705418,1
2008-01-07,0.29148367084035687,0.639319305842589,0.06919702331705418,1
2008-01-08,0.2914837792183079,0.6393190597946378,0.0691971609870544,1
2008-01-09,0.2914837792183079,0.6393190597946378,0.0691971609870544,1
2008-01-10,0.2914837792183079,0.6393190597946378,0.0691971609870544,1
2008-01-11,0.2914837792183079,0.6393190597946378,0.0691971609870544,1
2008-01-14,0.2914837792183079,0.6393190597946378,0.0691971609870544,1
2008-01-15,0.291483694262406,0.6393189103787813,0.06919739535881275,1
2008-01-16,0.291483694262406,0.6393189103787813,0.06919739535881275,1
2008-01-17,0.291483694262406,0.6393189103787813,0.06919739535881275,1
2008-01-18,0.291483694262406,0.6393189103787813,0.06919739535881275,1
2008-01-22,0.291483694262406,0.6393189103787813,0.06919739535881275,2
2008-01-23,0.29148369428380316,0.6393189107463663,0.0691973949698306,2
2008-01-24,0.29148369428380316,0.6393189107463663,0.0691973949698306,2
2008-01-25,0.29148369428380316,0.6393189107463663,0.0691973949698306,2
2008-01-28,0.29148369428380316,0.6393189107463663,0.0691973949698306,2
2008-01-29,0.29148369428380316,0.6393189107463663,0.0691973949698306,2
2008-01-30,0.29148369443197497,0.6393189108854352,0.06919739468258981,2
2008-01-31,0.29148369443197497,0.6393189108854352,0.06919739468258981,2
2008-02-01,0.29148369443197497,0.6393189108854352,0.06919739468258981,2
2008-02-04,0.29148369443197497,0.6393189108854352,0.06919739468258981,2
2008-02-05,0.29148369443197497,0.6393189108854352,0.06919739468258981,2
2008-02-06,0.29148367133378483,0.639318932056434,0.06919739660978115,2
2008-02-07,0.29148367133378483,0.639318932056434,0.06919739660978115,2
2008-02-08,0.29148367133378483,0.639318932056434,0.06919739660978115,1
2008-02-11,0.29148367133378483,0.639318932056434,0.06919739660978115,1
2008-02-12,0.29148367133378483,0.639318932056434,0.06919739660978115,1
2008-02-13,0.2914835937171304,0.6293704104146639,0.07914599586820582,1
2008-02-14,0.2914835937171304,0.6293704104146639,0.07914599586820582,1
2008-02-15,0.2914835937171304,0.6293704104146639,0.07914599586820582,1
2008-02-19,0.2914835937171304,0.6293704104146639,0.07914599586820582,1
2008-02-20,0.2914835937171304,0.6293704104146639,0.07914599586820582,1
2008-02-21,0.29148350213853697,0.6228448000077825,0.08567169785368045,1
2008-02-22,0.29148350213853697,0.6228448000077825,0.08567169785368045,1
2008-02-25,0.29148350213853697,0.6228448000077825,0.08567169785368045,1
2008-02-26,0.29148350213853697,0.6228448000077825,0.08567169785368045,1
2008-02-27,0.29148350213853697,0.6228448000077825,0.08567169785368045,1
2008-02-28,0.2914834974335247,0.6132234737611096,0.0952930288053658,1
2008-02-29,0.2914834974335247,0.6132234737611096,0.0952930288053658,1
2008-03-03,0.2914834974335247,0.6132234737611096,0.0952930288053658,1
2008-03-04,0.2914834974335247,0.6132234737611096,0.0952930288053658,1
2008-03-05,0.2914834974335247,0.6132234737611096,0.0952930288053658,1
2008-03-06,0.2914835400305604,0.6030518795628701,0.10546458040656946,1
2008-03-07,0.2914835400305604,0.6030518795628701,0.10546458040656946,1
2008-03-10,0.2914835400305604,0.6030518795628701,0.10546458040656946,2
2008-03-11,0.2914835400305604,0.6030518795628701,0.10546458040656946,2
2008-03-12,0.2914835400305604,0.6030518795628701,0.10546458040656946,2
2008-03-13,0.2914835673478676,0.6030518589985945,0.10546457365353791,2
2008-03-14,0.2914835673478676,0.6030518589985945,0.10546457365353791,2
2008-03-17,0.2914835673478676,0.6030518589985945,0.10546457365353791,2
2008-03-18,0.2914835673478676,0.6030518589985945,0.10546457365353791,2
2008-03-19,0.2914835673478676,0.6030518589985945,0.10546457365353791,2
2008-03-20,0.2914835812220607,0.603051835411166,0.10546458336677322,2
2008-03-24,0.2914835812220607,0.603051835411166,0.10546458336677322,2
2008-03-25,0.2914835812220607,0.603051835411166,0.10546458336677322,2
2008-03-26,0.2914835812220607,0.603051835411166,0.10546458336677322,2
2008-03-27,0.2914835812220607,0.603051835411166,0.10546458336677322,2
2008-03-28,0.29148360773027515,0.6030517704593346,0.10546462181039026,2
2008-03-31,0.29148360773027515,0.6030517704593346,0.10546462181039026,2
2008-04-01,0.29148360773027515,0.6030517704593346,0.10546462181039026,2
2008-04-02,0.29148360773027515,0.6030517704593346,0.10546462181039026,2
2008-04-03,0.29148360773027515,0.6030517704593346,0.10546462181039026,1
2008-04-04,0.29172854018345257,0.5979724945571079,0.11029896525943964,1
2008-04-07,0.29172854018345257,0.5979724945571079,0.11029896525943964,1
2008-04-08,0.29172854018345257,0.5979724945571079,0.11029896525943964,1
2008-04-09,0.29172854018345257,0.5979724945571079,0.11029896525943964,1
2008-04-10,0.29172854018345257,0.5979724945571079,0.11029896525943964,1
2008-04-11,0.29385557188585026,0.5958373401620536,0.11030708795209619,1
2008-04-14,0.29385557188585026,0.5958373401620536,0.11030708795209619,1
2008-04-15,0.29385557188585026,0.5958373401620536,0.11030708795209619,1
2008-04-16,0.29385557188585026,0.5958373401620536,0.11030708795209619,1
2008-04-17,0.29385557188585026,0.5958373401620536,0.11030708795209619,1
2008-04-18,0.2938607576486456,0.5958312265108404,0.11030801584051396,1
2008-04-21,0.2938607576486456,0.5958312265108404,0.11030801584051396,1
2008-04-22,0.2938607576486456,0.5958312265108404,0.11030801584051396,1
2008-04-23,0.2938607576486456,0.5958312265108404,0.11030801584051396,1
2008-04-24,0.2938607576486456,0.5958312265108404,0.11030801584051396,1
2008-04-25,0.29499628059322147,0.594695584258526,0.11030813514825251,1
2008-04-28,0.29499628059322147,0.594695584258526,0.11030813514825251,1
2008-04-29,0.29499628059322147,0.594695584258526,0.11030813514825251,1
2008-04-30,0.29499628059322147,0.594695584258526,0.11030813514825251,1
2008-05-01,0.29499628059322147,0.594695584258526,0.11030813514825251,1
2008-05-02,0.2949970593966606,0.5946946309444126,0.11030830965892688,1
2008-05-05,0.2949970593966606,0.5946946309444126,0.11030830965892688,1
2008-05-06,0.2949970593966606,0.5946946309444126,0.11030830965892688,1
2008-05-07,0.2949970593966606,0.5946946309444126,0.11030830965892688,1
2008-05-08,0.2949970593966606,0.5946946309444126,0.11030830965892688,1
2008-05-09,0.2951482773603443,0.5945391947220444,0.11031252791761126,1
2008-05-12,0.2951482773603443,0.5945391947220444,0.11031252791761126,1
2008-05-13,0.2951482773603443,0.5945391947220444,0.11031252791761126,1
2008-05-14,0.2951482773603443,0.5945391947220444,0.11031252791761126,1
2008-05-15,0.2951482773603443,0.5945391947220444,0.11031252791761126,1
2008-05-16,0.2964305398570993,0.5932568389222322,0.11031262122066858,1
2008-05-19,0.2964305398570993,0.5932568389222322,0.11031262122066858,1
2008-05-20,0.2964305398570993,0.5932568389222322,0.11031262122066858,1
2008-05-21,0.2964305398570993,0.5932568389222322,0.11031262122066858,1
2008-05-22,0.2964305398570993,0.5932568389222322,0.11031262122066858,1
2008-05-23,0.2966442662532132,0.5930416950468707,0.11031403869991602,1
2008-05-27,0.2966442662532132,0.5930416950468707,0.11031403869991602,1
2008-05-28,0.2966442662532132,0.5930416950468707,0.11031403869991602,1
2008-05-29,0.2966442662532132,0.5930416950468707,0.11031403869991602,1
2008-05-30,0.2966442662532132,0.5930416950468707,0.11031403869991602,1
2008-06-02,0.3000588404880455,0.589627081980316,0.11031407753163851,1
2008-06-03,0.3000588404880455,0.589627081980316,0.11031407753163851,1
2008-06-04,0.3000588404880455,0.589627081980316,0.11031407753163851,1
2008-06-05,0.3000588404880455,0.589627081980316,0.11031407753163851,1
2008-06-06,0.3000588404880455,0.589627081980316,0.11031407753163851,1
2008-06-09,0.3006119323615896,0.589073931870612,0.11031413576779839,1
2008-06-10,0.3006119323615896,0.589073931870612,0.11031413576779839,1
2008-06-11,0.3006119323615896,0.589073931870612,0.11031413576779839,1
2008-06-12,0.3006119323615896,0.589073931870612,0.11031413576779839,1
2008-06-13,0.3006119323615896,0.589073931870612,0.11031413576779839,1
2008-06-16,0.30113986550552824,0.5885466934878423,0.1103134410066296,1
2008-06-17,0.30113986550552824,0.5885466934878423,0.1103134410066296,1
2008-06-18,0.30113986550552824,0.5885466934878423,0.1103134410066296,1
2008-06-19,0.30113986550552824,0.5885466934878423,0.1103134410066296,1
2008-06-20,0.30113986550552824,0.5885466934878423,0.1103134410066296,1
2008-06-23,0.3016444337941458,0.5880429831772497,0.11031258302860442,1
2008-06-24,0.3016444337941458,0.5880429831772497,0.11031258302860442,1
2008-06-25,0.3016444337941458,0.5880429831772497,0.11031258302860442,1
2008-06-26,0.3016444337941458,0.5880429831772497,0.11031258302860442,1
2008-06-27,0.3016444337941458,0.5880429831772497,0.11031258302860442,1
2008-06-30,0.30384770026046776,0.585841845851039,0.11031045388849327,1
2008-07-01,0.30384770026046776,0.585841845851039,0.11031045388849327,1
2008-07-02,0.30384770026046776,0.585841845851039,0.11031045388849327,1
2008-07-03,0.30384770026046776,0.585841845851039,0.11031045388849327,1
2008-07-07,0.30384770026046776,0.585841845851039,0.11031045388849327,1
2008-07-08,0.30385177364875315,0.5858394239039604,0.11030880244728655,1
2008-07-09,0.30385177364875315,0.5858394239039604,0.11030880244728655,1
2008-07-10,0.30385177364875315,0.5858394239039604,0.11030880244728655,1
2008-07-11,0.30385177364875315,0.5858394239039604,0.11030880244728655,1
2008-07-14,0.30385177364875315,0.5858394239039604,0.11030880244728655,1
2008-07-15,0.30385332575857465,0.5858377268717576,0.11030894736966783,1
2008-07-16,0.30385332575857465,0.5858377268717576,0.11030894736966783,1
2008-07-17,0.30385332575857465,0.5858377268717576,0.11030894736966783,1
2008-07-18,0.30385332575857465,0.5858377268717576,0.11030894736966783,1
2008-07-21,0.30385332575857465,0.5858377268717576,0.11030894736966783,1
2008-07-22,0.30385339709462583,0.5858376579941813,0.11030894491119285,1
2008-07-23,0.30385339709462583,0.5858376579941813,0.11030894491119285,1
2008-07-24,0.30385339709462583,0.5858376579941813,0.11030894491119285,1
2008-07-25,0.30385339709462583,0.5858376579941813,0.11030894491119285,1
2008-07-28,0.30385339709462583,0.5858376579941813,0.11030894491119285,1
2008-07-29,0.30497305149223247,0.5847180223883893,0.11030892611937826,1
2008-07-30,0.30497305149223247,0.5847180223883893,0.11030892611937826,1
2008-07-31,0.30497305149223247,0.5847180223883893,0.11030892611937826,1
2008-08-01,0.30497305149223247,0.5847180223883893,0.11030892611937826,1
2008-08-04,0.30497305149223247,0.5847180223883893,0.11030892611937826,1
2008-08-05,0.3054345123939439,0.584256700600078,0.1103087870059782,1
2008-08-06,0.3054345123939439,0.584256700600078,0.1103087870059782,1
2008-08-07,0.3054345123939439,0.584256700600078,0.1103087870059782,1
2008-08-08,0.3054345123939439,0.584256700600078,0.1103087870059782,1
2008-08-11,0.3054345123939439,0.584256700600078,0.1103087870059782,1
2008-08-12,0.31105205325117563,0.5786391750720875,0.11030877167673689,1
2008-08-13,0.31105205325117563,0.5786391750720875,0.11030877167673689,1
2008-08-14,0.31105205325117563,0.5786391750720875,0.11030877167673689,1
2008-08-15,0.31105205325117563,0.5786391750720875,0.11030877167673689,1
2008-08-18,0.31105205325117563,0.5786391750720875,0.11030877167673689,1
2008-08-19,0.31368769474278524,0.5760035534394539,0.1103087518177609,1
2008-08-20,0.31368769474278524,0.5760035534394539,0.1103087518177609,1
2008-08-21,0.31368769474278524,0.5760035534394539,0.1103087518177609,1
2008-08-22,0.31368769474278524,0.5760035534394539,0.1103087518177609,1
2008-08-25,0.31368769474278524,0.5760035534394539,0.1103087518177609,1
2008-08-26,0.3137870057019715,0.5759040423444995,0.11030895195352901,1
2008-08-27,0.3137870057019715,0.5759040423444995,0.11030895195352901,1
2008-08-28,0.3137870057019715,0.5759040423444995,0.11030895195352901,1
2008-08-29,0.3137870057019715,0.5759040423444995,0.11030895195352901,1
2008-09-02,0.3137870057019715,0.5759040423444995,0.11030895195352901,1
2008-09-03,0.31560618912681254,0.5740845666068787,0.11030924426630874,1
2008-09-04,0.31560618912681254,0.5740845666068787,0.11030924426630874,1
2008-09-05,0.31560618912681254,0.5740845666068787,0.11030924426630874,1
2008-09-08,0.31560618912681254,0.5740845666068787,0.11030924426630874,1
2008-09-09,0.31560618912681254,0.5740845666068787,0.11030924426630874,2
2008-09-10,0.3156061892801116,0.5740845668957417,0.11030924382414671,2
2008-09-11,0.3156061892801116,0.5740845668957417,0.11030924382414671,2
2008-09-12,0.3156061892801116,0.5740845668957417,0.11030924382414671,2
2008-09-15,0.3156061892801116,0.5740845668957417,0.11030924382414671,2
2008-09-16,0.3156061892801116,0.5740845668957417,0.11030924382414671,2
2008-09-17,0.31560619012063185,0.5740845667455887,0.11030924313377946,2
2008-09-18,0.31560619012063185,0.5740845667455887,0.11030924313377946,2
2008-09-19,0.31560619012063185,0.5740845667455887,0.11030924313377946,2
2008-09-22,0.31560619012063185,0.5740845667455887,0.11030924313377946,2
2008-09-23,0.31560619012063185,0.5740845667455887,0.11030924313377946,2
2008-09-24,0.31560619184609023,0.5740845666929076,0.11030924146100202,2
2008-09-25,0.31560619184609023,0.5740845666929076,0.11030924146100202,2
2008-09-26,0.31560619184609023,0.5740845666929076,0.11030924146100202,2
2008-09-29,0.31560619184609023,0.5740845666929076,0.11030924146100202,2
2008-09-30,0.31560619184609023,0.5740845666929076,0.11030924146100202,2
2008-10-01,0.315606193576009,0.5740845669443236,0.11030923947966732,2
2008-10-02,0.315606193576009,0.5740845669443236,0.11030923947966732,2
2008-10-03,0.315606193576009,0.5740845669443236,0.11030923947966732,2
2008-10-06,0.315606193576009,0.5740845669443236,0.11030923947966732,2
2008-10-07,0.315606193576009,0.5740845669443236,0.11030923947966732,2
2008-10-08,0.31560618972421484,0.5740845700464223,0.11030924022936282,2
2008-10-09,0.31560618972421484,0.5740845700464223,0.11030924022936282,2
2008-10-10,0.31560618972421484,0.5740845700464223,0.11030924022936282,2
2008-10-13,0.31560618972421484,0.5740845700464223,0.11030924022936282,2
2008-10-14,0.31560618972421484,0.5740845700464223,0.11030924022936282,2
2008-10-15,0.29606415216569054,0.5931628894596307,0.11077295837467878,2
2008-10-16,0.29606415216569054,0.5931628894596307,0.11077295837467878,2
2008-10-17,0.29606415216569054,0.5931628894596307,0.11077295837467878,2
2008-10-20,0.29606415216569054,0.5931628894596307,0.11077295837467878,2
2008-10-21,0.29606415216569054,0.5931628894596307,0.11077295837467878,2
2008-10-22,0.26961149767462567,0.6195900654016754,0.11079843692369896,2
2008-10-23,0.26961149767462567,0.6195900654016754,0.11079843692369896,2
2008-10-24,0.26961149767462567,0.6195900654016754,0.11079843692369896,2
2008-10-27,0.26961149767462567,0.6195900654016754,0.11079843692369896,2
2008-10-28,0.26961149767462567,0.6195900654016754,0.11079843692369896,2
2008-10-29,0.24529175770033132,0.643907223574327,0.11080101872534184,2
2008-10-30,0.24529175770033132,0.643907223574327,0.11080101872534184,2
2008-10-31,0.24529175770033132,0.643907223574327,0.11080101872534184,2
2008-11-03,0.24529175770033132,0.643907223574327,0.11080101872534184,2
2008-11-04,0.24529175770033132,0.643907223574327,0.11080101872534184,2
2008-11-05,0.2433279186263184,0.6458710419050768,0.11080103946860487,2
2008-11-06,0.2433279186263184,0.6458710419050768,0.11080103946860487,2
2008-11-07,0.2433279186263184,0.6458710419050768,0.11080103946860487,2
2008-11-10,0.2433279186263184,0.6458710419050768,0.11080103946860487,2
2008-11-11,0.2433279186263184,0.6458710419050768,0.11080103946860487,2
2008-11-12,0.23584355253514658,0.6533553783484247,0.11080106911642867,2
2008-11-13,0.23584355253514658,0.6533553783484247,0.11080106911642867,2
2008-11-14,0.23584355253514658,0.6533553783484247,0.11080106911642867,2
2008-11-17,0.23584355253514658,0.6533553783484247,0.11080106911642867,2
2008-11-18,0.23584355253514658,0.6533553783484247,0.11080106911642867,2
2008-11-19,0.23417627716249803,0.6550226224221276,0.1108011004153744,2
2008-11-20,0.23417627716249803,0.6550226224221276,0.1108011004153744,2
2008-11-21,0.23417627716249803,0.6550226224221276,0.1108011004153744,2
2008-11-24,0.23417627716249803,0.6550226224221276,0.1108011004153744,2
2008-11-25,0.23417627716249803,0.6550226224221276,0.1108011004153744,2
2008-11-26,0.23417483967281405,0.6550239721718636,0.11080118815532243,2
2008-11-28,0.23417483967281405,0.6550239721718636,0.11080118815532243,2
2008-12-01,0.23417483967281405,0.6550239721718636,0.11080118815532243,2
2008-12-02,0.23417483967281405,0.6550239721718636,0.11080118815532243,2
2008-12-03,0.23417483967281405,0.6550239721718636,0.11080118815532243,2
2008-12-04,0.23183819808577485,0.6573606060023204,0.11080119591190479,2
2008-12-05,0.23183819808577485,0.6573606060023204,0.11080119591190479,2
2008-12-08,0.23183819808577485,0.6573606060023204,0.11080119591190479,2
2008-12-09,0.23183819808577485,0.6573606060023204,0.11080119591190479,2
2008-12-10,0.23183819808577485,0.6573606060023204,0.11080119591190479,2
2008-12-11,0.2313729939505071,0.6578257990993163,0.11080120695017665,2
2008-12-12,0.2313729939505071,0.6578257990993163,0.11080120695017665,2
2008-12-15,0.2313729939505071,0.6578257990993163,0.11080120695017665,2
2008-12-16,0.2313729939505071,0.6578257990993163,0.11080120695017665,2
2008-12-17,0.2313729939505071,0.6578257990993163,0.11080120695017665,2
2008-12-18,0.23021407999699078,0.6589846329357131,0.11080128706729607,2
2008-12-19,0.23021407999699078,0.6589846329357131,0.11080128706729607,2
2008-12-22,0.23021407999699078,0.6589846329357131,0.11080128706729607,2
2008-12-23,0.23021407999699078,0.6589846329357131,0.11080128706729607,2
2008-12-24,0.23021407999699078,0.6589846329357131,0.11080128706729607,2
2008-12-26,0.22970157429693802,0.6594971248069974,0.11080130089606458,2
2008-12-29,0.22970157429693802,0.6594971248069974,0.11080130089606458,2
2008-12-30,0.22970157429693802,0.6594971248069974,0.11080130089606458,2
2008-12-31,0.22970157429693802,0.6594971248069974,0.11080130089606458,2
2009-01-02,0.22970157429693802,0.6594971248069974,0.11080130089606458,2
2009-01-05,0.22969972974114466,0.6594988385339275,0.11080143172492776,2
2009-01-06,0.22969972974114466,0.6594988385339275,0.11080143172492776,2
2009-01-07,0.22969972974114466,0.6594988385339275,0.11080143172492776,2
2009-01-08,0.22969972974114466,0.6594988385339275,0.11080143172492776,2
2009-01-09,0.22969972974114466,0.6594988385339275,0.11080143172492776,2
2009-01-12,0.22969965880950885,0.6594989046197878,0.11080143657070342,2
2009-01-13,0.22969965880950885,0.6594989046197878,0.11080143657070342,2
2009-01-14,0.22969965880950885,0.6594989046197878,0.11080143657070342,2
2009-01-15,0.22969965880950885,0.6594989046197878,0.11080143657070342,2
2009-01-16,0.22969965880950885,0.6594989046197878,0.11080143657070342,2
2009-01-20,0.22969959714490124,0.6594989603589989,0.11080144249609994,2
2009-01-21,0.22969959714490124,0.6594989603589989,0.11080144249609994,2
2009-01-22,0.22969959714490124,0.6594989603589989,0.11080144249609994,2
2009-01-23,0.22969959714490124,0.6594989603589989,0.11080144249609994,2
2009-01-26,0.22969959714490124,0.6594989603589989,0.11080144249609994,2
2009-01-27,0.22969954916133462,0.659498998561629,0.1108014522770364,2
2009-01-28,0.22969954916133462,0.659498998561629,0.1108014522770364,2
2009-01-29,0.22969954916133462,0.659498998561629,0.1108014522770364,2
2009-01-30,0.22969954916133462,0.659498998561629,0.1108014522770364,2
2009-02-02,0.22969954916133462,0.659498998561629,0.1108014522770364,2
2009-02-03,0.22969463301386017,0.6594990706778551,0.11080629630828467,2
2009-02-04,0.22969463301386017,0.6594990706778551,0.11080629630828467,2
2009-02-05,0.22969463301386017,0.6594990706778551,0.11080629630828467,2
2009-02-06,0.22969463301386017,0.6594990706778551,0.11080629630828467,2
2009-02-09,0.22969463301386017,0.6594990706778551,0.11080629630828467,2
2009-02-10,0.22969324980465627,0.6594991053328171,0.1108076448625267,2
2009-02-11,0.22969324980465627,0.6594991053328171,0.1108076448625267,2
2009-02-12,0.22969324980465627,0.6594991053328171,0.1108076448625267,2
2009-02-13,0.22969324980465627,0.6594991053328171,0.1108076448625267,2
2009-02-17,0.22969324980465627,0.6594991053328171,0.1108076448625267,2
2009-02-18,0.2296932128469785,0.6594991071360748,0.11080768001694662,2
2009-02-19,0.2296932128469785,0.6594991071360748,0.11080768001694662,2
2009-02-20,0.2296932128469785,0.6594991071360748,0.11080768001694662,2
2009-02-23,0.2296932128469785,0.6594991071360748,0.11080768001694662,2
2009-02-24,0.2296932128469785,0.6594991071360748,0.11080768001694662,2
2009-02-25,0.22969305679695146,0.6594991134126466,0.1108078297904021,2
2009-02-26,0.22969305679695146,0.6594991134126466,0.1108078297904021,2
2009-02-27,0.22969305679695146,0.6594991134126466,0.1108078297904021,2
2009-03-02,0.22969305679695146,0.6594991134126466,0.1108078297904021,2
2009-03-03,0.22969305679695146,0.6594991134126466,0.1108078297904021,2
2009-03-04,0.22969121522336503,0.659499187700311,0.11080959707632392,2
2009-03-05,0.22969121522336503,0.659499187700311,0.11080959707632392,2
2009-03-06,0.22969121522336503,0.659499187700311,0.11080959707632392,2
2009-03-09,0.22969121522336503,0.659499187700311,0.11080959707632392,2
2009-03-10,0.22969121522336503,0.659499187700311,0.11080959707632392,2
2009-03-11,0.2296911798064661,0.6594991906903898,0.11080962950314416,2
2009-03-12,0.2296911798064661,0.6594991906903898,0.11080962950314416,2
2009-03-13,0.2296911798064661,0.6594991906903898,0.11080962950314416,2
2009-03-16,0.2296911798064661,0.6594991906903898,0.11080962950314416,2
2009-03-17,0.2296911798064661,0.6594991906903898,0.11080962950314416,2
2009-03-18,0.2296909321745843,0.659499222786119,0.11080984503929667,2
2009-03-19,0.2296909321745843,0.659499222786119,0.11080984503929667,2
2009-03-20,0.2296909321745843,0.659499222786119,0.11080984503929667,2
2009-03-23,0.2296909321745843,0.659499222786119,0.11080984503929667,2
2009-03-24,0.2296909321745843,0.659499222786119,0.11080984503929667,2
2009-03-25,0.22968886005726005,0.6594994611472612,0.11081167879547886,2
2009-03-26,0.22968886005726005,0.6594994611472612,0.11081167879547886,2
2009-03-27,0.22968886005726005,0.6594994611472612,0.11081167879547886,2
2009-03-30,0.22968886005726005,0.6594994611472612,0.11081167879547886,2
2009-03-31,0.22968886005726005,0.6594994611472612,0.11081167879547886,2
2009-04-01,0.22957015511349013,0.6594995980717913,0.11093024681471855,2
2009-04-02,0.22957015511349013,0.6594995980717913,0.11093024681471855,2
2009-04-03,0.22957015511349013,0.6594995980717913,0.11093024681471855,2
2009-04-06,0.22957015511349013,0.6594995980717913,0.11093024681471855,2
2009-04-07,0.22957015511349013,0.6594995980717913,0.11093024681471855,2
2009-04-08,0.22956775252446562,0.6594996784116584,0.11093256906387594,2
2009-04-09,0.22956775252446562,0.6594996784116584,0.11093256906387594,2
2009-04-13,0.22956775252446562,0.6594996784116584,0.11093256906387594,2
2009-04-14,0.22956775252446562,0.6594996784116584,0.11093256906387594,2
2009-04-15,0.22956775252446562,0.6594996784116584,0.11093256906387594,2
2009-04-16,0.2295634366803729,0.6594997265624978,0.11093683675712933,2
2009-04-17,0.2295634366803729,0.6594997265624978,0.11093683675712933,2
2009-04-20,0.2295634366803729,0.6594997265624978,0.11093683675712933,2
2009-04-21,0.2295634366803729,0.6594997265624978,0.11093683675712933,2
2009-04-22,0.2295634366803729,0.6594997265624978,0.11093683675712933,2
2009-04-23,0.22956301303890575,0.6594997466212019,0.11093724033989238,2
2009-04-24,0.22956301303890575,0.6594997466212019,0.11093724033989238,2
2009-04-27,0.22956301303890575,0.6594997466212019,0.11093724033989238,2
2009-04-28,0.22956301303890575,0.6594997466212019,0.11093724033989238,2
2009-04-29,0.22956301303890575,0.6594997466212019,0.11093724033989238,2
2009-04-30,0.22956199565956098,0.6594997786471014,0.11093822569333764,2
2009-05-01,0.22956199565956098,0.6594997786471014,0.11093822569333764,2
2009-05-04,0.22956199565956098,0.6594997786471014,0.11093822569333764,2
2009-05-05,0.22956199565956098,0.6594997786471014,0.11093822569333764,2
2009-05-06,0.22956199565956098,0.6594997786471014,0.11093822569333764,2
2009-05-07,0.22955731769434773,0.6594999970399937,0.11094268526565854,2
2009-05-08,0.22955731769434773,0.6594999970399937,0.11094268526565854,2
2009-05-11,0.22955731769434773,0.6594999970399937,0.11094268526565854,2
2009-05-12,0.22955731769434773,0.6594999970399937,0.11094268526565854,2
2009-05-13,0.22955731769434773,0.6594999970399937,0.11094268526565854,2
2009-05-14,0.2288779711378218,0.6595001905942159,0.11162183826796242,2
2009-05-15,0.2288779711378218,0.6595001905942159,0.11162183826796242,2
2009-05-18,0.2288779711378218,0.6595001905942159,0.11162183826796242,2
2009-05-19,0.2288779711378218,0.6595001905942159,0.11162183826796242,2
2009-05-20,0.2288779711378218,0.6595001905942159,0.11162183826796242,2
2009-05-21,0.22887566370154772,0.659500202829447,0.1116241334690054,2
2009-05-22,0.22887566370154772,0.659500202829447,0.1116241334690054,2
2009-05-26,0.22887566370154772,0.659500202829447,0.1116241334690054,2
2009-05-27,0.22887566370154772,0.659500202829447,0.1116241334690054,2
2009-05-28,0.22887566370154772,0.659500202829447,0.1116241334690054,2
2009-05-29,0.2262141533449279,0.6595002024479729,0.11428564420709925,2
2009-06-01,0.2262141533449279,0.6595002024479729,0.11428564420709925,2
2009-06-02,0.2262141533449279,0.6595002024479729,0.11428564420709925,2
2009-06-03,0.2262141533449279,0.6595002024479729,0.11428564420709925,2
2009-06-04,0.2262141533449279,0.6595002024479729,0.11428564420709925,2
2009-06-05,0.22621014110193333,0.6595001718336664,0.11428968706440032,2
2009-06-08,0.22621014110193333,0.6595001718336664,0.11428968706440032,2
2009-06-09,0.22621014110193333,0.6595001718336664,0.11428968706440032,2
2009-06-10,0.22621014110193333,0.6595001718336664,0.11428968706440032,2
2009-06-11,0.22621014110193333,0.6595001718336664,0.11428968706440032,2
2009-06-12,0.22565571652546654,0.6595001605714279,0.11484412290310546,2
2009-06-15,0.22565571652546654,0.6595001605714279,0.11484412290310546,2
2009-06-16,0.22565571652546654,0.6595001605714279,0.11484412290310546,2
2009-06-17,0.22565571652546654,0.6595001605714279,0.11484412290310546,2
2009-06-18,0.22565571652546654,0.6595001605714279,0.11484412290310546,2
2009-06-19,0.22553544029678557,0.6594998895940974,0.11496467010911701,2
2009-06-22,0.22553544029678557,0.6594998895940974,0.11496467010911701,2
2009-06-23,0.22553544029678557,0.6594998895940974,0.11496467010911701,2
2009-06-24,0.22553544029678557,0.6594998895940974,0.11496467010911701,2
2009-06-25,0.22553544029678557,0.6594998895940974,0.11496467010911701,2
2009-06-26,0.21622331906329656,0.6374351821126144,0.14634149882408903,1
2009-06-29,0.21622331906329656,0.6374351821126144,0.14634149882408903,1
2009-06-30,0.21622331906329656,0.6374351821126144,0.14634149882408903,1
2009-07-01,0.21622331906329656,0.6374351821126144,0.14634149882408903,1
2009-07-02,0.21622331906329656,0.6374351821126144,0.14634149882408903,2
2009-07-06,0.2162232959251868,0.6374351786433768,0.14634152543143636,2
2009-07-07,0.2162232959251868,0.6374351786433768,0.14634152543143636,2
2009-07-08,0.2162232959251868,0.6374351786433768,0.14634152543143636,2
2009-07-09,0.2162232959251868,0.6374351786433768,0.14634152543143636,2
2009-07-10,0.2162232959251868,0.6374351786433768,0.14634152543143636,2
2009-07-13,0.21622327237569913,0.6374351535347169,0.14634157408958398,2
2009-07-14,0.21622327237569913,0.6374351535347169,0.14634157408958398,2
2009-07-15,0.21622327237569913,0.6374351535347169,0.14634157408958398,2
2009-07-16,0.21622327237569913,0.6374351535347169,0.14634157408958398,1
2009-07-17,0.21622327237569913,0.6374351535347169,0.14634157408958398,1
2009-07-20,0.21553971922844256,0.6315675489657987,0.15289273180575885,1
2009-07-21,0.21553971922844256,0.6315675489657987,0.15289273180575885,1
2009-07-22,0.21553971922844256,0.6315675489657987,0.15289273180575885,1
2009-07-23,0.21553971922844256,0.6315675489657987,0.15289273180575885,1
2009-07-24,0.21553971922844256,0.6315675489657987,0.15289273180575885,1
2009-07-27,0.21521889432301888,0.6275026018874451,0.15727850378953584,1
2009-07-28,0.21521889432301888,0.6275026018874451,0.15727850378953584,1
2009-07-29,0.21521889432301888,0.6275026018874451,0.15727850378953584,1
2009-07-30,0.21521889432301888,0.6275026018874451,0.15727850378953584,1
2009-07-31,0.21521889432301888,0.6275026018874451,0.15727850378953584,1
2009-08-03,0.21521875812236096,0.6266808206586583,0.1581004212189808,1
2009-08-04,0.21521875812236096,0.6266808206586583,0.1581004212189808,1
2009-08-05,0.21521875812236096,0.6266808206586583,0.1581004212189808,1
2009-08-06,0.21521875812236096,0.6266808206586583,0.1581004212189808,1
2009-08-07,0.21521875812236096,0.6266808206586583,0.1581004212189808,1
2009-08-10,0.2152172967699572,0.6245055331537099,0.1602771700763328,1
2009-08-11,0.2152172967699572,0.6245055331537099,0.1602771700763328,1
2009-08-12,0.2152172967699572,0.6245055331537099,0.1602771700763328,1
2009-08-13,0.2152172967699572,0.6245055331537099,0.1602771700763328,1
2009-08-14,0.2152172967699572,0.6245055331537099,0.1602771700763328,1
2009-08-17,0.21517726804135592,0.6213149139693461,0.1635078179892981,1
2009-08-18,0.21517726804135592,0.6213149139693461,0.1635078179892981,1
2009-08-19,0.21517726804135592,0.6213149139693461,0.1635078179892981,1
2009-08-20,0.21517726804135592,0.6213149139693461,0.1635078179892981,1
2009-08-21,0.21517726804135592,0.6213149139693461,0.1635078179892981,1
2009-08-24,0.21515263709132573,0.6186705762720929,0.16617678663658142,1
2009-08-25,0.21515263709132573,0.6186705762720929,0.16617678663658142,1
2009-08-26,0.21515263709132573,0.6186705762720929,0.16617678663658142,1
2009-08-27,0.21515263709132573,0.6186705762720929,0.16617678663658142,1
2009-08-28,0.21515263709132573,0.6186705762720929,0.16617678663658142,1
2009-08-31,0.21514526991478944,0.616346725453613,0.1685080046315976,1
2009-09-01,0.21514526991478944,0.616346725453613,0.1685080046315976,1
2009-09-02,0.21514526991478944,0.616346725453613,0.1685080046315976,1
2009-09-03,0.21514526991478944,0.616346725453613,0.1685080046315976,1
2009-09-04,0.21514526991478944,0.616346725453613,0.1685080046315976,1
2009-09-08,0.2151452761556431,0.6153965324326238,0.16945819141173302,1
2009-09-09,0.2151452761556431,0.6153965324326238,0.16945819141173302,1
2009-09-10,0.2151452761556431,0.6153965324326238,0.16945819141173302,1
2009-09-11,0.2151452761556431,0.6153965324326238,0.16945819141173302,1
2009-09-14,0.2151452761556431,0.6153965324326238,0.16945819141173302,1
2009-09-15,0.2151453986242603,0.6116504455742245,0.17320415580151513,1
2009-09-16,0.2151453986242603,0.6116504455742245,0.17320415580151513,1
2009-09-17,0.2151453986242603,0.6116504455742245,0.17320415580151513,1
2009-09-18,0.2151453986242603,0.6116504455742245,0.17320415580151513,1
2009-09-21,0.2151453986242603,0.6116504455742245,0.17320415580151513,1
2009-09-22,0.20561009729946028,0.6059912586243926,0.18839864407614715,1
2009-09-23,0.20561009729946028,0.6059912586243926,0.18839864407614715,1
2009-09-24,0.20561009729946028,0.6059912586243926,0.18839864407614715,1
2009-09-25,0.20561009729946028,0.6059912586243926,0.18839864407614715,1
2009-09-28,0.20561009729946028,0.6059912586243926,0.18839864407614715,1
2009-09-29,0.20528784684102777,0.6047393160367986,0.18997283712217358,1
2009-09-30,0.20528784684102777,0.6047393160367986,0.18997283712217358,1
2009-10-01,0.20528784684102777,0.6047393160367986,0.18997283712217358,1
2009-10-02,0.20528784684102777,0.6047393160367986,0.18997283712217358,1
2009-10-05,0.20528784684102777,0.6047393160367986,0.18997283712217358,1
2009-10-06,0.19488807135138522,0.5983486671365607,0.20676326151205418,1
2009-10-07,0.19488807135138522,0.5983486671365607,0.20676326151205418,1
2009-10-08,0.19488807135138522,0.5983486671365607,0.20676326151205418,1
2009-10-09,0.19488807135138522,0.5983486671365607,0.20676326151205418,1
2009-10-12,0.19488807135138522,0.5983486671365607,0.20676326151205418,1
2009-10-13,0.19490248807729652,0.5860068655030638,0.21909064641963974,1
2009-10-14,0.19490248807729652,0.5860068655030638,0.21909064641963974,1
2009-10-15,0.19490248807729652,0.5860068655030638,0.21909064641963974,1
2009-10-16,0.19490248807729652,0.5860068655030638,0.21909064641963974,1
2009-10-19,0.19490248807729652,0.5860068655030638,0.21909064641963974,1
2009-10-20,0.20923352419355923,0.5717452394447158,0.21902123636172502,1
2009-10-21,0.20923352419355923,0.5717452394447158,0.21902123636172502,1
2009-10-22,0.20923352419355923,0.5717452394447158,0.21902123636172502,1
2009-10-23,0.20923352419355923,0.5717452394447158,0.21902123636172502,1
2009-10-26,0.20923352419355923,0.5717452394447158,0.21902123636172502,1
2009-10-27,0.22146524271106902,0.5595371355792597,0.2189976217096713,1
2009-10-28,0.22146524271106902,0.5595371355792597,0.2189976217096713,1
2009-10-29,0.22146524271106902,0.5595371355792597,0.2189976217096713,1
2009-10-30,0.22146524271106902,0.5595371355792597,0.2189976217096713,1
2009-11-02,0.22146524271106902,0.5595371355792597,0.2189976217096713,1
2009-11-03,0.2342027285096469,0.5503592796237377,0.2154379918666155,1
2009-11-04,0.2342027285096469,0.5503592796237377,0.2154379918666155,1
2009-11-05,0.2342027285096469,0.5503592796237377,0.2154379918666155,1
2009-11-06,0.2342027285096469,0.5503592796237377,0.2154379918666155,1
2009-11-09,0.2342027285096469,0.5503592796237377,0.2154379918666155,1
2009-11-10,0.24323299438889012,0.5401921465261093,0.21657485908500065,1
2009-11-11,0.24323299438889012,0.5401921465261093,0.21657485908500065,1
2009-11-12,0.24323299438889012,0.5401921465261093,0.21657485908500065,1
2009-11-13,0.24323299438889012,0.5401921465261093,0.21657485908500065,1
2009-11-16,0.24323299438889012,0.5401921465261093,0.21657485908500065,1
2009-11-17,0.24849950717688432,0.5285870249115313,0.2229134679115844,1
2009-11-18,0.24849950717688432,0.5285870249115313,0.2229134679115844,1
2009-11-19,0.24849950717688432,0.5285870249115313,0.2229134679115844,1
2009-11-20,0.24849950717688432,0.5285870249115313,0.2229134679115844,1
2009-11-23,0.24849950717688432,0.5285870249115313,0.2229134679115844,1
2009-11-24,0.2484991774420874,0.5122962035029792,0.2392046190549334,1
2009-11-25,0.2484991774420874,0.5122962035029792,0.2392046190549334,1
2009-11-27,0.2484991774420874,0.5122962035029792,0.2392046190549334,1
2009-11-30,0.2484991774420874,0.5122962035029792,0.2392046190549334,1
2009-12-01,0.2484991774420874,0.5122962035029792,0.2392046190549334,1
2009-12-02,0.2633996732648488,0.4867719147588426,0.24982841197630853,1
2009-12-03,0.2633996732648488,0.4867719147588426,0.24982841197630853,1
2009-12-04,0.2633996732648488,0.4867719147588426,0.24982841197630853,1
2009-12-07,0.2633996732648488,0.4867719147588426,0.24982841197630853,1
2009-12-08,0.2633996732648488,0.4867719147588426,0.24982841197630853,1
2009-12-09,0.2703026359864582,0.4798697437485943,0.2498276202649474,1
2009-12-10,0.2703026359864582,0.4798697437485943,0.2498276202649474,1
2009-12-11,0.2703026359864582,0.4798697437485943,0.2498276202649474,1
2009-12-14,0.2703026359864582,0.4798697437485943,0.2498276202649474,1
2009-12-15,0.2703026359864582,0.4798697437485943,0.2498276202649474,1
2009-12-16,0.2703034927175539,0.4798687954097651,0.24982771187268113,1
2009-12-17,0.2703034927175539,0.4798687954097651,0.24982771187268113,1
2009-12-18,0.2703034927175539,0.4798687954097651,0.24982771187268113,1
2009-12-21,0.2703034927175539,0.4798687954097651,0.24982771187268113,1
2009-12-22,0.2703034927175539,0.4798687954097651,0.24982771187268113,1
2009-12-23,0.2719757067475547,0.4795371560560937,0.2484871371963515,1
2009-12-24,0.2719757067475547,0.4795371560560937,0.2484871371963515,1
2009-12-28,0.2719757067475547,0.4795371560560937,0.2484871371963515,1
2009-12-29,0.2719757067475547,0.4795371560560937,0.2484871371963515,1
2009-12-30,0.2719757067475547,0.4795371560560937,0.2484871371963515,1
2009-12-31,0.27352296819962574,0.4779984105611897,0.24847862123918452,1
2010-01-04,0.27352296819962574,0.4779984105611897,0.24847862123918452,1
2010-01-05,0.27352296819962574,0.4779984105611897,0.24847862123918452,1
2010-01-06,0.27352296819962574,0.4779984105611897,0.24847862123918452,1
2010-01-07,0.27352296819962574,0.4779984105611897,0.24847862123918452,1
2010-01-08,0.2735246167019332,0.4779970068290921,0.24847837646897486,1
2010-01-11,0.2735246167019332,0.4779970068290921,0.24847837646897486,1
2010-01-12,0.2735246167019332,0.4779970068290921,0.24847837646897486,1
2010-01-13,0.2735246167019332,0.4779970068290921,0.24847837646897486,1
2010-01-14,0.2735246167019332,0.4779970068290921,0.24847837646897486,1
2010-01-15,0.27718471484643364,0.47432026024339363,0.24849502491017283,1
2010-01-19,0.27718471484643364,0.47432026024339363,0.24849502491017283,1
2010-01-20,0.27718471484643364,0.47432026024339363,0.24849502491017283,1
2010-01-21,0.27718471484643364,0.47432026024339363,0.24849502491017283,1
2010-01-22,0.27718471484643364,0.47432026024339363,0.24849502491017283,1
2010-01-25,0.27718487407086734,0.47432015540074324,0.2484949705283895,1
2010-01-26,0.27718487407086734,0.47432015540074324,0.2484949705283895,1
2010-01-27,0.27718487407086734,0.47432015540074324,0.2484949705283895,1
2010-01-28,0.27718487407086734,0.47432015540074324,0.2484949705283895,1
2010-01-29,0.27718487407086734,0.47432015540074324,0.2484949705283895,1
2010-02-01,0.277250995594075,0.4743204686045262,0.2484285358013988,1
2010-02-02,0.277250995594075,0.4743204686045262,0.2484285358013988,1
2010-02-03,0.277250995594075,0.4743204686045262,0.2484285358013988,1
2010-02-04,0.277250995594075,0.4743204686045262,0.2484285358013988,1
2010-02-05,0.277250995594075,0.4743204686045262,0.2484285358013988,1
2010-02-08,0.27725622429233454,0.48522727110440494,0.23751650460326051,1
2010-02-09,0.27725622429233454,0.48522727110440494,0.23751650460326051,1
2010-02-10,0.27725622429233454,0.48522727110440494,0.23751650460326051,1
2010-02-11,0.27725622429233454,0.48522727110440494,0.23751650460326051,1
2010-02-12,0.27725622429233454,0.48522727110440494,0.23751650460326051,1
2010-02-16,0.2772565423815534,0.4857989629830222,0.2369444946354243,1
2010-02-17,0.2772565423815534,0.4857989629830222,0.2369444946354243,1
2010-02-18,0.2772565423815534,0.4857989629830222,0.2369444946354243,1
2010-02-19,0.2772565423815534,0.4857989629830222,0.2369444946354243,1
2010-02-22,0.2772565423815534,0.4857989629830222,0.2369444946354243,1
2010-02-23,0.2756483010309991,0.4951746585051437,0.2291770404638572,1
2010-02-24,0.2756483010309991,0.4951746585051437,0.2291770404638572,1
2010-02-25,0.2756483010309991,0.4951746585051437,0.2291770404638572,1
2010-02-26,0.2756483010309991,0.4951746585051437,0.2291770404638572,1
2010-03-01,0.2756483010309991,0.4951746585051437,0.2291770404638572,1
2010-03-02,0.2756488612100218,0.4952775663498712,0.22907357244010695,1
2010-03-03,0.2756488612100218,0.4952775663498712,0.22907357244010695,1
2010-03-04,0.2756488612100218,0.4952775663498712,0.22907357244010695,1
2010-03-05,0.2756488612100218,0.4952775663498712,0.22907357244010695,1
2010-03-08,0.2756488612100218,0.4952775663498712,0.22907357244010695,1
2010-03-09,0.27564917050332777,0.49527943437798366,0.22907139511868854,1
2010-03-10,0.27564917050332777,0.49527943437798366,0.22907139511868854,1
2010-03-11,0.27564917050332777,0.49527943437798366,0.22907139511868854,1
2010-03-12,0.27564917050332777,0.49527943437798366,0.22907139511868854,1
2010-03-15,0.27564917050332777,0.49527943437798366,0.22907139511868854,1
2010-03-16,0.275650744337958,0.49527918686782396,0.2290700687942181,1
2010-03-17,0.275650744337958,0.49527918686782396,0.2290700687942181,1
2010-03-18,0.275650744337958,0.49527918686782396,0.2290700687942181,1
2010-03-19,0.275650744337958,0.49527918686782396,0.2290700687942181,1
2010-03-22,0.275650744337958,0.49527918686782396,0.2290700687942181,1
2010-03-23,0.27565277622050954,0.495280801039662,0.22906642273982847,1
2010-03-24,0.27565277622050954,0.495280801039662,0.22906642273982847,1
2010-03-25,0.27565277622050954,0.495280801039662,0.22906642273982847,1
2010-03-26,0.27565277622050954,0.495280801039662,0.22906642273982847,1
2010-03-29,0.27565277622050954,0.495280801039662,0.22906642273982847,1
2010-03-30,0.2979651561136015,0.4952807816782551,0.20675406220814344,1
2010-03-31,0.2979651561136015,0.4952807816782551,0.20675406220814344,1
2010-04-01,0.2979651561136015,0.4952807816782551,0.20675406220814344,1
2010-04-05,0.2979651561136015,0.4952807816782551,0.20675406220814344,1
2010-04-06,0.2979651561136015,0.4952807816782551,0.20675406220814344,1
2010-04-07,0.3008755481930794,0.4952804920172596,0.203843959789661,1
2010-04-08,0.3008755481930794,0.4952804920172596,0.203843959789661,1
2010-04-09,0.3008755481930794,0.4952804920172596,0.203843959789661,1
2010-04-12,0.3008755481930794,0.4952804920172596,0.203843959789661,1
2010-04-13,0.3008755481930794,0.4952804920172596,0.203843959789661,1
2010-04-14,0.30532739623418664,0.49494202149190514,0.19973058227390825,1
2010-04-15,0.30532739623418664,0.49494202149190514,0.19973058227390825,1
2010-04-16,0.30532739623418664,0.49494202149190514,0.19973058227390825,1
2010-04-19,0.30532739623418664,0.49494202149190514,0.19973058227390825,1
2010-04-20,0.30532739623418664,0.49494202149190514,0.19973058227390825,1
2010-04-21,0.30591246807025374,0.4949405445500686,0.1991469873796777,1
2010-04-22,0.30591246807025374,0.4949405445500686,0.1991469873796777,1
2010-04-23,0.30591246807025374,0.4949405445500686,0.1991469873796777,1
2010-04-26,0.30591246807025374,0.4949405445500686,0.1991469873796777,1
2010-04-27,0.30591246807025374,0.4949405445500686,0.1991469873796777,1
2010-04-28,0.3117994901039818,0.4941728547898456,0.19402765510617273,1
2010-04-29,0.3117994901039818,0.4941728547898456,0.19402765510617273,1
2010-04-30,0.3117994901039818,0.4941728547898456,0.19402765510617273,1
2010-05-03,0.3117994901039818,0.4941728547898456,0.19402765510617273,1
2010-05-04,0.3117994901039818,0.4941728547898456,0.19402765510617273,1
2010-05-05,0.3162117218562932,0.4897609395867985,0.19402733855690824,1
2010-05-06,0.3162117218562932,0.4897609395867985,0.19402733855690824,2
2010-05-07,0.3162117218562932,0.4897609395867985,0.19402733855690824,2
2010-05-10,0.3162117218562932,0.4897609395867985,0.19402733855690824,2
2010-05-11,0.3162117218562932,0.4897609395867985,0.19402733855690824,2
2010-05-12,0.31621228511126603,0.48976071361753193,0.194027001271202,2
2010-05-13,0.31621228511126603,0.48976071361753193,0.194027001271202,2
2010-05-14,0.31621228511126603,0.48976071361753193,0.194027001271202,2
2010-05-17,0.31621228511126603,0.48976071361753193,0.194027001271202,2
2010-05-18,0.31621228511126603,0.48976071361753193,0.194027001271202,2
2010-05-19,0.3162122922942512,0.48976071061331666,0.19402699709243224,2
2010-05-20,0.3162122922942512,0.48976071061331666,0.19402699709243224,2
2010-05-21,0.3162122922942512,0.48976071061331666,0.19402699709243224,2
2010-05-24,0.3162122922942512,0.48976071061331666,0.19402699709243224,2
2010-05-25,0.3162122922942512,0.48976071061331666,0.19402699709243224,2
2010-05-26,0.3162122986221714,0.4897607106323766,0.19402699074545213,2
2010-05-27,0.3162122986221714,0.4897607106323766,0.19402699074545213,2
2010-05-28,0.3162122986221714,0.4897607106323766,0.19402699074545213,2
2010-06-01,0.3162122986221714,0.4897607106323766,0.19402699074545213,2
2010-06-02,0.3162122986221714,0.4897607106323766,0.19402699074545213,2
2010-06-03,0.3162123026857944,0.48976071328298326,0.19402698403122223,2
2010-06-04,0.3162123026857944,0.48976071328298326,0.19402698403122223,2
2010-06-07,0.3162123026857944,0.48976071328298326,0.19402698403122223,2
2010-06-08,0.3162123026857944,0.48976071328298326,0.19402698403122223,2
2010-06-09,0.3162123026857944,0.48976071328298326,0.19402698403122223,2
2010-06-10,0.3162123081111628,0.4897607152793259,0.1940269766095112,2
2010-06-11,0.3162123081111628,0.4897607152793259,0.1940269766095112,2
2010-06-14,0.3162123081111628,0.4897607152793259,0.1940269766095112,2
2010-06-15,0.3162123081111628,0.4897607152793259,0.1940269766095112,2
2010-06-16,0.3162123081111628,0.4897607152793259,0.1940269766095112,2
2010-06-17,0.31621231515239606,0.48976071855687403,0.19402696629072994,2
2010-06-18,0.31621231515239606,0.48976071855687403,0.19402696629072994,2
2010-06-21,0.31621231515239606,0.48976071855687403,0.19402696629072994,2
2010-06-22,0.31621231515239606,0.48976071855687403,0.19402696629072994,2
2010-06-23,0.31621231515239606,0.48976071855687403,0.19402696629072994,2
2010-06-24,0.31621232758023443,0.48976072320972697,0.1940269492100386,2
2010-06-25,0.31621232758023443,0.48976072320972697,0.1940269492100386,2
2010-06-28,0.31621232758023443,0.48976072320972697,0.1940269492100386,2
2010-06-29,0.31621232758023443,0.48976072320972697,0.1940269492100386,2
2010-06-30,0.31621232758023443,0.48976072320972697,0.1940269492100386,2
2010-07-01,0.31621233880226757,0.4897607297500201,0.19402693144771227,2
2010-07-02,0.31621233880226757,0.4897607297500201,0.19402693144771227,2
2010-07-06,0.31621233880226757,0.4897607297500201,0.19402693144771227,2
2010-07-07,0.31621233880226757,0.4897607297500201,0.19402693144771227,2
2010-07-08,0.31621233880226757,0.4897607297500201,0.19402693144771227,1
2010-07-09,0.34610967303042867,0.5062274112014572,0.14766291576811408,1
2010-07-12,0.34610967303042867,0.5062274112014572,0.14766291576811408,1
2010-07-13,0.34610967303042867,0.5062274112014572,0.14766291576811408,1
2010-07-14,0.34610967303042867,0.5062274112014572,0.14766291576811408,1
2010-07-15,0.34610967303042867,0.5062274112014572,0.14766291576811408,1
2010-07-16,0.3470656108269851,0.5095400282856283,0.14339436088738672,1
2010-07-19,0.3470656108269851,0.5095400282856283,0.14339436088738672,1
2010-07-20,0.3470656108269851,0.5095400282856283,0.14339436088738672,1
2010-07-21,0.3470656108269851,0.5095400282856283,0.14339436088738672,1
2010-07-22,0.3470656108269851,0.5095400282856283,0.14339436088738672,1
2010-07-23,0.34706761195670754,0.5194309786620186,0.13350140938127394,1
2010-07-26,0.34706761195670754,0.5194309786620186,0.13350140938127394,1
2010-07-27,0.34706761195670754,0.5194309786620186,0.13350140938127394,1
2010-07-28,0.34706761195670754,0.5194309786620186,0.13350140938127394,1
2010-07-29,0.34706761195670754,0.5194309786620186,0.13350140938127394,1
2010-07-30,0.34706821804508425,0.5226288745084665,0.1303029074464493,1
2010-08-02,0.34706821804508425,0.5226288745084665,0.1303029074464493,1
2010-08-03,0.34706821804508425,0.5226288745084665,0.1303029074464493,1
2010-08-04,0.34706821804508425,0.5226288745084665,0.1303029074464493,1
2010-08-05,0.34706821804508425,0.5226288745084665,0.1303029074464493,1
2010-08-06,0.34706830866569716,0.5277366327155047,0.1251950586187981,1
2010-08-09,0.34706830866569716,0.5277366327155047,0.1251950586187981,1
2010-08-10,0.34706830866569716,0.5277366327155047,0.1251950586187981,1
2010-08-11,0.34706830866569716,0.5277366327155047,0.1251950586187981,1
2010-08-12,0.34706830866569716,0.5277366327155047,0.1251950586187981,1
2010-08-13,0.3470685469359798,0.5302056100704527,0.12272584299356741,1
2010-08-16,0.3470685469359798,0.5302056100704527,0.12272584299356741,1
2010-08-17,0.3470685469359798,0.5302056100704527,0.12272584299356741,1
2010-08-18,0.3470685469359798,0.5302056100704527,0.12272584299356741,1
2010-08-19,0.3470685469359798,0.5302056100704527,0.12272584299356741,1
2010-08-20,0.34707074116653863,0.5302057880563192,0.12272347077714207,1
2010-08-23,0.34707074116653863,0.5302057880563192,0.12272347077714207,1
2010-08-24,0.34707074116653863,0.5302057880563192,0.12272347077714207,1
2010-08-25,0.34707074116653863,0.5302057880563192,0.12272347077714207,1
2010-08-26,0.34707074116653863,0.5302057880563192,0.12272347077714207,1
2010-08-27,0.3487004827094244,0.5308680164400515,0.12043150085052409,1
2010-08-30,0.3487004827094244,0.5308680164400515,0.12043150085052409,1
2010-08-31,0.3487004827094244,0.5308680164400515,0.12043150085052409,1
2010-09-01,0.3487004827094244,0.5308680164400515,0.12043150085052409,1
2010-09-02,0.3487004827094244,0.5308680164400515,0.12043150085052409,1
2010-09-03,0.3554859466220233,0.5308680070997756,0.11364604627820117,1
2010-09-07,0.3554859466220233,0.5308680070997756,0.11364604627820117,1
2010-09-08,0.3554859466220233,0.5308680070997756,0.11364604627820117,1
2010-09-09,0.3554859466220233,0.5308680070997756,0.11364604627820117,1
2010-09-10,0.3554859466220233,0.5308680070997756,0.11364604627820117,1
2010-09-13,0.3621609522895726,0.5308679893767498,0.1069710583336776,1
2010-09-14,0.3621609522895726,0.5308679893767498,0.1069710583336776,1
2010-09-15,0.3621609522895726,0.5308679893767498,0.1069710583336776,1
2010-09-16,0.3621609522895726,0.5308679893767498,0.1069710583336776,1
2010-09-17,0.3621609522895726,0.5308679893767498,0.1069710583336776,1
2010-09-20,0.3625684815352022,0.5308674994820772,0.10656401898272058,1
2010-09-21,0.3625684815352022,0.5308674994820772,0.10656401898272058,1
2010-09-22,0.3625684815352022,0.5308674994820772,0.10656401898272058,1
2010-09-23,0.3625684815352022,0.5308674994820772,0.10656401898272058,1
2010-09-24,0.3625684815352022,0.5308674994820772,0.10656401898272058,1
2010-09-27,0.36258161621685414,0.5308631198463051,0.10655526393684084,1
2010-09-28,0.36258161621685414,0.5308631198463051,0.10655526393684084,1
2010-09-29,0.36258161621685414,0.5308631198463051,0.10655526393684084,1
2010-09-30,0.36258161621685414,0.5308631198463051,0.10655526393684084,1
2010-10-01,0.36258161621685414,0.5308631198463051,0.10655526393684084,1
2010-10-04,0.36623357402352524,0.5305152832407223,0.10325114273575238,1
2010-10-05,0.36623357402352524,0.5305152832407223,0.10325114273575238,1
2010-10-06,0.36623357402352524,0.5305152832407223,0.10325114273575238,1
2010-10-07,0.36623357402352524,0.5305152832407223,0.10325114273575238,1
2010-10-08,0.36623357402352524,0.5305152832407223,0.10325114273575238,1
2010-10-11,0.3692455039001124,0.5305136485972961,0.1002408475025916,1
2010-10-12,0.3692455039001124,0.5305136485972961,0.1002408475025916,1
2010-10-13,0.3692455039001124,0.5305136485972961,0.1002408475025916,1
2010-10-14,0.3692455039001124,0.5305136485972961,0.1002408475025916,1
2010-10-15,0.3692455039001124,0.5305136485972961,0.1002408475025916,1
2010-10-18,0.36924626062937377,0.5305134718528475,0.1002402675177788,1
2010-10-19,0.36924626062937377,0.5305134718528475,0.1002402675177788,1
2010-10-20,0.36924626062937377,0.5305134718528475,0.1002402675177788,1
2010-10-21,0.36924626062937377,0.5305134718528475,0.1002402675177788,1
2010-10-22,0.36924626062937377,0.5305134718528475,0.1002402675177788,1
2010-10-25,0.3701922784949809,0.5305133874764683,0.09929433402855077,1
2010-10-26,0.3701922784949809,0.5305133874764683,0.09929433402855077,1
2010-10-27,0.3701922784949809,0.5305133874764683,0.09929433402855077,1
2010-10-28,0.3701922784949809,0.5305133874764683,0.09929433402855077,1
2010-10-29,0.3701922784949809,0.5305133874764683,0.09929433402855077,1
2010-11-01,0.3738408539990115,0.530511029649748,0.09564811635124054,1
2010-11-02,0.3738408539990115,0.530511029649748,0.09564811635124054,1
2010-11-03,0.3738408539990115,0.530511029649748,0.09564811635124054,1
2010-11-04,0.3738408539990115,0.530511029649748,0.09564811635124054,1
2010-11-05,0.3738408539990115,0.530511029649748,0.09564811635124054,1
2010-11-08,0.3857346503998685,0.530485014530039,0.08378033507009251,1
2010-11-09,0.3857346503998685,0.530485014530039,0.08378033507009251,1
2010-11-10,0.3857346503998685,0.530485014530039,0.08378033507009251,1
2010-11-11,0.3857346503998685,0.530485014530039,0.08378033507009251,1
2010-11-12,0.3857346503998685,0.530485014530039,0.08378033507009251,1
2010-11-15,0.3951661034907242,0.5304483372809276,0.07438555922834823,1
2010-11-16,0.3951661034907242,0.5304483372809276,0.07438555922834823,1
2010-11-17,0.3951661034907242,0.5304483372809276,0.07438555922834823,1
2010-11-18,0.3951661034907242,0.5304483372809276,0.07438555922834823,1
2010-11-19,0.3951661034907242,0.5304483372809276,0.07438555922834823,1
2010-11-22,0.400754337907556,0.5248604370169655,0.07438522507547857,1
2010-11-23,0.400754337907556,0.5248604370169655,0.07438522507547857,1
2010-11-24,0.400754337907556,0.5248604370169655,0.07438522507547857,1
2010-11-26,0.400754337907556,0.5248604370169655,0.07438522507547857,1
2010-11-29,0.400754337907556,0.5248604370169655,0.07438522507547857,1
2010-11-30,0.4044313580992015,0.5211834908869953,0.07438515101380314,1
2010-12-01,0.4044313580992015,0.5211834908869953,0.07438515101380314,1
2010-12-02,0.4044313580992015,0.5211834908869953,0.07438515101380314,1
2010-12-03,0.4044313580992015,0.5211834908869953,0.07438515101380314,1
2010-12-06,0.4044313580992015,0.5211834908869953,0.07438515101380314,1
2010-12-07,0.4056810356158619,0.519933590152213,0.07438537423192515,1
2010-12-08,0.4056810356158619,0.519933590152213,0.07438537423192515,1
2010-12-09,0.4056810356158619,0.519933590152213,0.07438537423192515,1
2010-12-10,0.4056810356158619,0.519933590152213,0.07438537423192515,1
2010-12-13,0.4056810356158619,0.519933590152213,0.07438537423192515,1
2010-12-14,0.40972861834707835,0.5158860114196314,0.07438537023329019,1
2010-12-15,0.40972861834707835,0.5158860114196314,0.07438537023329019,1
2010-12-16,0.40972861834707835,0.5158860114196314,0.07438537023329019,1
2010-12-17,0.40972861834707835,0.5158860114196314,0.07438537023329019,1
2010-12-20,0.40972861834707835,0.5158860114196314,0.07438537023329019,1
2010-12-21,0.4140918248192896,0.5115227887050295,0.074385386475681,1
2010-12-22,0.4140918248192896,0.5115227887050295,0.074385386475681,1
2010-12-23,0.4140918248192896,0.5115227887050295,0.074385386475681,1
2010-12-27,0.4140918248192896,0.5115227887050295,0.074385386475681,1
2010-12-28,0.4140918248192896,0.5115227887050295,0.074385386475681,1
2010-12-29,0.4142536603509484,0.5113322184443236,0.07441412120472797,1
2010-12-30,0.4142536603509484,0.5113322184443236,0.07441412120472797,1
2010-12-31,0.4142536603509484,0.5113322184443236,0.07441412120472797,1
2011-01-03,0.4142536603509484,0.5113322184443236,0.07441412120472797,1
2011-01-04,0.4142536603509484,0.5113322184443236,0.07441412120472797,1
2011-01-05,0.41792897478035407,0.5076554502244504,0.07441557499519563,1
2011-01-06,0.41792897478035407,0.5076554502244504,0.07441557499519563,1
2011-01-07,0.41792897478035407,0.5076554502244504,0.07441557499519563,1
2011-01-10,0.41792897478035407,0.5076554502244504,0.07441557499519563,1
2011-01-11,0.41792897478035407,0.5076554502244504,0.07441557499519563,1
2011-01-12,0.41962585389063795,0.5059581309223898,0.0744160151869722,1
2011-01-13,0.41962585389063795,0.5059581309223898,0.0744160151869722,1
2011-01-14,0.41962585389063795,0.5059581309223898,0.0744160151869722,1
2011-01-18,0.41962585389063795,0.5059581309223898,0.0744160151869722,1
2011-01-19,0.41962585389063795,0.5059581309223898,0.0744160151869722,1
2011-01-20,0.42016988658285415,0.5054139137756406,0.07441619964150528,1
2011-01-21,0.42016988658285415,0.5054139137756406,0.07441619964150528,1
2011-01-24,0.42016988658285415,0.5054139137756406,0.07441619964150528,1
2011-01-25,0.42016988658285415,0.5054139137756406,0.07441619964150528,1
2011-01-26,0.42016988658285415,0.5054139137756406,0.07441619964150528,1
2011-01-27,0.42813326625973286,0.49744884697724523,0.07441788676302202,1
2011-01-28,0.42813326625973286,0.49744884697724523,0.07441788676302202,1
2011-01-31,0.42813326625973286,0.49744884697724523,0.07441788676302202,1
2011-02-01,0.42813326625973286,0.49744884697724523,0.07441788676302202,1
2011-02-02,0.42813326625973286,0.49744884697724523,0.07441788676302202,1
2011-02-03,0.42828244556172623,0.49729796368538237,0.07441959075289147,1
2011-02-04,0.42828244556172623,0.49729796368538237,0.07441959075289147,0
2011-02-07,0.42828244556172623,0.49729796368538237,0.07441959075289147,0
2011-02-08,0.42828244556172623,0.49729796368538237,0.07441959075289147,0
2011-02-09,0.42828244556172623,0.49729796368538237,0.07441959075289147,0
2011-02-10,0.44401655987799143,0.1667698763086036,0.389213563813405,0
2011-02-11,0.44401655987799143,0.1667698763086036,0.389213563813405,0
2011-02-14,0.44401655987799143,0.1667698763086036,0.389213563813405,0
2011-02-15,0.44401655987799143,0.1667698763086036,0.389213563813405,0
2011-02-16,0.44401655987799143,0.1667698763086036,0.389213563813405,0
2011-02-17,0.451925993844847,0.22364216618999708,0.3244318399651559,0
2011-02-18,0.451925993844847,0.22364216618999708,0.3244318399651559,0
2011-02-22,0.451925993844847,0.22364216618999708,0.3244318399651559,1
2011-02-23,0.451925993844847,0.22364216618999708,0.3244318399651559,1
2011-02-24,0.451925993844847,0.22364216618999708,0.3244318399651559,1
2011-02-25,0.4279003343846533,0.42504861796687043,0.14705104764847618,1
2011-02-28,0.4279003343846533,0.42504861796687043,0.14705104764847618,1
2011-03-01,0.4279003343846533,0.42504861796687043,0.14705104764847618,1
2011-03-02,0.4279003343846533,0.42504861796687043,0.14705104764847618,1
2011-03-03,0.4279003343846533,0.42504861796687043,0.14705104764847618,1
2011-03-04,0.42769397287080824,0.42525562776369624,0.14705039936549552,1
2011-03-07,0.42769397287080824,0.42525562776369624,0.14705039936549552,1
2011-03-08,0.42769397287080824,0.42525562776369624,0.14705039936549552,1
2011-03-09,0.42769397287080824,0.42525562776369624,0.14705039936549552,1
2011-03-10,0.42769397287080824,0.42525562776369624,0.14705039936549552,1
2011-03-11,0.42656113296374615,0.426389360386512,0.1470495066497419,1
2011-03-14,0.42656113296374615,0.426389360386512,0.1470495066497419,1
2011-03-15,0.42656113296374615,0.426389360386512,0.1470495066497419,1
2011-03-16,0.42656113296374615,0.426389360386512,0.1470495066497419,1
2011-03-17,0.42656113296374615,0.426389360386512,0.1470495066497419,1
2011-03-18,0.42387822899783073,0.42907234991713966,0.14704942108502966,1
2011-03-21,0.42387822899783073,0.42907234991713966,0.14704942108502966,1
2011-03-22,0.42387822899783073,0.42907234991713966,0.14704942108502966,1
2011-03-23,0.42387822899783073,0.42907234991713966,0.14704942108502966,1
2011-03-24,0.42387822899783073,0.42907234991713966,0.14704942108502966,1
2011-03-25,0.4213578662245166,0.43159275816605247,0.1470493756094309,1
2011-03-28,0.4213578662245166,0.43159275816605247,0.1470493756094309,1
2011-03-29,0.4213578662245166,0.43159275816605247,0.1470493756094309,1
2011-03-30,0.4213578662245166,0.43159275816605247,0.1470493756094309,1
2011-03-31,0.4213578662245166,0.43159275816605247,0.1470493756094309,1
2011-04-01,0.421329664012667,0.43162101384491375,0.14704932214241923,1
2011-04-04,0.421329664012667,0.43162101384491375,0.14704932214241923,1
2011-04-05,0.421329664012667,0.43162101384491375,0.14704932214241923,1
2011-04-06,0.421329664012667,0.43162101384491375,0.14704932214241923,1
2011-04-07,0.421329664012667,0.43162101384491375,0.14704932214241923,1
2011-04-08,0.4210218551495717,0.43192880725786204,0.14704933759256622,1
2011-04-11,0.4210218551495717,0.43192880725786204,0.14704933759256622,0
2011-04-12,0.4210218551495717,0.43192880725786204,0.14704933759256622,0
2011-04-13,0.4210218551495717,0.43192880725786204,0.14704933759256622,0
2011-04-14,0.4210218551495717,0.43192880725786204,0.14704933759256622,0
2011-04-15,0.21896949915710248,0.07878654976328409,0.7022439510796135,0
2011-04-18,0.21896949915710248,0.07878654976328409,0.7022439510796135,0
2011-04-19,0.21896949915710248,0.07878654976328409,0.7022439510796135,0
2011-04-20,0.21896949915710248,0.07878654976328409,0.7022439510796135,0
2011-04-21,0.21896949915710248,0.07878654976328409,0.7022439510796135,0
2011-04-25,0.21563699011717608,0.10422942962355966,0.6801335802592643,0
2011-04-26,0.21563699011717608,0.10422942962355966,0.6801335802592643,0
2011-04-27,0.21563699011717608,0.10422942962355966,0.6801335802592643,0
2011-04-28,0.21563699011717608,0.10422942962355966,0.6801335802592643,0
2011-04-29,0.21563699011717608,0.10422942962355966,0.6801335802592643,0
2011-05-02,0.28322909646048516,0.13231844462708153,0.5844524589124332,0
2011-05-03,0.28322909646048516,0.13231844462708153,0.5844524589124332,0
2011-05-04,0.28322909646048516,0.13231844462708153,0.5844524589124332,1
2011-05-05,0.28322909646048516,0.13231844462708153,0.5844524589124332,1
2011-05-06,0.28322909646048516,0.13231844462708153,0.5844524589124332,1
2011-05-09,0.39655206129524395,0.4230537319612661,0.1803942067434898,1
2011-05-10,0.39655206129524395,0.4230537319612661,0.1803942067434898,1
2011-05-11,0.39655206129524395,0.4230537319612661,0.1803942067434898,1
2011-05-12,0.39655206129524395,0.4230537319612661,0.1803942067434898,1
2011-05-13,0.39655206129524395,0.4230537319612661,0.1803942067434898,1
2011-05-16,0.40474334403512885,0.42305689857849876,0.17219975738637242,1
2011-05-17,0.40474334403512885,0.42305689857849876,0.17219975738637242,1
2011-05-18,0.40474334403512885,0.42305689857849876,0.17219975738637242,1
2011-05-19,0.40474334403512885,0.42305689857849876,0.17219975738637242,1
2011-05-20,0.40474334403512885,0.42305689857849876,0.17219975738637242,1
2011-05-23,0.40903321822344635,0.423056877589123,0.16790990418743065,1
2011-05-24,0.40903321822344635,0.423056877589123,0.16790990418743065,1
2011-05-25,0.40903321822344635,0.423056877589123,0.16790990418743065,1
2011-05-26,0.40903321822344635,0.423056877589123,0.16790990418743065,1
2011-05-27,0.40903321822344635,0.423056877589123,0.16790990418743065,1
2011-05-31,0.41602374110471324,0.4230558924730322,0.1609203664222545,1
2011-06-01,0.41602374110471324,0.4230558924730322,0.1609203664222545,1
2011-06-02,0.41602374110471324,0.4230558924730322,0.1609203664222545,1
2011-06-03,0.41602374110471324,0.4230558924730322,0.1609203664222545,1
2011-06-06,0.41602374110471324,0.4230558924730322,0.1609203664222545,1
2011-06-07,0.416424854011983,0.42269161217806994,0.16088353380994705,1
2011-06-08,0.416424854011983,0.42269161217806994,0.16088353380994705,1
2011-06-09,0.416424854011983,0.42269161217806994,0.16088353380994705,1
2011-06-10,0.416424854011983,0.42269161217806994,0.16088353380994705,1
2011-06-13,0.416424854011983,0.42269161217806994,0.16088353380994705,1
2011-06-14,0.4182229354714014,0.42268778634124404,0.15908927818735472,1
2011-06-15,0.4182229354714014,0.42268778634124404,0.15908927818735472,1
2011-06-16,0.4182229354714014,0.42268778634124404,0.15908927818735472,1
2011-06-17,0.4182229354714014,0.42268778634124404,0.15908927818735472,1
2011-06-20,0.4182229354714014,0.42268778634124404,0.15908927818735472,1
2011-06-21,0.41991350523863014,0.4209984249511609,0.15908806981020898,1
2011-06-22,0.41991350523863014,0.4209984249511609,0.15908806981020898,1
2011-06-23,0.41991350523863014,0.4209984249511609,0.15908806981020898,1
2011-06-24,0.41991350523863014,0.4209984249511609,0.15908806981020898,1
2011-06-27,0.41991350523863014,0.4209984249511609,0.15908806981020898,1
2011-06-28,0.42209006576863983,0.420978516771615,0.15693141745974523,1
2011-06-29,0.42209006576863983,0.420978516771615,0.15693141745974523,1
2011-06-30,0.42209006576863983,0.420978516771615,0.15693141745974523,1
2011-07-01,0.42209006576863983,0.420978516771615,0.15693141745974523,1
2011-07-05,0.42209006576863983,0.420978516771615,0.15693141745974523,1
2011-07-06,0.4265540200180694,0.4166544287229965,0.15679155125893401,1
2011-07-07,0.4265540200180694,0.4166544287229965,0.15679155125893401,1
2011-07-08,0.4265540200180694,0.4166544287229965,0.15679155125893401,1
2011-07-11,0.4265540200180694,0.4166544287229965,0.15679155125893401,1
2011-07-12,0.4265540200180694,0.4166544287229965,0.15679155125893401,1
2011-07-13,0.43500376777233707,0.40827083803331266,0.15672539419435025,1
2011-07-14,0.43500376777233707,0.40827083803331266,0.15672539419435025,1
2011-07-15,0.43500376777233707,0.40827083803331266,0.15672539419435025,1
2011-07-18,0.43500376777233707,0.40827083803331266,0.15672539419435025,1
2011-07-19,0.43500376777233707,0.40827083803331266,0.15672539419435025,1
2011-07-20,0.4432634713971651,0.40001102565262997,0.15672550295020488,1
2011-07-21,0.4432634713971651,0.40001102565262997,0.15672550295020488,1
2011-07-22,0.4432634713971651,0.40001102565262997,0.15672550295020488,1
2011-07-25,0.4432634713971651,0.40001102565262997,0.15672550295020488,1
2011-07-26,0.4432634713971651,0.40001102565262997,0.15672550295020488,1
2011-07-27,0.4471431317211963,0.3961312578312886,0.15672561044751512,1
2011-07-28,0.4471431317211963,0.3961312578312886,0.15672561044751512,1
2011-07-29,0.4471431317211963,0.3961312578312886,0.15672561044751512,1
2011-08-01,0.4471431317211963,0.3961312578312886,0.15672561044751512,1
2011-08-02,0.4471431317211963,0.3961312578312886,0.15672561044751512,1
2011-08-03,0.4498151524598501,0.3934590457369594,0.15672580180319057,1
2011-08-04,0.4498151524598501,0.3934590457369594,0.15672580180319057,2
2011-08-05,0.4498151524598501,0.3934590457369594,0.15672580180319057,2
2011-08-08,0.4498151524598501,0.3934590457369594,0.15672580180319057,2
2011-08-09,0.4498151524598501,0.3934590457369594,0.15672580180319057,2
2011-08-10,0.4498141404633774,0.39345929215277253,0.1567265673838501,2
2011-08-11,0.4498141404633774,0.39345929215277253,0.1567265673838501,2
2011-08-12,0.4498141404633774,0.39345929215277253,0.1567265673838501,2
2011-08-15,0.4498141404633774,0.39345929215277253,0.1567265673838501,2
2011-08-16,0.4498141404633774,0.39345929215277253,0.1567265673838501,2
2011-08-17,0.449813198925956,0.3934594600897163,0.15672734098432775,2
2011-08-18,0.449813198925956,0.3934594600897163,0.15672734098432775,2
2011-08-19,0.449813198925956,0.3934594600897163,0.15672734098432775,2
2011-08-22,0.449813198925956,0.3934594600897163,0.15672734098432775,2
2011-08-23,0.449813198925956,0.3934594600897163,0.15672734098432775,2
2011-08-24,0.44981310420182996,0.39345947250212077,0.15672742329604933,2
2011-08-25,0.44981310420182996,0.39345947250212077,0.15672742329604933,2
2011-08-26,0.44981310420182996,0.39345947250212077,0.15672742329604933,2
2011-08-29,0.44981310420182996,0.39345947250212077,0.15672742329604933,2
2011-08-30,0.44981310420182996,0.39345947250212077,0.15672742329604933,2
2011-08-31,0.4498130839729775,0.3934594795698691,0.15672743645715345,2
2011-09-01,0.4498130839729775,0.3934594795698691,0.15672743645715345,2
2011-09-02,0.4498130839729775,0.3934594795698691,0.15672743645715345,2
2011-09-06,0.4498130839729775,0.3934594795698691,0.15672743645715345,2
2011-09-07,0.4498130839729775,0.3934594795698691,0.15672743645715345,2
2011-09-08,0.4498125798015323,0.39345963529914807,0.15672778489931957,2
2011-09-09,0.4498125798015323,0.39345963529914807,0.15672778489931957,2
2011-09-12,0.4498125798015323,0.39345963529914807,0.15672778489931957,2
2011-09-13,0.4498125798015323,0.39345963529914807,0.15672778489931957,2
2011-09-14,0.4498125798015323,0.39345963529914807,0.15672778489931957,2
2011-09-15,0.4498125597058004,0.3934596430897327,0.15672779720446692,2
2011-09-16,0.4498125597058004,0.3934596430897327,0.15672779720446692,2
2011-09-19,0.4498125597058004,0.3934596430897327,0.15672779720446692,2
2011-09-20,0.4498125597058004,0.3934596430897327,0.15672779720446692,2
2011-09-21,0.4498125597058004,0.3934596430897327,0.15672779720446692,2
2011-09-22,0.44981253936103294,0.3934596542801581,0.15672780635880892,2
2011-09-23,0.44981253936103294,0.3934596542801581,0.15672780635880892,2
2011-09-26,0.44981253936103294,0.3934596542801581,0.15672780635880892,2
2011-09-27,0.44981253936103294,0.3934596542801581,0.15672780635880892,2
2011-09-28,0.44981253936103294,0.3934596542801581,0.15672780635880892,2
2011-09-29,0.4498125044271603,0.39345969073547593,0.15672780483736365,2
2011-09-30,0.4498125044271603,0.39345969073547593,0.15672780483736365,2
2011-10-03,0.4498125044271603,0.39345969073547593,0.15672780483736365,2
2011-10-04,0.4498125044271603,0.39345969073547593,0.15672780483736365,2
2011-10-05,0.4498125044271603,0.39345969073547593,0.15672780483736365,2
2011-10-06,0.4498124596064352,0.39345973610952517,0.15672780428403968,2
2011-10-07,0.4498124596064352,0.39345973610952517,0.15672780428403968,2
2011-10-10,0.4498124596064352,0.39345973610952517,0.15672780428403968,2
2011-10-11,0.4498124596064352,0.39345973610952517,0.15672780428403968,2
2011-10-12,0.4498124596064352,0.39345973610952517,0.15672780428403968,2
2011-10-13,0.44981216628498444,0.39346003679926234,0.15672779691575328,2
2011-10-14,0.44981216628498444,0.39346003679926234,0.15672779691575328,2
2011-10-17,0.44981216628498444,0.39346003679926234,0.15672779691575328,2
2011-10-18,0.44981216628498444,0.39346003679926234,0.15672779691575328,2
2011-10-19,0.44981216628498444,0.39346003679926234,0.15672779691575328,2
2011-10-20,0.4498111630121935,0.3934610381197627,0.15672779886804375,2
2011-10-21,0.4498111630121935,0.3934610381197627,0.15672779886804375,2
2011-10-24,0.4498111630121935,0.3934610381197627,0.15672779886804375,2
2011-10-25,0.4498111630121935,0.3934610381197627,0.15672779886804375,2
2011-10-26,0.4498111630121935,0.3934610381197627,0.15672779886804375,2
2011-10-27,0.449808662601389,0.3934635697509386,0.1567277676476724,2
2011-10-28,0.449808662601389,0.3934635697509386,0.1567277676476724,2
2011-10-31,0.449808662601389,0.3934635697509386,0.1567277676476724,2
2011-11-01,0.449808662601389,0.3934635697509386,0.1567277676476724,2
2011-11-02,0.449808662601389,0.3934635697509386,0.1567277676476724,2
2011-11-03,0.4498082131265046,0.39346402256155877,0.15672776431193658,2
2011-11-04,0.4498082131265046,0.39346402256155877,0.15672776431193658,2
2011-11-07,0.4498082131265046,0.39346402256155877,0.15672776431193658,2
2011-11-08,0.4498082131265046,0.39346402256155877,0.15672776431193658,2
2011-11-09,0.4498082131265046,0.39346402256155877,0.15672776431193658,2
2011-11-10,0.44819136836439466,0.39508086830914757,0.15672776332645766,2
2011-11-11,0.44819136836439466,0.39508086830914757,0.15672776332645766,2
2011-11-14,0.44819136836439466,0.39508086830914757,0.15672776332645766,2
2011-11-15,0.44819136836439466,0.39508086830914757,0.15672776332645766,2
2011-11-16,0.44819136836439466,0.39508086830914757,0.15672776332645766,2
2011-11-17,0.44525959860076036,0.39801263727149067,0.15672776412774897,2
2011-11-18,0.44525959860076036,0.39801263727149067,0.15672776412774897,2
2011-11-21,0.44525959860076036,0.39801263727149067,0.15672776412774897,2
2011-11-22,0.44525959860076036,0.39801263727149067,0.15672776412774897,2
2011-11-23,0.44525959860076036,0.39801263727149067,0.15672776412774897,2
2011-11-25,0.4418658581164647,0.4014064209846646,0.15672772089887071,2
2011-11-28,0.4418658581164647,0.4014064209846646,0.15672772089887071,2
2011-11-29,0.4418658581164647,0.4014064209846646,0.15672772089887071,2
2011-11-30,0.4418658581164647,0.4014064209846646,0.15672772089887071,2
2011-12-01,0.4418658581164647,0.4014064209846646,0.15672772089887071,2
2011-12-02,0.4350987596226614,0.408173527015649,0.1567277133616895,2
2011-12-05,0.4350987596226614,0.408173527015649,0.1567277133616895,2
2011-12-06,0.4350987596226614,0.408173527015649,0.1567277133616895,2
2011-12-07,0.4350987596226614,0.408173527015649,0.1567277133616895,2
2011-12-08,0.4350987596226614,0.408173527015649,0.1567277133616895,2
2011-12-09,0.4310245646827033,0.41224775794424423,0.15672767737305246,2
2011-12-12,0.4310245646827033,0.41224775794424423,0.15672767737305246,2
2011-12-13,0.4310245646827033,0.41224775794424423,0.15672767737305246,2
2011-12-14,0.4310245646827033,0.41224775794424423,0.15672767737305246,2
2011-12-15,0.4310245646827033,0.41224775794424423,0.15672767737305246,1
2011-12-16,0.40930675178829756,0.45023629047252245,0.14045695773918007,1
2011-12-19,0.40930675178829756,0.45023629047252245,0.14045695773918007,1
2011-12-20,0.40930675178829756,0.45023629047252245,0.14045695773918007,1
2011-12-21,0.40930675178829756,0.45023629047252245,0.14045695773918007,1
2011-12-22,0.40930675178829756,0.45023629047252245,0.14045695773918007,1
2011-12-23,0.4092986151913995,0.45235222041788387,0.13834916439071668,1
2011-12-27,0.4092986151913995,0.45235222041788387,0.13834916439071668,1
2011-12-28,0.4092986151913995,0.45235222041788387,0.13834916439071668,1
2011-12-29,0.4092986151913995,0.45235222041788387,0.13834916439071668,1
2011-12-30,0.4092986151913995,0.45235222041788387,0.13834916439071668,1
2012-01-03,0.40876003430879226,0.45696724574014824,0.13427271995105947,1
2012-01-04,0.40876003430879226,0.45696724574014824,0.13427271995105947,1
2012-01-05,0.40876003430879226,0.45696724574014824,0.13427271995105947,1
2012-01-06,0.40876003430879226,0.45696724574014824,0.13427271995105947,1
2012-01-09,0.40876003430879226,0.45696724574014824,0.13427271995105947,1
2012-01-10,0.4071503423033813,0.45862585415580437,0.13422380354081442,1
2012-01-11,0.4071503423033813,0.45862585415580437,0.13422380354081442,1
2012-01-12,0.4071503423033813,0.45862585415580437,0.13422380354081442,1
2012-01-13,0.4071503423033813,0.45862585415580437,0.13422380354081442,1
2012-01-17,0.4071503423033813,0.45862585415580437,0.13422380354081442,1
2012-01-18,0.4071329622145743,0.4592979002254443,0.1335691375599814,1
2012-01-19,0.4071329622145743,0.4592979002254443,0.1335691375599814,1
2012-01-20,0.4071329622145743,0.4592979002254443,0.1335691375599814,1
2012-01-23,0.4071329622145743,0.4592979002254443,0.1335691375599814,1
2012-01-24,0.4071329622145743,0.4592979002254443,0.1335691375599814,1
2012-01-25,0.4071317112339576,0.45929931157985765,0.13356897718618463,1
2012-01-26,0.4071317112339576,0.45929931157985765,0.13356897718618463,1
2012-01-27,0.4071317112339576,0.45929931157985765,0.13356897718618463,1
2012-01-30,0.4071317112339576,0.45929931157985765,0.13356897718618463,1
2012-01-31,0.4071317112339576,0.45929931157985765,0.13356897718618463,1
2012-02-01,0.40713153093897114,0.460168684257078,0.13269978480395087,1
2012-02-02,0.40713153093897114,0.460168684257078,0.13269978480395087,1
2012-02-03,0.40713153093897114,0.460168684257078,0.13269978480395087,1
2012-02-06,0.40713153093897114,0.460168684257078,0.13269978480395087,1
2012-02-07,0.40713153093897114,0.460168684257078,0.13269978480395087,1
2012-02-08,0.4071315879849264,0.46017428865779386,0.13269412335727973,1
2012-02-09,0.4071315879849264,0.46017428865779386,0.13269412335727973,1
2012-02-10,0.4071315879849264,0.46017428865779386,0.13269412335727973,1
2012-02-13,0.4071315879849264,0.46017428865779386,0.13269412335727973,1
2012-02-14,0.4071315879849264,0.46017428865779386,0.13269412335727973,1
2012-02-15,0.40713160209966787,0.46101150210346564,0.13185689579686644,1
2012-02-16,0.40713160209966787,0.46101150210346564,0.13185689579686644,1
2012-02-17,0.40713160209966787,0.46101150210346564,0.13185689579686644,1
2012-02-21,0.40713160209966787,0.46101150210346564,0.13185689579686644,1
2012-02-22,0.40713160209966787,0.46101150210346564,0.13185689579686644,1
2012-02-23,0.4071317381326433,0.46101650399544225,0.13185175787191455,1
2012-02-24,0.4071317381326433,0.46101650399544225,0.13185175787191455,1
2012-02-27,0.4071317381326433,0.46101650399544225,0.13185175787191455,1
2012-02-28,0.4071317381326433,0.46101650399544225,0.13185175787191455,1
2012-02-29,0.4071317381326433,0.46101650399544225,0.13185175787191455,1
2012-03-01,0.40989189369921786,0.4662093842874981,0.1238987220132841,1
2012-03-02,0.40989189369921786,0.4662093842874981,0.1238987220132841,1
2012-03-05,0.40989189369921786,0.4662093842874981,0.1238987220132841,1
2012-03-06,0.40989189369921786,0.4662093842874981,0.1238987220132841,1
2012-03-07,0.40989189369921786,0.4662093842874981,0.1238987220132841,1
2012-03-08,0.41001882239853604,0.4684803846043755,0.12150079299708848,1
2012-03-09,0.41001882239853604,0.4684803846043755,0.12150079299708848,1
2012-03-12,0.41001882239853604,0.4684803846043755,0.12150079299708848,1
2012-03-13,0.41001882239853604,0.4684803846043755,0.12150079299708848,1
2012-03-14,0.41001882239853604,0.4684803846043755,0.12150079299708848,0
2012-03-15,0.3927048065003926,0.5171141747983976,0.09018101870120993,0
2012-03-16,0.3927048065003926,0.5171141747983976,0.09018101870120993,0
2012-03-19,0.3927048065003926,0.5171141747983976,0.09018101870120993,0
2012-03-20,0.3927048065003926,0.5171141747983976,0.09018101870120993,0
2012-03-21,0.3927048065003926,0.5171141747983976,0.09018101870120993,0
2012-03-22,0.39896979973907537,0.5269780922148095,0.07405210804611514,0
2012-03-23,0.39896979973907537,0.5269780922148095,0.07405210804611514,0
2012-03-26,0.39896979973907537,0.5269780922148095,0.07405210804611514,0
2012-03-27,0.39896979973907537,0.5269780922148095,0.07405210804611514,0
2012-03-28,0.39896979973907537,0.5269780922148095,0.07405210804611514,0
2012-03-29,0.3831359488580588,0.5378709796319047,0.0789930715100365,0
2012-03-30,0.3831359488580588,0.5378709796319047,0.0789930715100365,0
2012-04-02,0.3831359488580588,0.5378709796319047,0.0789930715100365,0
2012-04-03,0.3831359488580588,0.5378709796319047,0.0789930715100365,0
2012-04-04,0.3831359488580588,0.5378709796319047,0.0789930715100365,0
2012-04-05,0.3989601643953541,0.5735743184778441,0.027465517126801738,0
2012-04-09,0.3989601643953541,0.5735743184778441,0.027465517126801738,1
2012-04-10,0.3989601643953541,0.5735743184778441,0.027465517126801738,1
2012-04-11,0.3989601643953541,0.5735743184778441,0.027465517126801738,1
2012-04-12,0.3989601643953541,0.5735743184778441,0.027465517126801738,1
2012-04-13,0.4285177914831665,0.4888451015106145,0.08263710700621901,1
2012-04-16,0.4285177914831665,0.4888451015106145,0.08263710700621901,1
2012-04-17,0.4285177914831665,0.4888451015106145,0.08263710700621901,1
2012-04-18,0.4285177914831665,0.4888451015106145,0.08263710700621901,1
2012-04-19,0.4285177914831665,0.4888451015106145,0.08263710700621901,1
2012-04-20,0.42851923330481667,0.4888314127872373,0.0826493539079461,1
2012-04-23,0.42851923330481667,0.4888314127872373,0.0826493539079461,1
2012-04-24,0.42851923330481667,0.4888314127872373,0.0826493539079461,1
2012-04-25,0.42851923330481667,0.4888314127872373,0.0826493539079461,1
2012-04-26,0.42851923330481667,0.4888314127872373,0.0826493539079461,1
2012-04-27,0.42853042027556254,0.48881481844268343,0.08265476128175415,1
2012-04-30,0.42853042027556254,0.48881481844268343,0.08265476128175415,1
2012-05-01,0.42853042027556254,0.48881481844268343,0.08265476128175415,1
2012-05-02,0.42853042027556254,0.48881481844268343,0.08265476128175415,1
2012-05-03,0.42853042027556254,0.48881481844268343,0.08265476128175415,1
2012-05-04,0.42853063339206116,0.4888140232538277,0.08265534335411112,1
2012-05-07,0.42853063339206116,0.4888140232538277,0.08265534335411112,1
2012-05-08,0.42853063339206116,0.4888140232538277,0.08265534335411112,1
2012-05-09,0.42853063339206116,0.4888140232538277,0.08265534335411112,1
2012-05-10,0.42853063339206116,0.4888140232538277,0.08265534335411112,1
2012-05-11,0.4285316226225209,0.48877610399627236,0.08269227338120674,1
2012-05-14,0.4285316226225209,0.48877610399627236,0.08269227338120674,1
2012-05-15,0.4285316226225209,0.48877610399627236,0.08269227338120674,1
2012-05-16,0.4285316226225209,0.48877610399627236,0.08269227338120674,1
2012-05-17,0.4285316226225209,0.48877610399627236,0.08269227338120674,1
2012-05-18,0.428537210068063,0.48876395932658995,0.08269883060534708,1
2012-05-21,0.428537210068063,0.48876395932658995,0.08269883060534708,1
2012-05-22,0.428537210068063,0.48876395932658995,0.08269883060534708,1
2012-05-23,0.428537210068063,0.48876395932658995,0.08269883060534708,1
2012-05-24,0.428537210068063,0.48876395932658995,0.08269883060534708,1
2012-05-25,0.4285476438401219,0.4887484867457681,0.08270386941411001,1
2012-05-29,0.4285476438401219,0.4887484867457681,0.08270386941411001,1
2012-05-30,0.4285476438401219,0.4887484867457681,0.08270386941411001,1
2012-05-31,0.4285476438401219,0.4887484867457681,0.08270386941411001,1
2012-06-01,0.4285476438401219,0.4887484867457681,0.08270386941411001,1
2012-06-04,0.42981864491190885,0.4874772483148545,0.0827041067732365,1
2012-06-05,0.42981864491190885,0.4874772483148545,0.0827041067732365,1
2012-06-06,0.42981864491190885,0.4874772483148545,0.0827041067732365,1
2012-06-07,0.42981864491190885,0.4874772483148545,0.0827041067732365,1
2012-06-08,0.42981864491190885,0.4874772483148545,0.0827041067732365,1
2012-06-11,0.43093067937313734,0.4863650846483856,0.08270423597847701,1
2012-06-12,0.43093067937313734,0.4863650846483856,0.08270423597847701,1
2012-06-13,0.43093067937313734,0.4863650846483856,0.08270423597847701,1
2012-06-14,0.43093067937313734,0.4863650846483856,0.08270423597847701,1
2012-06-15,0.43093067937313734,0.4863650846483856,0.08270423597847701,1
2012-06-18,0.43093636960789844,0.48635905081329933,0.08270457957880216,1
2012-06-19,0.43093636960789844,0.48635905081329933,0.08270457957880216,1
2012-06-20,0.43093636960789844,0.48635905081329933,0.08270457957880216,1
2012-06-21,0.43093636960789844,0.48635905081329933,0.08270457957880216,1
2012-06-22,0.43093636960789844,0.48635905081329933,0.08270457957880216,1
2012-06-25,0.43093885441821034,0.48635655077748147,0.08270459480430815,1
2012-06-26,0.43093885441821034,0.48635655077748147,0.08270459480430815,1
2012-06-27,0.43093885441821034,0.48635655077748147,0.08270459480430815,1
2012-06-28,0.43093885441821034,0.48635655077748147,0.08270459480430815,1
2012-06-29,0.43093885441821034,0.48635655077748147,0.08270459480430815,1
2012-07-02,0.4309421788795443,0.48635363257027364,0.08270418855018213,1
2012-07-03,0.4309421788795443,0.48635363257027364,0.08270418855018213,1
2012-07-05,0.4309421788795443,0.48635363257027364,0.08270418855018213,1
2012-07-06,0.4309421788795443,0.48635363257027364,0.08270418855018213,1
2012-07-09,0.4309421788795443,0.48635363257027364,0.08270418855018213,1
2012-07-10,0.43094897616623234,0.4863473253394141,0.08270369849435344,1
2012-07-11,0.43094897616623234,0.4863473253394141,0.08270369849435344,1
2012-07-12,0.43094897616623234,0.4863473253394141,0.08270369849435344,1
2012-07-13,0.43094897616623234,0.4863473253394141,0.08270369849435344,1
2012-07-16,0.43094897616623234,0.4863473253394141,0.08270369849435344,1
2012-07-17,0.43095062173611415,0.48634674293734553,0.08270263532654036,1
2012-07-18,0.43095062173611415,0.48634674293734553,0.08270263532654036,1
2012-07-19,0.43095062173611415,0.48634674293734553,0.08270263532654036,1
2012-07-20,0.43095062173611415,0.48634674293734553,0.08270263532654036,1
2012-07-23,0.43095062173611415,0.48634674293734553,0.08270263532654036,1
2012-07-24,0.43229210656280675,0.48634680783743056,0.0813610855997628,1
2012-07-25,0.43229210656280675,0.48634680783743056,0.0813610855997628,1
2012-07-26,0.43229210656280675,0.48634680783743056,0.0813610855997628,1
2012-07-27,0.43229210656280675,0.48634680783743056,0.0813610855997628,1
2012-07-30,0.43229210656280675,0.48634680783743056,0.0813610855997628,1
2012-07-31,0.434307887646906,0.48695748671497113,0.07873462563812286,1
2012-08-01,0.434307887646906,0.48695748671497113,0.07873462563812286,1
2012-08-02,0.434307887646906,0.48695748671497113,0.07873462563812286,1
2012-08-03,0.434307887646906,0.48695748671497113,0.07873462563812286,1
2012-08-06,0.434307887646906,0.48695748671497113,0.07873462563812286,0
2012-08-07,0.4519115482731611,0.5480884513079815,4.188572748194453e-10,0
2012-08-08,0.4519115482731611,0.5480884513079815,4.188572748194453e-10,0
2012-08-09,0.4519115482731611,0.5480884513079815,4.188572748194453e-10,0
2012-08-10,0.4519115482731611,0.5480884513079815,4.188572748194453e-10,0
2012-08-13,0.4519115482731611,0.5480884513079815,4.188572748194453e-10,0
2012-08-14,0.4827181004468919,0.5172818961697371,3.383371177644879e-09,0
2012-08-15,0.4827181004468919,0.5172818961697371,3.383371177644879e-09,0
2012-08-16,0.4827181004468919,0.5172818961697371,3.383371177644879e-09,0
2012-08-17,0.4827181004468919,0.5172818961697371,3.383371177644879e-09,0
2012-08-20,0.4827181004468919,0.5172818961697371,3.383371177644879e-09,0
2012-08-21,0.5241522740685632,0.4758477256200703,3.113663811841302e-10,0
2012-08-22,0.5241522740685632,0.4758477256200703,3.113663811841302e-10,0
2012-08-23,0.5241522740685632,0.4758477256200703,3.113663811841302e-10,0
2012-08-24,0.5241522740685632,0.4758477256200703,3.113663811841302e-10,0
2012-08-27,0.5241522740685632,0.4758477256200703,3.113663811841302e-10,0
2012-08-28,0.500195915558111,0.49980408309258273,1.3493061981165298e-09,0
2012-08-29,0.500195915558111,0.49980408309258273,1.3493061981165298e-09,1
2012-08-30,0.500195915558111,0.49980408309258273,1.3493061981165298e-09,1
2012-08-31,0.500195915558111,0.49980408309258273,1.3493061981165298e-09,1
2012-09-04,0.500195915558111,0.49980408309258273,1.3493061981165298e-09,1
2012-09-05,0.5001463830503422,0.49984022756208885,1.3389387569035337e-05,1
2012-09-06,0.5001463830503422,0.49984022756208885,1.3389387569035337e-05,1
2012-09-07,0.5001463830503422,0.49984022756208885,1.3389387569035337e-05,0
2012-09-10,0.5001463830503422,0.49984022756208885,1.3389387569035337e-05,0
2012-09-11,0.5001463830503422,0.49984022756208885,1.3389387569035337e-05,0
2012-09-12,0.5297493938778957,0.47025060374821154,2.373892686387957e-09,0
2012-09-13,0.5297493938778957,0.47025060374821154,2.373892686387957e-09,0
2012-09-14,0.5297493938778957,0.47025060374821154,2.373892686387957e-09,0
2012-09-17,0.5297493938778957,0.47025060374821154,2.373892686387957e-09,0
2012-09-18,0.5297493938778957,0.47025060374821154,2.373892686387957e-09,0
2012-09-19,0.5452831856298503,0.45471681431971256,5.043700501073076e-11,0
2012-09-20,0.5452831856298503,0.45471681431971256,5.043700501073076e-11,0
2012-09-21,0.5452831856298503,0.45471681431971256,5.043700501073076e-11,0
2012-09-24,0.5452831856298503,0.45471681431971256,5.043700501073076e-11,0
2012-09-25,0.5452831856298503,0.45471681431971256,5.043700501073076e-11,0
2012-09-26,0.5571391078960898,0.44286089133025214,7.736579633249649e-10,0
2012-09-27,0.5571391078960898,0.44286089133025214,7.736579633249649e-10,0
2012-09-28,0.5571391078960898,0.44286089133025214,7.736579633249649e-10,0
2012-10-01,0.5571391078960898,0.44286089133025214,7.736579633249649e-10,0
2012-10-02,0.5571391078960898,0.44286089133025214,7.736579633249649e-10,0
2012-10-03,0.5877113549271696,0.41228864483052247,2.4230793175144963e-10,0
2012-10-04,0.5877113549271696,0.41228864483052247,2.4230793175144963e-10,0
2012-10-05,0.5877113549271696,0.41228864483052247,2.4230793175144963e-10,0
2012-10-08,0.5877113549271696,0.41228864483052247,2.4230793175144963e-10,0
2012-10-09,0.5877113549271696,0.41228864483052247,2.4230793175144963e-10,0
2012-10-10,0.5637243201318903,0.43627567815484575,1.713263767232418e-09,0
2012-10-11,0.5637243201318903,0.43627567815484575,1.713263767232418e-09,0
2012-10-12,0.5637243201318903,0.43627567815484575,1.713263767232418e-09,0
2012-10-15,0.5637243201318903,0.43627567815484575,1.713263767232418e-09,0
2012-10-16,0.5637243201318903,0.43627567815484575,1.713263767232418e-09,0
2012-10-17,0.5616227310341797,0.43837726803274035,9.330801154882113e-10,0
2012-10-18,0.5616227310341797,0.43837726803274035,9.330801154882113e-10,0
2012-10-19,0.5616227310341797,0.43837726803274035,9.330801154882113e-10,1
2012-10-22,0.5616227310341797,0.43837726803274035,9.330801154882113e-10,1
2012-10-23,0.5616227310341797,0.43837726803274035,9.330801154882113e-10,1
2012-10-24,0.5227390507144054,0.47725871490879923,2.2343767954864052e-06,1
2012-10-25,0.5227390507144054,0.47725871490879923,2.2343767954864052e-06,1
2012-10-26,0.5227390507144054,0.47725871490879923,2.2343767954864052e-06,1
2012-10-31,0.5227390507144054,0.47725871490879923,2.2343767954864052e-06,1
2012-11-01,0.5227390507144054,0.47725871490879923,2.2343767954864052e-06,1
2012-11-02,0.5186676543589884,0.48132901579324533,3.3298477661787427e-06,1
2012-11-05,0.5186676543589884,0.48132901579324533,3.3298477661787427e-06,1
2012-11-06,0.5186676543589884,0.48132901579324533,3.3298477661787427e-06,1
2012-11-07,0.5186676543589884,0.48132901579324533,3.3298477661787427e-06,1
2012-11-08,0.5186676543589884,0.48132901579324533,3.3298477661787427e-06,1
2012-11-09,0.5179549488956787,0.4820411372379281,3.9138663931554054e-06,1
2012-11-12,0.5179549488956787,0.4820411372379281,3.9138663931554054e-06,1
2012-11-13,0.5179549488956787,0.4820411372379281,3.9138663931554054e-06,1
2012-11-14,0.5179549488956787,0.4820411372379281,3.9138663931554054e-06,1
2012-11-15,0.5179549488956787,0.4820411372379281,3.9138663931554054e-06,1
2012-11-16,0.5179534505686008,0.4820411569949996,5.39243639979601e-06,1
2012-11-19,0.5179534505686008,0.4820411569949996,5.39243639979601e-06,1
2012-11-20,0.5179534505686008,0.4820411569949996,5.39243639979601e-06,0
2012-11-21,0.5179534505686008,0.4820411569949996,5.39243639979601e-06,0
2012-11-23,0.5179534505686008,0.4820411569949996,5.39243639979601e-06,0
2012-11-26,0.5939209211828077,0.40607907807200755,7.451847062408214e-10,0
2012-11-27,0.5939209211828077,0.40607907807200755,7.451847062408214e-10,0
2012-11-28,0.5939209211828077,0.40607907807200755,7.451847062408214e-10,0
2012-11-29,0.5939209211828077,0.40607907807200755,7.451847062408214e-10,0
2012-11-30,0.5939209211828077,0.40607907807200755,7.451847062408214e-10,0
2012-12-03,0.5882602387292541,0.4117397572782847,3.992461240122207e-09,0
2012-12-04,0.5882602387292541,0.4117397572782847,3.992461240122207e-09,0
2012-12-05,0.5882602387292541,0.4117397572782847,3.992461240122207e-09,0
2012-12-06,0.5882602387292541,0.4117397572782847,3.992461240122207e-09,0
2012-12-07,0.5882602387292541,0.4117397572782847,3.992461240122207e-09,0
2012-12-10,0.5677074004694687,0.4322925989908061,5.397251422621433e-10,0
2012-12-11,0.5677074004694687,0.4322925989908061,5.397251422621433e-10,0
2012-12-12,0.5677074004694687,0.4322925989908061,5.397251422621433e-10,0
2012-12-13,0.5677074004694687,0.4322925989908061,5.397251422621433e-10,0
2012-12-14,0.5677074004694687,0.4322925989908061,5.397251422621433e-10,0
2012-12-17,0.5465728573383136,0.4461177463537452,0.007309396307941246,1
2012-12-18,0.5465728573383136,0.4461177463537452,0.007309396307941246,1
2012-12-19,0.5465728573383136,0.4461177463537452,0.007309396307941246,1
2012-12-20,0.5465728573383136,0.4461177463537452,0.007309396307941246,1
2012-12-21,0.5465728573383136,0.4461177463537452,0.007309396307941246,1
2012-12-24,0.5443656174490594,0.4461178239869667,0.009516558563973713,1
2012-12-26,0.5443656174490594,0.4461178239869667,0.009516558563973713,1
2012-12-27,0.5443656174490594,0.4461178239869667,0.009516558563973713,1
2012-12-28,0.5443656174490594,0.4461178239869667,0.009516558563973713,1
2012-12-31,0.5443656174490594,0.4461178239869667,0.009516558563973713,1
2013-01-02,0.5434116245207257,0.44707152049074333,0.009516854988530844,1
2013-01-03,0.5434116245207257,0.44707152049074333,0.009516854988530844,0
2013-01-04,0.5434116245207257,0.44707152049074333,0.009516854988530844,0
2013-01-07,0.5434116245207257,0.44707152049074333,0.009516854988530844,0
2013-01-08,0.5434116245207257,0.44707152049074333,0.009516854988530844,0
2013-01-09,0.6375695881943929,0.3624304117262704,7.933667747208714e-11,0
2013-01-10,0.6375695881943929,0.3624304117262704,7.933667747208714e-11,0
2013-01-11,0.6375695881943929,0.3624304117262704,7.933667747208714e-11,0
2013-01-14,0.6375695881943929,0.3624304117262704,7.933667747208714e-11,0
2013-01-15,0.6375695881943929,0.3624304117262704,7.933667747208714e-11,0
2013-01-16,0.6544737604252214,0.34552623950839884,6.637974061050525e-11,0
2013-01-17,0.6544737604252214,0.34552623950839884,6.637974061050525e-11,0
2013-01-18,0.6544737604252214,0.34552623950839884,6.637974061050525e-11,0
2013-01-22,0.6544737604252214,0.34552623950839884,6.637974061050525e-11,0
2013-01-23,0.6544737604252214,0.34552623950839884,6.637974061050525e-11,0
2013-01-24,0.6119644904776482,0.38803550757557553,1.946776320173871e-09,0
2013-01-25,0.6119644904776482,0.38803550757557553,1.946776320173871e-09,0
2013-01-28,0.6119644904776482,0.38803550757557553,1.946776320173871e-09,0
2013-01-29,0.6119644904776482,0.38803550757557553,1.946776320173871e-09,0
2013-01-30,0.6119644904776482,0.38803550757557553,1.946776320173871e-09,0
2013-01-31,0.690042121624415,0.3099578781136185,2.6196631450948634e-10,0
2013-02-01,0.690042121624415,0.3099578781136185,2.6196631450948634e-10,0
2013-02-04,0.690042121624415,0.3099578781136185,2.6196631450948634e-10,0
2013-02-05,0.690042121624415,0.3099578781136185,2.6196631450948634e-10,0
2013-02-06,0.690042121624415,0.3099578781136185,2.6196631450948634e-10,0
2013-02-07,0.6558930418562231,0.3441069580116465,1.3213027292077374e-10,0
2013-02-08,0.6558930418562231,0.3441069580116465,1.3213027292077374e-10,0
2013-02-11,0.6558930418562231,0.3441069580116465,1.3213027292077374e-10,0
2013-02-12,0.6558930418562231,0.3441069580116465,1.3213027292077374e-10,0
2013-02-13,0.6558930418562231,0.3441069580116465,1.3213027292077374e-10,0
2013-02-14,0.6890749852401744,0.3109250144999385,2.5988716552007327e-10,0
2013-02-15,0.6890749852401744,0.3109250144999385,2.5988716552007327e-10,0
2013-02-19,0.6890749852401744,0.3109250144999385,2.5988716552007327e-10,0
2013-02-20,0.6890749852401744,0.3109250144999385,2.5988716552007327e-10,0
2013-02-21,0.6890749852401744,0.3109250144999385,2.5988716552007327e-10,0
2013-02-22,0.6631413893209738,0.3368586105845077,9.451866446466836e-11,0
2013-02-25,0.6631413893209738,0.3368586105845077,9.451866446466836e-11,0
2013-02-26,0.6631413893209738,0.3368586105845077,9.451866446466836e-11,0
2013-02-27,0.6631413893209738,0.3368586105845077,9.451866446466836e-11,0
2013-02-28,0.6631413893209738,0.3368586105845077,9.451866446466836e-11,0
2013-03-01,0.6646792405360414,0.3353207592684724,1.9548619823363127e-10,0
2013-03-04,0.6646792405360414,0.3353207592684724,1.9548619823363127e-10,0
2013-03-05,0.6646792405360414,0.3353207592684724,1.9548619823363127e-10,0
2013-03-06,0.6646792405360414,0.3353207592684724,1.9548619823363127e-10,0
2013-03-07,0.6646792405360414,0.3353207592684724,1.9548619823363127e-10,0
2013-03-08,0.6559548639227689,0.3440451360744555,2.7755590880438234e-12,0
2013-03-11,0.6559548639227689,0.3440451360744555,2.7755590880438234e-12,0
2013-03-12,0.6559548639227689,0.3440451360744555,2.7755590880438234e-12,0
2013-03-13,0.6559548639227689,0.3440451360744555,2.7755590880438234e-12,0
2013-03-14,0.6559548639227689,0.3440451360744555,2.7755590880438234e-12,0
2013-03-15,0.6673957479127917,0.33260425208479744,2.4110625137339946e-12,0
2013-03-18,0.6673957479127917,0.33260425208479744,2.4110625137339946e-12,0
2013-03-19,0.6673957479127917,0.33260425208479744,2.4110625137339946e-12,0
2013-03-20,0.6673957479127917,0.33260425208479744,2.4110625137339946e-12,0
2013-03-21,0.6673957479127917,0.33260425208479744,2.4110625137339946e-12,0
2013-03-22,0.5339977257168634,0.4660022742405327,4.26037873332991e-11,0
2013-03-25,0.5339977257168634,0.4660022742405327,4.26037873332991e-11,0
2013-03-26,0.5339977257168634,0.4660022742405327,4.26037873332991e-11,0
2013-03-27,0.5339977257168634,0.4660022742405327,4.26037873332991e-11,0
2013-03-28,0.5339977257168634,0.4660022742405327,4.26037873332991e-11,0
2013-04-01,0.5603557932259758,0.4396442067320867,4.193760503890168e-11,0
2013-04-02,0.5603557932259758,0.4396442067320867,4.193760503890168e-11,0
2013-04-03,0.5603557932259758,0.4396442067320867,4.193760503890168e-11,0
2013-04-04,0.5603557932259758,0.4396442067320867,4.193760503890168e-11,0
2013-04-05,0.5603557932259758,0.4396442067320867,4.193760503890168e-11,0
2013-04-08,0.5131782345363312,0.4868217654555224,8.14646653799354e-12,0
2013-04-09,0.5131782345363312,0.4868217654555224,8.14646653799354e-12,0
2013-04-10,0.5131782345363312,0.4868217654555224,8.14646653799354e-12,0
2013-04-11,0.5131782345363312,0.4868217654555224,8.14646653799354e-12,0
2013-04-12,0.5131782345363312,0.4868217654555224,8.14646653799354e-12,2
2013-04-15,0.5131780402308513,0.48682160912243544,3.506467133481296e-07,2
2013-04-16,0.5131780402308513,0.48682160912243544,3.506467133481296e-07,1
2013-04-17,0.5131780402308513,0.48682160912243544,3.506467133481296e-07,1
2013-04-18,0.5131780402308513,0.48682160912243544,3.506467133481296e-07,1
2013-04-19,0.5131780402308513,0.48682160912243544,3.506467133481296e-07,0
2013-04-22,0.5473094417322187,0.4526905576331364,6.34644826317691e-10,0
2013-04-23,0.5473094417322187,0.4526905576331364,6.34644826317691e-10,0
2013-04-24,0.5473094417322187,0.4526905576331364,6.34644826317691e-10,0
2013-04-25,0.5473094417322187,0.4526905576331364,6.34644826317691e-10,0
2013-04-26,0.5473094417322187,0.4526905576331364,6.34644826317691e-10,0
2013-04-29,0.5579257771412719,0.4420742228403556,1.837264458788632e-11,0
2013-04-30,0.5579257771412719,0.4420742228403556,1.837264458788632e-11,0
2013-05-01,0.5579257771412719,0.4420742228403556,1.837264458788632e-11,0
2013-05-02,0.5579257771412719,0.4420742228403556,1.837264458788632e-11,0
2013-05-03,0.5579257771412719,0.4420742228403556,1.837264458788632e-11,0
2013-05-06,0.5756188006273302,0.4243811993326153,4.00544465979804e-11,0
2013-05-07,0.5756188006273302,0.4243811993326153,4.00544465979804e-11,0
2013-05-08,0.5756188006273302,0.4243811993326153,4.00544465979804e-11,0
2013-05-09,0.5756188006273302,0.4243811993326153,4.00544465979804e-11,0
2013-05-10,0.5756188006273302,0.4243811993326153,4.00544465979804e-11,0
2013-05-13,0.6295172352283933,0.37048276442402894,3.475776501211845e-10,0
2013-05-14,0.6295172352283933,0.37048276442402894,3.475776501211845e-10,0
2013-05-15,0.6295172352283933,0.37048276442402894,3.475776501211845e-10,0
2013-05-16,0.6295172352283933,0.37048276442402894,3.475776501211845e-10,0
2013-05-17,0.6295172352283933,0.37048276442402894,3.475776501211845e-10,0
2013-05-20,0.6772286134409128,0.3227713846818216,1.8772657396356382e-09,0
2013-05-21,0.6772286134409128,0.3227713846818216,1.8772657396356382e-09,0
2013-05-22,0.6772286134409128,0.3227713846818216,1.8772657396356382e-09,0
2013-05-23,0.6772286134409128,0.3227713846818216,1.8772657396356382e-09,0
2013-05-24,0.6772286134409128,0.3227713846818216,1.8772657396356382e-09,0
2013-05-28,0.7041084475894115,0.29589155238532,2.526847243682085e-11,0
2013-05-29,0.7041084475894115,0.29589155238532,2.526847243682085e-11,0
2013-05-30,0.7041084475894115,0.29589155238532,2.526847243682085e-11,0
2013-05-31,0.7041084475894115,0.29589155238532,2.526847243682085e-11,0
2013-06-03,0.7041084475894115,0.29589155238532,2.526847243682085e-11,0
2013-06-04,0.8432965871213086,0.1567034127779631,1.0072822443913382e-10,0
2013-06-05,0.8432965871213086,0.1567034127779631,1.0072822443913382e-10,1
2013-06-06,0.8432965871213086,0.1567034127779631,1.0072822443913382e-10,1
2013-06-07,0.8432965871213086,0.1567034127779631,1.0072822443913382e-10,1
2013-06-10,0.8432965871213086,0.1567034127779631,1.0072822443913382e-10,1
2013-06-11,0.540001690823397,0.45999477020781526,3.5389687877059277e-06,1
2013-06-12,0.540001690823397,0.45999477020781526,3.5389687877059277e-06,1
2013-06-13,0.540001690823397,0.45999477020781526,3.5389687877059277e-06,1
2013-06-14,0.540001690823397,0.45999477020781526,3.5389687877059277e-06,1
2013-06-17,0.540001690823397,0.45999477020781526,3.5389687877059277e-06,1
2013-06-18,0.5399992687529851,0.45999499054980036,5.740697214456647e-06,1
2013-06-19,0.5399992687529851,0.45999499054980036,5.740697214456647e-06,1
2013-06-20,0.5399992687529851,0.45999499054980036,5.740697214456647e-06,2
2013-06-21,0.5399992687529851,0.45999499054980036,5.740697214456647e-06,1
2013-06-24,0.5399992687529851,0.45999499054980036,5.740697214456647e-06,1
2013-06-25,0.5386347376842864,0.4613589371526131,6.325163100468558e-06,1
2013-06-26,0.5386347376842864,0.4613589371526131,6.325163100468558e-06,1
2013-06-27,0.5386347376842864,0.4613589371526131,6.325163100468558e-06,1
2013-06-28,0.5386347376842864,0.4613589371526131,6.325163100468558e-06,1
2013-07-01,0.5386347376842864,0.4613589371526131,6.325163100468558e-06,1
2013-07-02,0.5386339270624533,0.4613589880597835,7.08487776323487e-06,1
2013-07-03,0.5386339270624533,0.4613589880597835,7.08487776323487e-06,1
2013-07-05,0.5386339270624533,0.4613589880597835,7.08487776323487e-06,1
2013-07-08,0.5386339270624533,0.4613589880597835,7.08487776323487e-06,1
2013-07-09,0.5386339270624533,0.4613589880597835,7.08487776323487e-06,1
2013-07-10,0.5386336416647346,0.46135876193948744,7.596395777929368e-06,1
2013-07-11,0.5386336416647346,0.46135876193948744,7.596395777929368e-06,1
2013-07-12,0.5386336416647346,0.46135876193948744,7.596395777929368e-06,0
2013-07-15,0.5386336416647346,0.46135876193948744,7.596395777929368e-06,0
2013-07-16,0.5386336416647346,0.46135876193948744,7.596395777929368e-06,0
2013-07-17,0.9999999891497972,7.638634757384743e-09,3.2115680896103267e-09,0
2013-07-18,0.9999999891497972,7.638634757384743e-09,3.2115680896103267e-09,0
2013-07-19,0.9999999891497972,7.638634757384743e-09,3.2115680896103267e-09,0
2013-07-22,0.9999999891497972,7.638634757384743e-09,3.2115680896103267e-09,0
2013-07-23,0.9999999891497972,7.638634757384743e-09,3.2115680896103267e-09,0
2013-07-24,0.9999999968891177,1.864167533057057e-09,1.2467147402559952e-09,0
2013-07-25,0.9999999968891177,1.864167533057057e-09,1.2467147402559952e-09,0
2013-07-26,0.9999999968891177,1.864167533057057e-09,1.2467147402559952e-09,0
2013-07-29,0.9999999968891177,1.864167533057057e-09,1.2467147402559952e-09,0
2013-07-30,0.9999999968891177,1.864167533057057e-09,1.2467147402559952e-09,0
2013-07-31,0.9999999998304138,1.0283258245245928e-10,6.675372850855254e-11,0
2013-08-01,0.9999999998304138,1.0283258245245928e-10,6.675372850855254e-11,0
2013-08-02,0.9999999998304138,1.0283258245245928e-10,6.675372850855254e-11,0
2013-08-05,0.9999999998304138,1.0283258245245928e-10,6.675372850855254e-11,0
2013-08-06,0.9999999998304138,1.0283258245245928e-10,6.675372850855254e-11,0
2013-08-07,0.9999999995718006,2.8105575554216304e-10,1.4714365621914324e-10,0
2013-08-08,0.9999999995718006,2.8105575554216304e-10,1.4714365621914324e-10,0
2013-08-09,0.9999999995718006,2.8105575554216304e-10,1.4714365621914324e-10,0
2013-08-12,0.9999999995718006,2.8105575554216304e-10,1.4714365621914324e-10,0
2013-08-13,0.9999999995718006,2.8105575554216304e-10,1.4714365621914324e-10,0
2013-08-14,0.9999999988216064,8.003873290350127e-10,3.7800621117844264e-10,0
2013-08-15,0.9999999988216064,8.003873290350127e-10,3.7800621117844264e-10,0
2013-08-16,0.9999999988216064,8.003873290350127e-10,3.7800621117844264e-10,0
2013-08-19,0.9999999988216064,8.003873290350127e-10,3.7800621117844264e-10,0
2013-08-20,0.9999999988216064,8.003873290350127e-10,3.7800621117844264e-10,0
2013-08-21,0.9999999994565854,3.127994386509119e-10,2.306152421487664e-10,0
2013-08-22,0.9999999994565854,3.127994386509119e-10,2.306152421487664e-10,0
2013-08-23,0.9999999994565854,3.127994386509119e-10,2.306152421487664e-10,0
2013-08-26,0.9999999994565854,3.127994386509119e-10,2.306152421487664e-10,0
2013-08-27,0.9999999994565854,3.127994386509119e-10,2.306152421487664e-10,0
2013-08-28,0.9999999989111716,6.123716737552468e-10,4.764567064647436e-10,0
2013-08-29,0.9999999989111716,6.123716737552468e-10,4.764567064647436e-10,0
2013-08-30,0.9999999989111716,6.123716737552468e-10,4.764567064647436e-10,0
2013-09-03,0.9999999989111716,6.123716737552468e-10,4.764567064647436e-10,0
2013-09-04,0.9999999989111716,6.123716737552468e-10,4.764567064647436e-10,0
2013-09-05,0.9999999996310429,1.862170678128678e-10,1.8274013988035384e-10,0
2013-09-06,0.9999999996310429,1.862170678128678e-10,1.8274013988035384e-10,0
2013-09-09,0.9999999996310429,1.862170678128678e-10,1.8274013988035384e-10,0
2013-09-10,0.9999999996310429,1.862170678128678e-10,1.8274013988035384e-10,0
2013-09-11,0.9999999996310429,1.862170678128678e-10,1.8274013988035384e-10,0
2013-09-12,0.9999999972857502,1.9016834670326764e-09,8.125663894222395e-10,0
2013-09-13,0.9999999972857502,1.9016834670326764e-09,8.125663894222395e-10,0
2013-09-16,0.9999999972857502,1.9016834670326764e-09,8.125663894222395e-10,0
2013-09-17,0.9999999972857502,1.9016834670326764e-09,8.125663894222395e-10,0
2013-09-18,0.9999999972857502,1.9016834670326764e-09,8.125663894222395e-10,0
2013-09-19,0.999999995925226,3.515302399586626e-09,5.594716303657854e-10,0
2013-09-20,0.999999995925226,3.515302399586626e-09,5.594716303657854e-10,0
2013-09-23,0.999999995925226,3.515302399586626e-09,5.594716303657854e-10,0
2013-09-24,0.999999995925226,3.515302399586626e-09,5.594716303657854e-10,0
2013-09-25,0.999999995925226,3.515302399586626e-09,5.594716303657854e-10,0
2013-09-26,0.999999995899082,3.5269375291260086e-09,5.739804999592506e-10,0
2013-09-27,0.999999995899082,3.5269375291260086e-09,5.739804999592506e-10,0
2013-09-30,0.999999995899082,3.5269375291260086e-09,5.739804999592506e-10,0
2013-10-01,0.999999995899082,3.5269375291260086e-09,5.739804999592506e-10,1
2013-10-02,0.999999995899082,3.5269375291260086e-09,5.739804999592506e-10,1
2013-10-03,0.5741227859279695,0.42037001126811957,0.005507202803911077,1
2013-10-04,0.5741227859279695,0.42037001126811957,0.005507202803911077,1
2013-10-07,0.5741227859279695,0.42037001126811957,0.005507202803911077,1
2013-10-08,0.5741227859279695,0.42037001126811957,0.005507202803911077,1
2013-10-09,0.5741227859279695,0.42037001126811957,0.005507202803911077,1
2013-10-10,0.5655384773511812,0.4255612318455921,0.008900290803226728,1
2013-10-11,0.5655384773511812,0.4255612318455921,0.008900290803226728,1
2013-10-14,0.5655384773511812,0.4255612318455921,0.008900290803226728,1
2013-10-15,0.5655384773511812,0.4255612318455921,0.008900290803226728,1
2013-10-16,0.5655384773511812,0.4255612318455921,0.008900290803226728,1
2013-10-17,0.9999999975855433,1.9483849041479404e-09,4.660717647119259e-10,0
2013-10-18,0.9999999975855433,1.9483849041479404e-09,4.660717647119259e-10,0
2013-10-21,0.9999999975855433,1.9483849041479404e-09,4.660717647119259e-10,0
2013-10-22,0.9999999975855433,1.9483849041479404e-09,4.660717647119259e-10,0
2013-10-23,0.9999999975855433,1.9483849041479404e-09,4.660717647119259e-10,0
2013-10-24,0.999999999506912,4.359618636328979e-10,5.7126141515294595e-11,0
2013-10-25,0.999999999506912,4.359618636328979e-10,5.7126141515294595e-11,0
2013-10-28,0.999999999506912,4.359618636328979e-10,5.7126141515294595e-11,0
2013-10-29,0.999999999506912,4.359618636328979e-10,5.7126141515294595e-11,0
2013-10-30,0.999999999506912,4.359618636328979e-10,5.7126141515294595e-11,0
2013-10-31,0.9999999963276041,3.1085292536707066e-09,5.638666904493483e-10,0
2013-11-01,0.9999999963276041,3.1085292536707066e-09,5.638666904493483e-10,0
2013-11-04,0.9999999963276041,3.1085292536707066e-09,5.638666904493483e-10,0
2013-11-05,0.9999999963276041,3.1085292536707066e-09,5.638666904493483e-10,0
2013-11-06,0.9999999963276041,3.1085292536707066e-09,5.638666904493483e-10,0
2013-11-07,0.9999999998661248,1.0929512941020005e-10,2.4580135083241845e-11,0
2013-11-08,0.9999999998661248,1.0929512941020005e-10,2.4580135083241845e-11,0
2013-11-11,0.9999999998661248,1.0929512941020005e-10,2.4580135083241845e-11,0
2013-11-12,0.9999999998661248,1.0929512941020005e-10,2.4580135083241845e-11,0
2013-11-13,0.9999999998661248,1.0929512941020005e-10,2.4580135083241845e-11,0
2013-11-14,0.9999999925772092,5.564181623628007e-09,1.858609137392567e-09,0
2013-11-15,0.9999999925772092,5.564181623628007e-09,1.858609137392567e-09,0
2013-11-18,0.9999999925772092,5.564181623628007e-09,1.858609137392567e-09,0
2013-11-19,0.9999999925772092,5.564181623628007e-09,1.858609137392567e-09,0
2013-11-20,0.9999999925772092,5.564181623628007e-09,1.858609137392567e-09,0
2013-11-21,0.999999999569436,3.3653876167480067e-10,9.402536785954944e-11,0
2013-11-22,0.999999999569436,3.3653876167480067e-10,9.402536785954944e-11,0
2013-11-25,0.999999999569436,3.3653876167480067e-10,9.402536785954944e-11,0
2013-11-26,0.999999999569436,3.3653876167480067e-10,9.402536785954944e-11,0
2013-11-27,0.999999999569436,3.3653876167480067e-10,9.402536785954944e-11,0
2013-11-29,0.9999999995084052,3.9499849275566244e-10,9.659633508263553e-11,0
2013-12-02,0.9999999995084052,3.9499849275566244e-10,9.659633508263553e-11,0
2013-12-03,0.9999999995084052,3.9499849275566244e-10,9.659633508263553e-11,0
2013-12-04,0.9999999995084052,3.9499849275566244e-10,9.659633508263553e-11,0
2013-12-05,0.9999999995084052,3.9499849275566244e-10,9.659633508263553e-11,0
2013-12-06,0.9999999989302434,8.012625853052525e-10,2.6849402121031675e-10,0
2013-12-09,0.9999999989302434,8.012625853052525e-10,2.6849402121031675e-10,0
2013-12-10,0.9999999989302434,8.012625853052525e-10,2.6849402121031675e-10,0
2013-12-11,0.9999999989302434,8.012625853052525e-10,2.6849402121031675e-10,0
2013-12-12,0.9999999989302434,8.012625853052525e-10,2.6849402121031675e-10,0
2013-12-13,0.9999999893751987,8.35235183349216e-09,2.272449418941557e-09,0
2013-12-16,0.9999999893751987,8.35235183349216e-09,2.272449418941557e-09,0
2013-12-17,0.9999999893751987,8.35235183349216e-09,2.272449418941557e-09,0
2013-12-18,0.9999999893751987,8.35235183349216e-09,2.272449418941557e-09,0
2013-12-19,0.9999999893751987,8.35235183349216e-09,2.272449418941557e-09,0
2013-12-20,0.9999999971710498,2.310216515344646e-09,5.187337146837061e-10,0
2013-12-23,0.9999999971710498,2.310216515344646e-09,5.187337146837061e-10,0
2013-12-24,0.9999999971710498,2.310216515344646e-09,5.187337146837061e-10,0
2013-12-26,0.9999999971710498,2.310216515344646e-09,5.187337146837061e-10,0
2013-12-27,0.9999999971710498,2.310216515344646e-09,5.187337146837061e-10,0
2013-12-30,0.999999984571128,1.1988852906868926e-08,3.4400188886655026e-09,0
2013-12-31,0.999999984571128,1.1988852906868926e-08,3.4400188886655026e-09,0
2014-01-02,0.999999984571128,1.1988852906868926e-08,3.4400188886655026e-09,0
2014-01-03,0.999999984571128,1.1988852906868926e-08,3.4400188886655026e-09,0
2014-01-06,0.999999984571128,1.1988852906868926e-08,3.4400188886655026e-09,0
2014-01-07,0.999999999305828,5.77467736024122e-10,1.1670421638010022e-10,0
2014-01-08,0.999999999305828,5.77467736024122e-10,1.1670421638010022e-10,0
2014-01-09,0.999999999305828,5.77467736024122e-10,1.1670421638010022e-10,0
2014-01-10,0.999999999305828,5.77467736024122e-10,1.1670421638010022e-10,0
2014-01-13,0.999999999305828,5.77467736024122e-10,1.1670421638010022e-10,0
2014-01-14,0.9999999991190578,7.454929414017676e-10,1.3544926426323084e-10,0
2014-01-15,0.9999999991190578,7.454929414017676e-10,1.3544926426323084e-10,0
2014-01-16,0.9999999991190578,7.454929414017676e-10,1.3544926426323084e-10,0
2014-01-17,0.9999999991190578,7.454929414017676e-10,1.3544926426323084e-10,0
2014-01-21,0.9999999991190578,7.454929414017676e-10,1.3544926426323084e-10,0
2014-01-22,0.9999999981551013,1.5973613620045426e-09,2.4753733072311814e-10,0
2014-01-23,0.9999999981551013,1.5973613620045426e-09,2.4753733072311814e-10,0
2014-01-24,0.9999999981551013,1.5973613620045426e-09,2.4753733072311814e-10,1
2014-01-27,0.9999999981551013,1.5973613620045426e-09,2.4753733072311814e-10,1
2014-01-28,0.9999999981551013,1.5973613620045426e-09,2.4753733072311814e-10,1
2014-01-29,0.5798559379882434,0.39919214007988535,0.02095192193187128,1
2014-01-30,0.5798559379882434,0.39919214007988535,0.02095192193187128,1
2014-01-31,0.5798559379882434,0.39919214007988535,0.02095192193187128,1
2014-02-03,0.5798559379882434,0.39919214007988535,0.02095192193187128,1
2014-02-04,0.5798559379882434,0.39919214007988535,0.02095192193187128,1
2014-02-05,0.5683596207142722,0.4058060042306948,0.02583437505503307,1
2014-02-06,0.5683596207142722,0.4058060042306948,0.02583437505503307,1
2014-02-07,0.5683596207142722,0.4058060042306948,0.02583437505503307,1
2014-02-10,0.5683596207142722,0.4058060042306948,0.02583437505503307,1
2014-02-11,0.5683596207142722,0.4058060042306948,0.02583437505503307,1
2014-02-12,0.9999999983095755,1.5322822109560538e-09,1.5814232599968618e-10,0
2014-02-13,0.9999999983095755,1.5322822109560538e-09,1.5814232599968618e-10,0
2014-02-14,0.9999999983095755,1.5322822109560538e-09,1.5814232599968618e-10,0
2014-02-18,0.9999999983095755,1.5322822109560538e-09,1.5814232599968618e-10,0
2014-02-19,0.9999999983095755,1.5322822109560538e-09,1.5814232599968618e-10,0
2014-02-20,0.9999999998128569,1.7163588877333104e-10,1.5507273081846862e-11,0
2014-02-21,0.9999999998128569,1.7163588877333104e-10,1.5507273081846862e-11,0
2014-02-24,0.9999999998128569,1.7163588877333104e-10,1.5507273081846862e-11,0
2014-02-25,0.9999999998128569,1.7163588877333104e-10,1.5507273081846862e-11,0
2014-02-26,0.9999999998128569,1.7163588877333104e-10,1.5507273081846862e-11,0
2014-02-27,0.9999999978461304,1.949885798092213e-09,2.039838901956307e-10,0
2014-02-28,0.9999999978461304,1.949885798092213e-09,2.039838901956307e-10,0
2014-03-03,0.9999999978461304,1.949885798092213e-09,2.039838901956307e-10,0
2014-03-04,0.9999999978461304,1.949885798092213e-09,2.039838901956307e-10,0
2014-03-05,0.9999999978461304,1.949885798092213e-09,2.039838901956307e-10,0
2014-03-06,0.9999999992493523,6.674418871823272e-10,8.320577581040339e-11,0
2014-03-07,0.9999999992493523,6.674418871823272e-10,8.320577581040339e-11,0
2014-03-10,0.9999999992493523,6.674418871823272e-10,8.320577581040339e-11,0
2014-03-11,0.9999999992493523,6.674418871823272e-10,8.320577581040339e-11,0
2014-03-12,0.9999999992493523,6.674418871823272e-10,8.320577581040339e-11,0
2014-03-13,0.9999999985216413,1.3708503327319777e-09,1.0750833609950314e-10,0
2014-03-14,0.9999999985216413,1.3708503327319777e-09,1.0750833609950314e-10,0
2014-03-17,0.9999999985216413,1.3708503327319777e-09,1.0750833609950314e-10,0
2014-03-18,0.9999999985216413,1.3708503327319777e-09,1.0750833609950314e-10,0
2014-03-19,0.9999999985216413,1.3708503327319777e-09,1.0750833609950314e-10,0
2014-03-20,0.9999999937161544,5.674386272463344e-09,6.094592046487094e-10,0
2014-03-21,0.9999999937161544,5.674386272463344e-09,6.094592046487094e-10,0
2014-03-24,0.9999999937161544,5.674386272463344e-09,6.094592046487094e-10,0
2014-03-25,0.9999999937161544,5.674386272463344e-09,6.094592046487094e-10,0
2014-03-26,0.9999999937161544,5.674386272463344e-09,6.094592046487094e-10,0
2014-03-27,0.9999999990095246,9.44881137927656e-10,4.559423826310292e-11,0
2014-03-28,0.9999999990095246,9.44881137927656e-10,4.559423826310292e-11,0
2014-03-31,0.9999999990095246,9.44881137927656e-10,4.559423826310292e-11,0
2014-04-01,0.9999999990095246,9.44881137927656e-10,4.559423826310292e-11,0
2014-04-02,0.9999999990095246,9.44881137927656e-10,4.559423826310292e-11,0
2014-04-03,0.9999999984308269,1.3513018582707925e-09,2.1787136228926932e-10,0
2014-04-04,0.9999999984308269,1.3513018582707925e-09,2.1787136228926932e-10,0
2014-04-07,0.9999999984308269,1.3513018582707925e-09,2.1787136228926932e-10,0
2014-04-08,0.9999999984308269,1.3513018582707925e-09,2.1787136228926932e-10,0
2014-04-09,0.9999999984308269,1.3513018582707925e-09,2.1787136228926932e-10,0
2014-04-10,0.9999999972070986,2.333836865879511e-09,4.5906440435721593e-10,0
2014-04-11,0.9999999972070986,2.333836865879511e-09,4.5906440435721593e-10,0
2014-04-14,0.9999999972070986,2.333836865879511e-09,4.5906440435721593e-10,0
2014-04-15,0.9999999972070986,2.333836865879511e-09,4.5906440435721593e-10,0
2014-04-16,0.9999999972070986,2.333836865879511e-09,4.5906440435721593e-10,0
2014-04-17,0.9999999988686247,3.144662474169085e-10,8.169090567835178e-10,0
2014-04-21,0.9999999988686247,3.144662474169085e-10,8.169090567835178e-10,0
2014-04-22,0.9999999988686247,3.144662474169085e-10,8.169090567835178e-10,0
2014-04-23,0.9999999988686247,3.144662474169085e-10,8.169090567835178e-10,0
2014-04-24,0.9999999988686247,3.144662474169085e-10,8.169090567835178e-10,0
2014-04-25,0.9999999989823696,6.629061981880534e-10,3.547241666046959e-10,0
2014-04-28,0.9999999989823696,6.629061981880534e-10,3.547241666046959e-10,0
2014-04-29,0.9999999989823696,6.629061981880534e-10,3.547241666046959e-10,0
2014-04-30,0.9999999989823696,6.629061981880534e-10,3.547241666046959e-10,0
2014-05-01,0.9999999989823696,6.629061981880534e-10,3.547241666046959e-10,0
2014-05-02,0.9999999952818439,3.5269623043128046e-09,1.1911938211826656e-09,0
2014-05-05,0.9999999952818439,3.5269623043128046e-09,1.1911938211826656e-09,0
2014-05-06,0.9999999952818439,3.5269623043128046e-09,1.1911938211826656e-09,0
2014-05-07,0.9999999952818439,3.5269623043128046e-09,1.1911938211826656e-09,0
2014-05-08,0.9999999952818439,3.5269623043128046e-09,1.1911938211826656e-09,0
2014-05-09,0.9999999987712813,1.0790059384213555e-09,1.4971278254645315e-10,0
2014-05-12,0.9999999987712813,1.0790059384213555e-09,1.4971278254645315e-10,0
2014-05-13,0.9999999987712813,1.0790059384213555e-09,1.4971278254645315e-10,0
2014-05-14,0.9999999987712813,1.0790059384213555e-09,1.4971278254645315e-10,0
2014-05-15,0.9999999987712813,1.0790059384213555e-09,1.4971278254645315e-10,0
2014-05-16,0.9999999907975486,9.011723195546474e-09,1.9072818280467607e-10,0
2014-05-19,0.9999999907975486,9.011723195546474e-09,1.9072818280467607e-10,0
2014-05-20,0.9999999907975486,9.011723195546474e-09,1.9072818280467607e-10,0
2014-05-21,0.9999999907975486,9.011723195546474e-09,1.9072818280467607e-10,0
2014-05-22,0.9999999907975486,9.011723195546474e-09,1.9072818280467607e-10,0
2014-05-23,0.9999999993109712,6.608455651985904e-10,2.81831040402576e-11,0
2014-05-27,0.9999999993109712,6.608455651985904e-10,2.81831040402576e-11,0
2014-05-28,0.9999999993109712,6.608455651985904e-10,2.81831040402576e-11,0
2014-05-29,0.9999999993109712,6.608455651985904e-10,2.81831040402576e-11,0
2014-05-30,0.9999999993109712,6.608455651985904e-10,2.81831040402576e-11,0
2014-06-02,0.9508369874835333,0.04916301239477161,1.216950112054797e-10,0
2014-06-03,0.9508369874835333,0.04916301239477161,1.216950112054797e-10,0
2014-06-04,0.9508369874835333,0.04916301239477161,1.216950112054797e-10,0
2014-06-05,0.9508369874835333,0.04916301239477161,1.216950112054797e-10,0
2014-06-06,0.9508369874835333,0.04916301239477161,1.216950112054797e-10,0
2014-06-09,0.9999999973109366,2.6658751726844965e-09,2.31883806861843e-11,0
2014-06-10,0.9999999973109366,2.6658751726844965e-09,2.31883806861843e-11,0
2014-06-11,0.9999999973109366,2.6658751726844965e-09,2.31883806861843e-11,0
2014-06-12,0.9999999973109366,2.6658751726844965e-09,2.31883806861843e-11,0
2014-06-13,0.9999999973109366,2.6658751726844965e-09,2.31883806861843e-11,0
2014-06-16,0.9864851239848054,0.013514875986674143,2.8520419839418402e-11,0
2014-06-17,0.9864851239848054,0.013514875986674143,2.8520419839418402e-11,0
2014-06-18,0.9864851239848054,0.013514875986674143,2.8520419839418402e-11,0
2014-06-19,0.9864851239848054,0.013514875986674143,2.8520419839418402e-11,0
2014-06-20,0.9864851239848054,0.013514875986674143,2.8520419839418402e-11,0
2014-06-23,0.8184154474428053,0.18158447070906208,8.18481327252199e-08,0
2014-06-24,0.8184154474428053,0.18158447070906208,8.18481327252199e-08,0
2014-06-25,0.8184154474428053,0.18158447070906208,8.18481327252199e-08,0
2014-06-26,0.8184154474428053,0.18158447070906208,8.18481327252199e-08,0
2014-06-27,0.8184154474428053,0.18158447070906208,8.18481327252199e-08,0
2014-06-30,0.7425309401418163,0.20002647540677113,0.05744258445141261,0
2014-07-01,0.7425309401418163,0.20002647540677113,0.05744258445141261,0
2014-07-02,0.7425309401418163,0.20002647540677113,0.05744258445141261,0
2014-07-03,0.7425309401418163,0.20002647540677113,0.05744258445141261,0
2014-07-07,0.7425309401418163,0.20002647540677113,0.05744258445141261,0
2014-07-08,0.7134520233006857,0.26130795340054297,0.02524002329877134,0
2014-07-09,0.7134520233006857,0.26130795340054297,0.02524002329877134,0
2014-07-10,0.7134520233006857,0.26130795340054297,0.02524002329877134,0
2014-07-11,0.7134520233006857,0.26130795340054297,0.02524002329877134,0
2014-07-14,0.7134520233006857,0.26130795340054297,0.02524002329877134,0
2014-07-15,0.6965697480307179,0.30343024931641066,2.6528715540145977e-09,0
2014-07-16,0.6965697480307179,0.30343024931641066,2.6528715540145977e-09,0
2014-07-17,0.6965697480307179,0.30343024931641066,2.6528715540145977e-09,0
2014-07-18,0.6965697480307179,0.30343024931641066,2.6528715540145977e-09,0
2014-07-21,0.6965697480307179,0.30343024931641066,2.6528715540145977e-09,0
2014-07-22,0.6693102661930735,0.33068973273490604,1.072020424497772e-09,0
2014-07-23,0.6693102661930735,0.33068973273490604,1.072020424497772e-09,0
2014-07-24,0.6693102661930735,0.33068973273490604,1.072020424497772e-09,0
2014-07-25,0.6693102661930735,0.33068973273490604,1.072020424497772e-09,0
2014-07-28,0.6693102661930735,0.33068973273490604,1.072020424497772e-09,0
2014-07-29,0.6387741596005634,0.36122584028340904,1.1602769351494915e-10,0
2014-07-30,0.6387741596005634,0.36122584028340904,1.1602769351494915e-10,0
2014-07-31,0.6387741596005634,0.36122584028340904,1.1602769351494915e-10,0
2014-08-01,0.6387741596005634,0.36122584028340904,1.1602769351494915e-10,0
2014-08-04,0.6387741596005634,0.36122584028340904,1.1602769351494915e-10,0
2014-08-05,0.590725444388433,0.4092745523311542,3.28041272293616e-09,0
2014-08-06,0.590725444388433,0.4092745523311542,3.28041272293616e-09,0
2014-08-07,0.590725444388433,0.4092745523311542,3.28041272293616e-09,0
2014-08-08,0.590725444388433,0.4092745523311542,3.28041272293616e-09,0
2014-08-11,0.590725444388433,0.4092745523311542,3.28041272293616e-09,0
2014-08-12,0.5887119647566516,0.411288035124278,1.190705776033776e-10,0
2014-08-13,0.5887119647566516,0.411288035124278,1.190705776033776e-10,0
2014-08-14,0.5887119647566516,0.411288035124278,1.190705776033776e-10,0
2014-08-15,0.5887119647566516,0.411288035124278,1.190705776033776e-10,0
2014-08-18,0.5887119647566516,0.411288035124278,1.190705776033776e-10,0
2014-08-19,0.5544876354112417,0.4455123559999685,8.588789781370098e-09,0
2014-08-20,0.5544876354112417,0.4455123559999685,8.588789781370098e-09,0
2014-08-21,0.5544876354112417,0.4455123559999685,8.588789781370098e-09,0
2014-08-22,0.5544876354112417,0.4455123559999685,8.588789781370098e-09,0
2014-08-25,0.5544876354112417,0.4455123559999685,8.588789781370098e-09,0
2014-08-26,0.5530938112251188,0.44690618564502677,3.129854405024637e-09,0
2014-08-27,0.5530938112251188,0.44690618564502677,3.129854405024637e-09,0
2014-08-28,0.5530938112251188,0.44690618564502677,3.129854405024637e-09,0
2014-08-29,0.5530938112251188,0.44690618564502677,3.129854405024637e-09,0
2014-09-02,0.5530938112251188,0.44690618564502677,3.129854405024637e-09,0
2014-09-03,0.6050640120327849,0.394935984826114,3.1411010914555975e-09,0
2014-09-04,0.6050640120327849,0.394935984826114,3.1411010914555975e-09,0
2014-09-05,0.6050640120327849,0.394935984826114,3.1411010914555975e-09,0
2014-09-08,0.6050640120327849,0.394935984826114,3.1411010914555975e-09,0
2014-09-09,0.6050640120327849,0.394935984826114,3.1411010914555975e-09,0
2014-09-10,0.5595682450434972,0.44043175390846107,1.0480416586188995e-09,0
2014-09-11,0.5595682450434972,0.44043175390846107,1.0480416586188995e-09,0
2014-09-12,0.5595682450434972,0.44043175390846107,1.0480416586188995e-09,0
2014-09-15,0.5595682450434972,0.44043175390846107,1.0480416586188995e-09,0
2014-09-16,0.5595682450434972,0.44043175390846107,1.0480416586188995e-09,0
2014-09-17,0.5793512193081458,0.42064877771278214,2.979072044307465e-09,0
2014-09-18,0.5793512193081458,0.42064877771278214,2.979072044307465e-09,0
2014-09-19,0.5793512193081458,0.42064877771278214,2.979072044307465e-09,0
2014-09-22,0.5793512193081458,0.42064877771278214,2.979072044307465e-09,0
2014-09-23,0.5793512193081458,0.42064877771278214,2.979072044307465e-09,0
2014-09-24,0.5766857840219553,0.4233142152338805,7.441642303107534e-10,0
2014-09-25,0.5766857840219553,0.4233142152338805,7.441642303107534e-10,0
2014-09-26,0.5766857840219553,0.4233142152338805,7.441642303107534e-10,0
2014-09-29,0.5766857840219553,0.4233142152338805,7.441642303107534e-10,0
2014-09-30,0.5766857840219553,0.4233142152338805,7.441642303107534e-10,0
2014-10-01,0.5759420213286762,0.42405797822401264,4.4731112316838646e-10,0
2014-10-02,0.5759420213286762,0.42405797822401264,4.4731112316838646e-10,0
2014-10-03,0.5759420213286762,0.42405797822401264,4.4731112316838646e-10,0
2014-10-06,0.5759420213286762,0.42405797822401264,4.4731112316838646e-10,0
2014-10-07,0.5759420213286762,0.42405797822401264,4.4731112316838646e-10,1
2014-10-08,0.4914233580594785,0.4240570752277619,0.08451956671275956,1
2014-10-09,0.4914233580594785,0.4240570752277619,0.08451956671275956,1
2014-10-10,0.4914233580594785,0.4240570752277619,0.08451956671275956,1
2014-10-13,0.4914233580594785,0.4240570752277619,0.08451956671275956,1
2014-10-14,0.4914233580594785,0.4240570752277619,0.08451956671275956,1
2014-10-15,0.4879809980767796,0.42405700844931077,0.08796199347390969,1
2014-10-16,0.4879809980767796,0.42405700844931077,0.08796199347390969,1
2014-10-17,0.4879809980767796,0.42405700844931077,0.08796199347390969,1
2014-10-20,0.4879809980767796,0.42405700844931077,0.08796199347390969,1
2014-10-21,0.4879809980767796,0.42405700844931077,0.08796199347390969,1
2014-10-22,0.4840039214230874,0.42405700596547885,0.09193907261143375,1
2014-10-23,0.4840039214230874,0.42405700596547885,0.09193907261143375,1
2014-10-24,0.4840039214230874,0.42405700596547885,0.09193907261143375,1
2014-10-27,0.4840039214230874,0.42405700596547885,0.09193907261143375,1
2014-10-28,0.4840039214230874,0.42405700596547885,0.09193907261143375,1
2014-10-29,0.478131076339694,0.42405700709837313,0.09781191656193292,1
2014-10-30,0.478131076339694,0.42405700709837313,0.09781191656193292,1
2014-10-31,0.478131076339694,0.42405700709837313,0.09781191656193292,1
2014-11-03,0.478131076339694,0.42405700709837313,0.09781191656193292,1
2014-11-04,0.478131076339694,0.42405700709837313,0.09781191656193292,1
2014-11-05,0.47597261171486976,0.42405708745674286,0.09997030082838743,1
2014-11-06,0.47597261171486976,0.42405708745674286,0.09997030082838743,0
2014-11-07,0.47597261171486976,0.42405708745674286,0.09997030082838743,0
2014-11-10,0.47597261171486976,0.42405708745674286,0.09997030082838743,0
2014-11-11,0.47597261171486976,0.42405708745674286,0.09997030082838743,0
2014-11-12,0.4728240999776077,0.5271758990872659,9.351263701263653e-10,0
2014-11-13,0.4728240999776077,0.5271758990872659,9.351263701263653e-10,0
2014-11-14,0.4728240999776077,0.5271758990872659,9.351263701263653e-10,0
2014-11-17,0.4728240999776077,0.5271758990872659,9.351263701263653e-10,0
2014-11-18,0.4728240999776077,0.5271758990872659,9.351263701263653e-10,0
2014-11-19,0.4825767155040873,0.5174232816002576,2.8956550304446417e-09,0
2014-11-20,0.4825767155040873,0.5174232816002576,2.8956550304446417e-09,0
2014-11-21,0.4825767155040873,0.5174232816002576,2.8956550304446417e-09,0
2014-11-24,0.4825767155040873,0.5174232816002576,2.8956550304446417e-09,0
2014-11-25,0.4825767155040873,0.5174232816002576,2.8956550304446417e-09,0
2014-11-26,0.4588950386092732,0.541104961182167,2.085597204664334e-10,0
2014-11-28,0.4588950386092732,0.541104961182167,2.085597204664334e-10,0
2014-12-01,0.4588950386092732,0.541104961182167,2.085597204664334e-10,0
2014-12-02,0.4588950386092732,0.541104961182167,2.085597204664334e-10,0
2014-12-03,0.4588950386092732,0.541104961182167,2.085597204664334e-10,0
2014-12-04,0.46680688236706624,0.5331931160297158,1.6032180531147715e-09,0
2014-12-05,0.46680688236706624,0.5331931160297158,1.6032180531147715e-09,0
2014-12-08,0.46680688236706624,0.5331931160297158,1.6032180531147715e-09,0
2014-12-09,0.46680688236706624,0.5331931160297158,1.6032180531147715e-09,1
2014-12-10,0.46680688236706624,0.5331931160297158,1.6032180531147715e-09,1
2014-12-11,0.4616608608789683,0.46849728789058614,0.06984185123044556,1
2014-12-12,0.4616608608789683,0.46849728789058614,0.06984185123044556,1
2014-12-15,0.4616608608789683,0.46849728789058614,0.06984185123044556,1
2014-12-16,0.4616608608789683,0.46849728789058614,0.06984185123044556,1
2014-12-17,0.4616608608789683,0.46849728789058614,0.06984185123044556,1
2014-12-18,0.4597799911136107,0.46849289609460093,0.0717271127917884,1
2014-12-19,0.4597799911136107,0.46849289609460093,0.0717271127917884,1
2014-12-22,0.4597799911136107,0.46849289609460093,0.0717271127917884,1
2014-12-23,0.4597799911136107,0.46849289609460093,0.0717271127917884,1
2014-12-24,0.4597799911136107,0.46849289609460093,0.0717271127917884,1
2014-12-26,0.4584689693375388,0.4633006275218789,0.07823040314058223,1
2014-12-29,0.4584689693375388,0.4633006275218789,0.07823040314058223,1
2014-12-30,0.4584689693375388,0.4633006275218789,0.07823040314058223,1
2014-12-31,0.4584689693375388,0.4633006275218789,0.07823040314058223,1
2015-01-02,0.4584689693375388,0.4633006275218789,0.07823040314058223,1
2015-01-05,0.4584680336719099,0.46329968332224103,0.07823228300584899,1
2015-01-06,0.4584680336719099,0.46329968332224103,0.07823228300584899,1
2015-01-07,0.4584680336719099,0.46329968332224103,0.07823228300584899,1
2015-01-08,0.4584680336719099,0.46329968332224103,0.07823228300584899,1
2015-01-09,0.4584680336719099,0.46329968332224103,0.07823228300584899,1
2015-01-12,0.45846750278240567,0.463298771472857,0.07823372574473728,1
2015-01-13,0.45846750278240567,0.463298771472857,0.07823372574473728,1
2015-01-14,0.45846750278240567,0.463298771472857,0.07823372574473728,1
2015-01-15,0.45846750278240567,0.463298771472857,0.07823372574473728,1
2015-01-16,0.45846750278240567,0.463298771472857,0.07823372574473728,1
2015-01-20,0.4584674623019042,0.4632985521812516,0.07823398551684418,1
2015-01-21,0.4584674623019042,0.4632985521812516,0.07823398551684418,1
2015-01-22,0.4584674623019042,0.4632985521812516,0.07823398551684418,1
2015-01-23,0.4584674623019042,0.4632985521812516,0.07823398551684418,1
2015-01-26,0.4584674623019042,0.4632985521812516,0.07823398551684418,1
2015-01-27,0.45846743963966324,0.4632972245705652,0.07823533578977157,1
2015-01-28,0.45846743963966324,0.4632972245705652,0.07823533578977157,1
2015-01-29,0.45846743963966324,0.4632972245705652,0.07823533578977157,1
2015-01-30,0.45846743963966324,0.4632972245705652,0.07823533578977157,1
2015-02-02,0.45846743963966324,0.4632972245705652,0.07823533578977157,1
2015-02-03,0.4584673903937927,0.4632924740832339,0.07824013552297332,1
2015-02-04,0.4584673903937927,0.4632924740832339,0.07824013552297332,1
2015-02-05,0.4584673903937927,0.4632924740832339,0.07824013552297332,1
2015-02-06,0.4584673903937927,0.4632924740832339,0.07824013552297332,1
2015-02-09,0.4584673903937927,0.4632924740832339,0.07824013552297332,1
2015-02-10,0.45847494062048044,0.4632844587298488,0.07824060064967066,1
2015-02-11,0.45847494062048044,0.4632844587298488,0.07824060064967066,1
2015-02-12,0.45847494062048044,0.4632844587298488,0.07824060064967066,0
2015-02-13,0.45847494062048044,0.4632844587298488,0.07824060064967066,0
2015-02-17,0.45847494062048044,0.4632844587298488,0.07824060064967066,0
2015-02-18,0.48431297137558554,0.5156870236717414,4.952673163582915e-09,0
2015-02-19,0.48431297137558554,0.5156870236717414,4.952673163582915e-09,0
2015-02-20,0.48431297137558554,0.5156870236717414,4.952673163582915e-09,0
2015-02-23,0.48431297137558554,0.5156870236717414,4.952673163582915e-09,0
2015-02-24,0.48431297137558554,0.5156870236717414,4.952673163582915e-09,0
2015-02-25,0.4773350872908252,0.5226649069787476,5.73042732569424e-09,0
2015-02-26,0.4773350872908252,0.5226649069787476,5.73042732569424e-09,0
2015-02-27,0.4773350872908252,0.5226649069787476,5.73042732569424e-09,0
2015-03-02,0.4773350872908252,0.5226649069787476,5.73042732569424e-09,0
2015-03-03,0.4773350872908252,0.5226649069787476,5.73042732569424e-09,0
2015-03-04,0.5057378210014382,0.49426217879557827,2.029836464680429e-10,0
2015-03-05,0.5057378210014382,0.49426217879557827,2.029836464680429e-10,0
2015-03-06,0.5057378210014382,0.49426217879557827,2.029836464680429e-10,0
2015-03-09,0.5057378210014382,0.49426217879557827,2.029836464680429e-10,0
2015-03-10,0.5057378210014382,0.49426217879557827,2.029836464680429e-10,0
2015-03-11,0.4427664213542989,0.5572335785200184,1.256827574511566e-10,0
2015-03-12,0.4427664213542989,0.5572335785200184,1.256827574511566e-10,0
2015-03-13,0.4427664213542989,0.5572335785200184,1.256827574511566e-10,0
2015-03-16,0.4427664213542989,0.5572335785200184,1.256827574511566e-10,0
2015-03-17,0.4427664213542989,0.5572335785200184,1.256827574511566e-10,0
2015-03-18,0.4601358934160857,0.5398641064426462,1.4126819138911252e-10,0
2015-03-19,0.4601358934160857,0.5398641064426462,1.4126819138911252e-10,0
2015-03-20,0.4601358934160857,0.5398641064426462,1.4126819138911252e-10,0
2015-03-23,0.4601358934160857,0.5398641064426462,1.4126819138911252e-10,0
2015-03-24,0.4601358934160857,0.5398641064426462,1.4126819138911252e-10,0
2015-03-25,0.45889034483442215,0.5411096530389766,2.126601225591222e-09,0
2015-03-26,0.45889034483442215,0.5411096530389766,2.126601225591222e-09,0
2015-03-27,0.45889034483442215,0.5411096530389766,2.126601225591222e-09,0
2015-03-30,0.45889034483442215,0.5411096530389766,2.126601225591222e-09,0
2015-03-31,0.45889034483442215,0.5411096530389766,2.126601225591222e-09,0
2015-04-01,0.4416956906138459,0.5583043084725094,9.136446361552944e-10,0
2015-04-02,0.4416956906138459,0.5583043084725094,9.136446361552944e-10,0
2015-04-06,0.4416956906138459,0.5583043084725094,9.136446361552944e-10,0
2015-04-07,0.4416956906138459,0.5583043084725094,9.136446361552944e-10,0
2015-04-08,0.4416956906138459,0.5583043084725094,9.136446361552944e-10,0
2015-04-09,0.4695493446237522,0.5304506523337911,3.04245664285965e-09,0
2015-04-10,0.4695493446237522,0.5304506523337911,3.04245664285965e-09,0
2015-04-13,0.4695493446237522,0.5304506523337911,3.04245664285965e-09,0
2015-04-14,0.4695493446237522,0.5304506523337911,3.04245664285965e-09,0
2015-04-15,0.4695493446237522,0.5304506523337911,3.04245664285965e-09,0
2015-04-16,0.5079270898912309,0.4920729090296639,1.0791052307388384e-09,0
2015-04-17,0.5079270898912309,0.4920729090296639,1.0791052307388384e-09,0
2015-04-20,0.5079270898912309,0.4920729090296639,1.0791052307388384e-09,0
2015-04-21,0.5079270898912309,0.4920729090296639,1.0791052307388384e-09,0
2015-04-22,0.5079270898912309,0.4920729090296639,1.0791052307388384e-09,0
2015-04-23,0.5011272861171306,0.49887271351605694,3.6681237231298565e-10,0
2015-04-24,0.5011272861171306,0.49887271351605694,3.6681237231298565e-10,0
2015-04-27,0.5011272861171306,0.49887271351605694,3.6681237231298565e-10,0
2015-04-28,0.5011272861171306,0.49887271351605694,3.6681237231298565e-10,0
2015-04-29,0.5011272861171306,0.49887271351605694,3.6681237231298565e-10,0
2015-04-30,0.5219928290928636,0.47800717070313875,2.039976621442626e-10,0
2015-05-01,0.5219928290928636,0.47800717070313875,2.039976621442626e-10,0
2015-05-04,0.5219928290928636,0.47800717070313875,2.039976621442626e-10,0
2015-05-05,0.5219928290928636,0.47800717070313875,2.039976621442626e-10,0
2015-05-06,0.5219928290928636,0.47800717070313875,2.039976621442626e-10,0
2015-05-07,0.5911025000380632,0.40889749996076014,1.1767427583407895e-12,0
2015-05-08,0.5911025000380632,0.40889749996076014,1.1767427583407895e-12,0
2015-05-11,0.5911025000380632,0.40889749996076014,1.1767427583407895e-12,0
2015-05-12,0.5911025000380632,0.40889749996076014,1.1767427583407895e-12,0
2015-05-13,0.5911025000380632,0.40889749996076014,1.1767427583407895e-12,0
2015-05-14,0.6064984277640562,0.3935015722313689,4.574967988956964e-12,0
2015-05-15,0.6064984277640562,0.3935015722313689,4.574967988956964e-12,0
2015-05-18,0.6064984277640562,0.3935015722313689,4.574967988956964e-12,0
2015-05-19,0.6064984277640562,0.3935015722313689,4.574967988956964e-12,0
2015-05-20,0.6064984277640562,0.3935015722313689,4.574967988956964e-12,0
2015-05-21,0.6696759583220315,0.33032404165507895,2.288952707294172e-11,0
2015-05-22,0.6696759583220315,0.33032404165507895,2.288952707294172e-11,0
2015-05-26,0.6696759583220315,0.33032404165507895,2.288952707294172e-11,0
2015-05-27,0.6696759583220315,0.33032404165507895,2.288952707294172e-11,0
2015-05-28,0.6696759583220315,0.33032404165507895,2.288952707294172e-11,0
2015-05-29,0.6141910148892143,0.3858089851064903,4.295357057814397e-12,0
2015-06-01,0.6141910148892143,0.3858089851064903,4.295357057814397e-12,0
2015-06-02,0.6141910148892143,0.3858089851064903,4.295357057814397e-12,0
2015-06-03,0.6141910148892143,0.3858089851064903,4.295357057814397e-12,0
2015-06-04,0.6141910148892143,0.3858089851064903,4.295357057814397e-12,0
2015-06-05,0.5862717533749167,0.4137282464515583,1.7352490144528881e-10,0
2015-06-08,0.5862717533749167,0.4137282464515583,1.7352490144528881e-10,0
2015-06-09,0.5862717533749167,0.4137282464515583,1.7352490144528881e-10,0
2015-06-10,0.5862717533749167,0.4137282464515583,1.7352490144528881e-10,0
2015-06-11,0.5862717533749167,0.4137282464515583,1.7352490144528881e-10,0
2015-06-12,0.6037375877227751,0.3962624122724361,4.788906769391689e-12,0
2015-06-15,0.6037375877227751,0.3962624122724361,4.788906769391689e-12,0
2015-06-16,0.6037375877227751,0.3962624122724361,4.788906769391689e-12,0
2015-06-17,0.6037375877227751,0.3962624122724361,4.788906769391689e-12,0
2015-06-18,0.6037375877227751,0.3962624122724361,4.788906769391689e-12,0
2015-06-19,0.6382123615668569,0.36178763840264283,3.050016361685867e-11,0
2015-06-22,0.6382123615668569,0.36178763840264283,3.050016361685867e-11,0
2015-06-23,0.6382123615668569,0.36178763840264283,3.050016361685867e-11,0
2015-06-24,0.6382123615668569,0.36178763840264283,3.050016361685867e-11,0
2015-06-25,0.6382123615668569,0.36178763840264283,3.050016361685867e-11,0
2015-06-26,0.6699662876376119,0.330033712352019,1.0369100009369873e-11,0
2015-06-29,0.6699662876376119,0.330033712352019,1.0369100009369873e-11,1
2015-06-30,0.6699662876376119,0.330033712352019,1.0369100009369873e-11,1
2015-07-01,0.6699662876376119,0.330033712352019,1.0369100009369873e-11,1
2015-07-02,0.6699662876376119,0.330033712352019,1.0369100009369873e-11,1
2015-07-06,0.5321547604244324,0.33003561642426965,0.13780962315129808,1
2015-07-07,0.5321547604244324,0.33003561642426965,0.13780962315129808,1
2015-07-08,0.5321547604244324,0.33003561642426965,0.13780962315129808,1
2015-07-09,0.5321547604244324,0.33003561642426965,0.13780962315129808,1
2015-07-10,0.5321547604244324,0.33003561642426965,0.13780962315129808,1
2015-07-13,0.6596196696185316,0.34038033036760257,1.3866074734467492e-11,0
2015-07-14,0.6596196696185316,0.34038033036760257,1.3866074734467492e-11,0
2015-07-15,0.6596196696185316,0.34038033036760257,1.3866074734467492e-11,0
2015-07-16,0.6596196696185316,0.34038033036760257,1.3866074734467492e-11,0
2015-07-17,0.6596196696185316,0.34038033036760257,1.3866074734467492e-11,0
2015-07-20,0.6837968433550842,0.3162031566362733,8.64260347319853e-12,0
2015-07-21,0.6837968433550842,0.3162031566362733,8.64260347319853e-12,0
2015-07-22,0.6837968433550842,0.3162031566362733,8.64260347319853e-12,0
2015-07-23,0.6837968433550842,0.3162031566362733,8.64260347319853e-12,0
2015-07-24,0.6837968433550842,0.3162031566362733,8.64260347319853e-12,0
2015-07-27,0.5033189720510902,0.49668102790816904,4.0740775150873906e-11,0
2015-07-28,0.5033189720510902,0.49668102790816904,4.0740775150873906e-11,0
2015-07-29,0.5033189720510902,0.49668102790816904,4.0740775150873906e-11,0
2015-07-30,0.5033189720510902,0.49668102790816904,4.0740775150873906e-11,0
2015-07-31,0.5033189720510902,0.49668102790816904,4.0740775150873906e-11,0
2015-08-03,0.5859626643974691,0.4140373355637591,3.8771839316585544e-11,0
2015-08-04,0.5859626643974691,0.4140373355637591,3.8771839316585544e-11,0
2015-08-05,0.5859626643974691,0.4140373355637591,3.8771839316585544e-11,0
2015-08-06,0.5859626643974691,0.4140373355637591,3.8771839316585544e-11,0
2015-08-07,0.5859626643974691,0.4140373355637591,3.8771839316585544e-11,0
2015-08-10,0.5896835322093184,0.41031646773804,5.264157592945041e-11,0
2015-08-11,0.5896835322093184,0.41031646773804,5.264157592945041e-11,0
2015-08-12,0.5896835322093184,0.41031646773804,5.264157592945041e-11,0
2015-08-13,0.5896835322093184,0.41031646773804,5.264157592945041e-11,0
2015-08-14,0.5896835322093184,0.41031646773804,5.264157592945041e-11,0
2015-08-17,0.5743097945129074,0.42569020532607893,1.610135683535569e-10,0
2015-08-18,0.5743097945129074,0.42569020532607893,1.610135683535569e-10,0
2015-08-19,0.5743097945129074,0.42569020532607893,1.610135683535569e-10,0
2015-08-20,0.5743097945129074,0.42569020532607893,1.610135683535569e-10,1
2015-08-21,0.5743097945129074,0.42569020532607893,1.610135683535569e-10,2
2015-08-24,0.5736196626110095,0.42569002015127433,0.0006903172377163164,2
2015-08-25,0.5736196626110095,0.42569002015127433,0.0006903172377163164,2
2015-08-26,0.5736196626110095,0.42569002015127433,0.0006903172377163164,2
2015-08-27,0.5736196626110095,0.42569002015127433,0.0006903172377163164,2
2015-08-28,0.5736196626110095,0.42569002015127433,0.0006903172377163164,2
2015-08-31,0.5338754425552458,0.42568992962418106,0.040434627820573124,2
2015-09-01,0.5338754425552458,0.42568992962418106,0.040434627820573124,2
2015-09-02,0.5338754425552458,0.42568992962418106,0.040434627820573124,2
2015-09-03,0.5338754425552458,0.42568992962418106,0.040434627820573124,2
2015-09-04,0.5338754425552458,0.42568992962418106,0.040434627820573124,2
2015-09-08,0.5156251370315091,0.42568992690111995,0.05868493606737089,2
2015-09-09,0.5156251370315091,0.42568992690111995,0.05868493606737089,2
2015-09-10,0.5156251370315091,0.42568992690111995,0.05868493606737089,2
2015-09-11,0.5156251370315091,0.42568992690111995,0.05868493606737089,2
2015-09-14,0.5156251370315091,0.42568992690111995,0.05868493606737089,2
2015-09-15,0.5111789187683623,0.4256899252302288,0.06313115600140896,2
2015-09-16,0.5111789187683623,0.4256899252302288,0.06313115600140896,2
2015-09-17,0.5111789187683623,0.4256899252302288,0.06313115600140896,2
2015-09-18,0.5111789187683623,0.4256899252302288,0.06313115600140896,2
2015-09-21,0.5111789187683623,0.4256899252302288,0.06313115600140896,2
2015-09-22,0.44461567263080937,0.38834368128675817,0.16704064608243258,1
2015-09-23,0.44461567263080937,0.38834368128675817,0.16704064608243258,1
2015-09-24,0.44461567263080937,0.38834368128675817,0.16704064608243258,1
2015-09-25,0.44461567263080937,0.38834368128675817,0.16704064608243258,1
2015-09-28,0.44461567263080937,0.38834368128675817,0.16704064608243258,1
2015-09-29,0.44461386231993943,0.38834347785010054,0.16704265982996,1
2015-09-30,0.44461386231993943,0.38834347785010054,0.16704265982996,1
2015-10-01,0.44461386231993943,0.38834347785010054,0.16704265982996,1
2015-10-02,0.44461386231993943,0.38834347785010054,0.16704265982996,1
2015-10-05,0.44461386231993943,0.38834347785010054,0.16704265982996,1
2015-10-06,0.4445303970825706,0.38834343828711193,0.16712616463031757,1
2015-10-07,0.4445303970825706,0.38834343828711193,0.16712616463031757,1
2015-10-08,0.4445303970825706,0.38834343828711193,0.16712616463031757,1
2015-10-09,0.4445303970825706,0.38834343828711193,0.16712616463031757,1
2015-10-12,0.4445303970825706,0.38834343828711193,0.16712616463031757,1
2015-10-13,0.44453011705814427,0.3883433667856814,0.1671265161561742,1
2015-10-14,0.44453011705814427,0.3883433667856814,0.1671265161561742,1
2015-10-15,0.44453011705814427,0.3883433667856814,0.1671265161561742,1
2015-10-16,0.44453011705814427,0.3883433667856814,0.1671265161561742,1
2015-10-19,0.44453011705814427,0.3883433667856814,0.1671265161561742,1
2015-10-20,0.44453005486806435,0.388343338282459,0.16712660684947672,1
2015-10-21,0.44453005486806435,0.388343338282459,0.16712660684947672,1
2015-10-22,0.44453005486806435,0.388343338282459,0.16712660684947672,1
2015-10-23,0.44453005486806435,0.388343338282459,0.16712660684947672,1
2015-10-26,0.44453005486806435,0.388343338282459,0.16712660684947672,0
2015-10-27,0.557307328947329,0.44269267101782744,3.48433644245326e-11,0
2015-10-28,0.557307328947329,0.44269267101782744,3.48433644245326e-11,0
2015-10-29,0.557307328947329,0.44269267101782744,3.48433644245326e-11,0
2015-10-30,0.557307328947329,0.44269267101782744,3.48433644245326e-11,0
2015-11-02,0.557307328947329,0.44269267101782744,3.48433644245326e-11,0
2015-11-03,0.5922224113373765,0.4077775885522881,1.1033530274220451e-10,0
2015-11-04,0.5922224113373765,0.4077775885522881,1.1033530274220451e-10,0
2015-11-05,0.5922224113373765,0.4077775885522881,1.1033530274220451e-10,0
2015-11-06,0.5922224113373765,0.4077775885522881,1.1033530274220451e-10,0
2015-11-09,0.5922224113373765,0.4077775885522881,1.1033530274220451e-10,0
2015-11-10,0.9999999999974257,2.3677023388045703e-12,2.0660640643664465e-13,0
2015-11-11,0.9999999999974257,2.3677023388045703e-12,2.0660640643664465e-13,0
2015-11-12,0.9999999999974257,2.3677023388045703e-12,2.0660640643664465e-13,1
2015-11-13,0.9999999999974257,2.3677023388045703e-12,2.0660640643664465e-13,1
2015-11-16,0.9999999999974257,2.3677023388045703e-12,2.0660640643664465e-13,1
2015-11-17,0.4475382315174763,0.3602191272032203,0.19224264127930332,1
2015-11-18,0.4475382315174763,0.3602191272032203,0.19224264127930332,1
2015-11-19,0.4475382315174763,0.3602191272032203,0.19224264127930332,0
2015-11-20,0.4475382315174763,0.3602191272032203,0.19224264127930332,0
2015-11-23,0.4475382315174763,0.3602191272032203,0.19224264127930332,0
2015-11-24,0.4229629172261839,0.3658605262866355,0.2111765564871806,0
2015-11-25,0.4229629172261839,0.3658605262866355,0.2111765564871806,0
2015-11-27,0.4229629172261839,0.3658605262866355,0.2111765564871806,0
2015-11-30,0.4229629172261839,0.3658605262866355,0.2111765564871806,0
2015-12-01,0.4229629172261839,0.3658605262866355,0.2111765564871806,0
2015-12-02,0.9999999999763827,2.191727530626324e-11,1.6999403197831396e-12,0
2015-12-03,0.9999999999763827,2.191727530626324e-11,1.6999403197831396e-12,1
2015-12-04,0.9999999999763827,2.191727530626324e-11,1.6999403197831396e-12,1
2015-12-07,0.9999999999763827,2.191727530626324e-11,1.6999403197831396e-12,1
2015-12-08,0.9999999999763827,2.191727530626324e-11,1.6999403197831396e-12,1
2015-12-09,0.4313232854455038,0.3499715333579317,0.21870518119656449,1
2015-12-10,0.4313232854455038,0.3499715333579317,0.21870518119656449,1
2015-12-11,0.4313232854455038,0.3499715333579317,0.21870518119656449,1
2015-12-14,0.4313232854455038,0.3499715333579317,0.21870518119656449,1
2015-12-15,0.4313232854455038,0.3499715333579317,0.21870518119656449,1
2015-12-16,0.42733940559972466,0.3499715452706408,0.22268904912963453,1
2015-12-17,0.42733940559972466,0.3499715452706408,0.22268904912963453,1
2015-12-18,0.42733940559972466,0.3499715452706408,0.22268904912963453,1
2015-12-21,0.42733940559972466,0.3499715452706408,0.22268904912963453,1
2015-12-22,0.42733940559972466,0.3499715452706408,0.22268904912963453,1
2015-12-23,0.42733802887750105,0.3499720644427262,0.2226899066797727,1
2015-12-24,0.42733802887750105,0.3499720644427262,0.2226899066797727,1
2015-12-28,0.42733802887750105,0.3499720644427262,0.2226899066797727,1
2015-12-29,0.42733802887750105,0.3499720644427262,0.2226899066797727,1
2015-12-30,0.42733802887750105,0.3499720644427262,0.2226899066797727,1
2015-12-31,0.42678789305804016,0.35050667956886966,0.22270542737309024,1
2016-01-04,0.42678789305804016,0.35050667956886966,0.22270542737309024,1
2016-01-05,0.42678789305804016,0.35050667956886966,0.22270542737309024,1
2016-01-06,0.42678789305804016,0.35050667956886966,0.22270542737309024,1
2016-01-07,0.42678789305804016,0.35050667956886966,0.22270542737309024,1
2016-01-08,0.4204474581247084,0.35060998118930387,0.22894256068598773,1
2016-01-11,0.4204474581247084,0.35060998118930387,0.22894256068598773,1
2016-01-12,0.4204474581247084,0.35060998118930387,0.22894256068598773,1
2016-01-13,0.4204474581247084,0.35060998118930387,0.22894256068598773,1
2016-01-14,0.4204474581247084,0.35060998118930387,0.22894256068598773,1
2016-01-15,0.4141387979801449,0.35062447782551587,0.23523672419433933,1
2016-01-19,0.4141387979801449,0.35062447782551587,0.23523672419433933,1
2016-01-20,0.4141387979801449,0.35062447782551587,0.23523672419433933,1
2016-01-21,0.4141387979801449,0.35062447782551587,0.23523672419433933,1
2016-01-22,0.4141387979801449,0.35062447782551587,0.23523672419433933,1
2016-01-25,0.4042964633438025,0.35062471145481566,0.24507882520138186,1
2016-01-26,0.4042964633438025,0.35062471145481566,0.24507882520138186,1
2016-01-27,0.4042964633438025,0.35062471145481566,0.24507882520138186,1
2016-01-28,0.4042964633438025,0.35062471145481566,0.24507882520138186,1
2016-01-29,0.4042964633438025,0.35062471145481566,0.24507882520138186,1
2016-02-01,0.39455240617980497,0.3506250347609016,0.2548225590592934,1
2016-02-02,0.39455240617980497,0.3506250347609016,0.2548225590592934,1
2016-02-03,0.39455240617980497,0.3506250347609016,0.2548225590592934,1
2016-02-04,0.39455240617980497,0.3506250347609016,0.2548225590592934,1
2016-02-05,0.39455240617980497,0.3506250347609016,0.2548225590592934,1
2016-02-08,0.3872788090543795,0.35063353538088515,0.2620876555647353,1
2016-02-09,0.3872788090543795,0.35063353538088515,0.2620876555647353,1
2016-02-10,0.3872788090543795,0.35063353538088515,0.2620876555647353,1
2016-02-11,0.3872788090543795,0.35063353538088515,0.2620876555647353,1
2016-02-12,0.3872788090543795,0.35063353538088515,0.2620876555647353,1
2016-02-16,0.3872761082127831,0.35063447555993077,0.2620894162272861,1
2016-02-17,0.3872761082127831,0.35063447555993077,0.2620894162272861,1
2016-02-18,0.3872761082127831,0.35063447555993077,0.2620894162272861,1
2016-02-19,0.3872761082127831,0.35063447555993077,0.2620894162272861,1
2016-02-22,0.3872761082127831,0.35063447555993077,0.2620894162272861,1
2016-02-23,0.3872746499219223,0.3506358595800624,0.26208949049801533,1
2016-02-24,0.3872746499219223,0.3506358595800624,0.26208949049801533,1
2016-02-25,0.3872746499219223,0.3506358595800624,0.26208949049801533,1
2016-02-26,0.3872746499219223,0.3506358595800624,0.26208949049801533,1
2016-02-29,0.3872746499219223,0.3506358595800624,0.26208949049801533,1
2016-03-01,0.3872661336346384,0.3506444348083609,0.2620894315570007,1
2016-03-02,0.3872661336346384,0.3506444348083609,0.2620894315570007,1
2016-03-03,0.3872661336346384,0.3506444348083609,0.2620894315570007,1
2016-03-04,0.3872661336346384,0.3506444348083609,0.2620894315570007,1
2016-03-07,0.3872661336346384,0.3506444348083609,0.2620894315570007,1
2016-03-08,0.3836136120558087,0.3542969916634023,0.2620893962807891,1
2016-03-09,0.3836136120558087,0.3542969916634023,0.2620893962807891,1
2016-03-10,0.3836136120558087,0.3542969916634023,0.2620893962807891,1
2016-03-11,0.3836136120558087,0.3542969916634023,0.2620893962807891,1
2016-03-14,0.3836136120558087,0.3542969916634023,0.2620893962807891,1
2016-03-15,4.203404304829548e-12,1.704952204505116e-10,0.9999999998253014,0
2016-03-16,4.203404304829548e-12,1.704952204505116e-10,0.9999999998253014,0
2016-03-17,4.203404304829548e-12,1.704952204505116e-10,0.9999999998253014,0
2016-03-18,4.203404304829548e-12,1.704952204505116e-10,0.9999999998253014,0
2016-03-21,4.203404304829548e-12,1.704952204505116e-10,0.9999999998253014,0
2016-03-22,8.215143658153918e-11,1.5881120592112342e-10,0.9999999997590373,0
2016-03-23,8.215143658153918e-11,1.5881120592112342e-10,0.9999999997590373,0
2016-03-24,8.215143658153918e-11,1.5881120592112342e-10,0.9999999997590373,0
2016-03-28,8.215143658153918e-11,1.5881120592112342e-10,0.9999999997590373,0
2016-03-29,8.215143658153918e-11,1.5881120592112342e-10,0.9999999997590373,0
2016-03-30,0.3809044154191489,0.39394155013356147,0.22515403444728968,0
2016-03-31,0.3809044154191489,0.39394155013356147,0.22515403444728968,0
2016-04-01,0.3809044154191489,0.39394155013356147,0.22515403444728968,0
2016-04-04,0.3809044154191489,0.39394155013356147,0.22515403444728968,0
2016-04-05,0.3809044154191489,0.39394155013356147,0.22515403444728968,0
2016-04-06,4.8410446683187475e-12,0.9999999999878162,7.34276346955467e-12,0
2016-04-07,4.8410446683187475e-12,0.9999999999878162,7.34276346955467e-12,0
2016-04-08,4.8410446683187475e-12,0.9999999999878162,7.34276346955467e-12,0
2016-04-11,4.8410446683187475e-12,0.9999999999878162,7.34276346955467e-12,0
2016-04-12,4.8410446683187475e-12,0.9999999999878162,7.34276346955467e-12,0
2016-04-13,2.3746989273259124e-11,1.5860412039365352e-10,0.999999999817649,0
2016-04-14,2.3746989273259124e-11,1.5860412039365352e-10,0.999999999817649,0
2016-04-15,2.3746989273259124e-11,1.5860412039365352e-10,0.999999999817649,0
2016-04-18,2.3746989273259124e-11,1.5860412039365352e-10,0.999999999817649,0
2016-04-19,2.3746989273259124e-11,1.5860412039365352e-10,0.999999999817649,0
2016-04-20,1.2077258992518586e-12,1.5491082866784525e-11,0.9999999999833011,0
2016-04-21,1.2077258992518586e-12,1.5491082866784525e-11,0.9999999999833011,0
2016-04-22,1.2077258992518586e-12,1.5491082866784525e-11,0.9999999999833011,0
2016-04-25,1.2077258992518586e-12,1.5491082866784525e-11,0.9999999999833011,0
2016-04-26,1.2077258992518586e-12,1.5491082866784525e-11,0.9999999999833011,0
2016-04-27,0.3793333100300206,0.3929169498877697,0.22774974008220966,0
2016-04-28,0.3793333100300206,0.3929169498877697,0.22774974008220966,0
2016-04-29,0.3793333100300206,0.3929169498877697,0.22774974008220966,0
2016-05-02,0.3793333100300206,0.3929169498877697,0.22774974008220966,0
2016-05-03,0.3793333100300206,0.3929169498877697,0.22774974008220966,0
2016-05-04,2.9906491415595257e-11,0.5587881704827977,0.44121182948729576,0
2016-05-05,2.9906491415595257e-11,0.5587881704827977,0.44121182948729576,0
2016-05-06,2.9906491415595257e-11,0.5587881704827977,0.44121182948729576,0
2016-05-09,2.9906491415595257e-11,0.5587881704827977,0.44121182948729576,0
2016-05-10,2.9906491415595257e-11,0.5587881704827977,0.44121182948729576,0
2016-05-11,0.11144423374574716,0.8313482149151286,0.05720755133912429,0
2016-05-12,0.11144423374574716,0.8313482149151286,0.05720755133912429,0
2016-05-13,0.11144423374574716,0.8313482149151286,0.05720755133912429,0
2016-05-16,0.11144423374574716,0.8313482149151286,0.05720755133912429,0
2016-05-17,0.11144423374574716,0.8313482149151286,0.05720755133912429,0
2016-05-18,1.64442326335075e-11,0.9999999998181125,1.6544310600630474e-10,0
2016-05-19,1.64442326335075e-11,0.9999999998181125,1.6544310600630474e-10,0
2016-05-20,1.64442326335075e-11,0.9999999998181125,1.6544310600630474e-10,0
2016-05-23,1.64442326335075e-11,0.9999999998181125,1.6544310600630474e-10,0
2016-05-24,1.64442326335075e-11,0.9999999998181125,1.6544310600630474e-10,0
2016-05-25,2.0803891416049666e-10,0.9999999984332676,1.3586933723698595e-09,0
2016-05-26,2.0803891416049666e-10,0.9999999984332676,1.3586933723698595e-09,0
2016-05-27,2.0803891416049666e-10,0.9999999984332676,1.3586933723698595e-09,0
2016-05-31,2.0803891416049666e-10,0.9999999984332676,1.3586933723698595e-09,0
2016-06-01,2.0803891416049666e-10,0.9999999984332676,1.3586933723698595e-09,0
2016-06-02,0.160632891549113,0.8393671076289511,8.21935879486484e-10,0
2016-06-03,0.160632891549113,0.8393671076289511,8.21935879486484e-10,0
2016-06-06,0.160632891549113,0.8393671076289511,8.21935879486484e-10,0
2016-06-07,0.160632891549113,0.8393671076289511,8.21935879486484e-10,0
2016-06-08,0.160632891549113,0.8393671076289511,8.21935879486484e-10,0
2016-06-09,0.2795478746531403,0.7204521127230525,1.2623807120473702e-08,0
2016-06-10,0.2795478746531403,0.7204521127230525,1.2623807120473702e-08,1
2016-06-13,0.2795478746531403,0.7204521127230525,1.2623807120473702e-08,1
2016-06-14,0.2795478746531403,0.7204521127230525,1.2623807120473702e-08,1
2016-06-15,0.2795478746531403,0.7204521127230525,1.2623807120473702e-08,1
2016-06-16,0.37738836424740324,0.48011386354466473,0.14249777220793206,1
2016-06-17,0.37738836424740324,0.48011386354466473,0.14249777220793206,1
2016-06-20,0.37738836424740324,0.48011386354466473,0.14249777220793206,1
2016-06-21,0.37738836424740324,0.48011386354466473,0.14249777220793206,1
2016-06-22,0.37738836424740324,0.48011386354466473,0.14249777220793206,1
2016-06-23,0.3773891651627841,0.4801000422567195,0.14251079258049637,1
2016-06-24,0.3773891651627841,0.4801000422567195,0.14251079258049637,2
2016-06-27,0.3773891651627841,0.4801000422567195,0.14251079258049637,1
2016-06-28,0.3773891651627841,0.4801000422567195,0.14251079258049637,1
2016-06-29,0.3773891651627841,0.4801000422567195,0.14251079258049637,1
2016-06-30,0.37739246360657813,0.48009625276645507,0.1425112836269668,1
2016-07-01,0.37739246360657813,0.48009625276645507,0.1425112836269668,1
2016-07-05,0.37739246360657813,0.48009625276645507,0.1425112836269668,1
2016-07-06,0.37739246360657813,0.48009625276645507,0.1425112836269668,1
2016-07-07,0.37739246360657813,0.48009625276645507,0.1425112836269668,1
2016-07-08,0.3773926031848575,0.48009610487513826,0.14251129194000423,1
2016-07-11,0.3773926031848575,0.48009610487513826,0.14251129194000423,1
2016-07-12,0.3773926031848575,0.48009610487513826,0.14251129194000423,1
2016-07-13,0.3773926031848575,0.48009610487513826,0.14251129194000423,1
2016-07-14,0.3773926031848575,0.48009610487513826,0.14251129194000423,1
2016-07-15,0.37739411494123803,0.4800946924113039,0.14251119264745815,1
2016-07-18,0.37739411494123803,0.4800946924113039,0.14251119264745815,1
2016-07-19,0.37739411494123803,0.4800946924113039,0.14251119264745815,1
2016-07-20,0.37739411494123803,0.4800946924113039,0.14251119264745815,1
2016-07-21,0.37739411494123803,0.4800946924113039,0.14251119264745815,1
2016-07-22,0.377404326781772,0.4800847787586845,0.14251089445954343,1
2016-07-25,0.377404326781772,0.4800847787586845,0.14251089445954343,0
2016-07-26,0.377404326781772,0.4800847787586845,0.14251089445954343,0
2016-07-27,0.377404326781772,0.4800847787586845,0.14251089445954343,0
2016-07-28,0.377404326781772,0.4800847787586845,0.14251089445954343,0
2016-07-29,0.2707921108652119,0.4941885094694066,0.23501937966538147,0
2016-08-01,0.2707921108652119,0.4941885094694066,0.23501937966538147,0
2016-08-02,0.2707921108652119,0.4941885094694066,0.23501937966538147,0
2016-08-03,0.2707921108652119,0.4941885094694066,0.23501937966538147,0
2016-08-04,0.2707921108652119,0.4941885094694066,0.23501937966538147,0
2016-08-05,0.26332283896911113,0.39961681687615735,0.3370603441547314,0
2016-08-08,0.26332283896911113,0.39961681687615735,0.3370603441547314,0
2016-08-09,0.26332283896911113,0.39961681687615735,0.3370603441547314,0
2016-08-10,0.26332283896911113,0.39961681687615735,0.3370603441547314,0
2016-08-11,0.26332283896911113,0.39961681687615735,0.3370603441547314,0
2016-08-12,0.3000910332253082,0.4348906507065315,0.2650183160681604,0
2016-08-15,0.3000910332253082,0.4348906507065315,0.2650183160681604,0
2016-08-16,0.3000910332253082,0.4348906507065315,0.2650183160681604,0
2016-08-17,0.3000910332253082,0.4348906507065315,0.2650183160681604,0
2016-08-18,0.3000910332253082,0.4348906507065315,0.2650183160681604,0
2016-08-19,0.30448989805442583,0.41735478459599634,0.2781553173495778,0
2016-08-22,0.30448989805442583,0.41735478459599634,0.2781553173495778,0
2016-08-23,0.30448989805442583,0.41735478459599634,0.2781553173495778,0
2016-08-24,0.30448989805442583,0.41735478459599634,0.2781553173495778,0
2016-08-25,0.30448989805442583,0.41735478459599634,0.2781553173495778,0
2016-08-26,0.3980039049383198,0.45630548883132704,0.14569060623035315,0
2016-08-29,0.3980039049383198,0.45630548883132704,0.14569060623035315,0
2016-08-30,0.3980039049383198,0.45630548883132704,0.14569060623035315,0
2016-08-31,0.3980039049383198,0.45630548883132704,0.14569060623035315,0
2016-09-01,0.3980039049383198,0.45630548883132704,0.14569060623035315,0
2016-09-02,0.40643750345930385,0.49146889741725736,0.10209359912343875,0
2016-09-06,0.40643750345930385,0.49146889741725736,0.10209359912343875,0
2016-09-07,0.40643750345930385,0.49146889741725736,0.10209359912343875,0
2016-09-08,0.40643750345930385,0.49146889741725736,0.10209359912343875,0
2016-09-09,0.40643750345930385,0.49146889741725736,0.10209359912343875,1
2016-09-12,0.41975383590727144,0.468833761759945,0.11141240233278361,1
2016-09-13,0.41975383590727144,0.468833761759945,0.11141240233278361,1
2016-09-14,0.41975383590727144,0.468833761759945,0.11141240233278361,1
2016-09-15,0.41975383590727144,0.468833761759945,0.11141240233278361,1
2016-09-16,0.41975383590727144,0.468833761759945,0.11141240233278361,0
2016-09-19,0.3705041708230171,0.44952132330037725,0.1799745058766056,0
2016-09-20,0.3705041708230171,0.44952132330037725,0.1799745058766056,0
2016-09-21,0.3705041708230171,0.44952132330037725,0.1799745058766056,0
2016-09-22,0.3705041708230171,0.44952132330037725,0.1799745058766056,0
2016-09-23,0.3705041708230171,0.44952132330037725,0.1799745058766056,0
2016-09-26,0.4201720708269737,0.4073699546721779,0.1724579745008483,0
2016-09-27,0.4201720708269737,0.4073699546721779,0.1724579745008483,0
2016-09-28,0.4201720708269737,0.4073699546721779,0.1724579745008483,0
2016-09-29,0.4201720708269737,0.4073699546721779,0.1724579745008483,0
2016-09-30,0.4201720708269737,0.4073699546721779,0.1724579745008483,0
2016-10-03,0.42988368756718687,0.34162914570753694,0.22848716672527628,0
2016-10-04,0.42988368756718687,0.34162914570753694,0.22848716672527628,0
2016-10-05,0.42988368756718687,0.34162914570753694,0.22848716672527628,0
2016-10-06,0.42988368756718687,0.34162914570753694,0.22848716672527628,0
2016-10-07,0.42988368756718687,0.34162914570753694,0.22848716672527628,0
2016-10-10,0.3941696682675368,0.5278868381836294,0.07794349354883391,0
2016-10-11,0.3941696682675368,0.5278868381836294,0.07794349354883391,0
2016-10-12,0.3941696682675368,0.5278868381836294,0.07794349354883391,0
2016-10-13,0.3941696682675368,0.5278868381836294,0.07794349354883391,0
2016-10-14,0.3941696682675368,0.5278868381836294,0.07794349354883391,0
2016-10-17,0.42385202078416345,0.5761479774240642,1.7917724277166035e-09,0
2016-10-18,0.42385202078416345,0.5761479774240642,1.7917724277166035e-09,0
2016-10-19,0.42385202078416345,0.5761479774240642,1.7917724277166035e-09,0
2016-10-20,0.42385202078416345,0.5761479774240642,1.7917724277166035e-09,0
2016-10-21,0.42385202078416345,0.5761479774240642,1.7917724277166035e-09,0
2016-10-24,0.3613796271504521,0.5514186574012931,0.08720171544825484,0
2016-10-25,0.3613796271504521,0.5514186574012931,0.08720171544825484,0
2016-10-26,0.3613796271504521,0.5514186574012931,0.08720171544825484,0
2016-10-27,0.3613796271504521,0.5514186574012931,0.08720171544825484,0
2016-10-28,0.3613796271504521,0.5514186574012931,0.08720171544825484,0
2016-10-31,0.4191782594022386,0.46807428410056967,0.1127474564971917,1
2016-11-01,0.4191782594022386,0.46807428410056967,0.1127474564971917,1
2016-11-02,0.4191782594022386,0.46807428410056967,0.1127474564971917,1
2016-11-03,0.4191782594022386,0.46807428410056967,0.1127474564971917,1
2016-11-04,0.4191782594022386,0.46807428410056967,0.1127474564971917,1
2016-11-07,0.41922002359187543,0.46125351636780026,0.11952646004032434,1
2016-11-08,0.41922002359187543,0.46125351636780026,0.11952646004032434,1
2016-11-09,0.41922002359187543,0.46125351636780026,0.11952646004032434,1
2016-11-10,0.41922002359187543,0.46125351636780026,0.11952646004032434,0
2016-11-11,0.41922002359187543,0.46125351636780026,0.11952646004032434,0
2016-11-14,0.4537117855921558,2.2670895650002682e-08,0.5462881917369485,0
2016-11-15,0.4537117855921558,2.2670895650002682e-08,0.5462881917369485,0
2016-11-16,0.4537117855921558,2.2670895650002682e-08,0.5462881917369485,0
2016-11-17,0.4537117855921558,2.2670895650002682e-08,0.5462881917369485,0
2016-11-18,0.4537117855921558,2.2670895650002682e-08,0.5462881917369485,0
2016-11-21,0.45022491132335674,5.955474843762609e-10,0.5497750880810959,0
2016-11-22,0.45022491132335674,5.955474843762609e-10,0.5497750880810959,0
2016-11-23,0.45022491132335674,5.955474843762609e-10,0.5497750880810959,0
2016-11-25,0.45022491132335674,5.955474843762609e-10,0.5497750880810959,0
2016-11-28,0.45022491132335674,5.955474843762609e-10,0.5497750880810959,0
2016-11-29,0.44988985657560343,2.0496984411924575e-09,0.550110141374698,0
2016-11-30,0.44988985657560343,2.0496984411924575e-09,0.550110141374698,0
2016-12-01,0.44988985657560343,2.0496984411924575e-09,0.550110141374698,0
2016-12-02,0.44988985657560343,2.0496984411924575e-09,0.550110141374698,0
2016-12-05,0.44988985657560343,2.0496984411924575e-09,0.550110141374698,0
2016-12-06,0.5838789223557671,1.0616435663197367e-10,0.41612107753806865,0
2016-12-07,0.5838789223557671,1.0616435663197367e-10,0.41612107753806865,0
2016-12-08,0.5838789223557671,1.0616435663197367e-10,0.41612107753806865,0
2016-12-09,0.5838789223557671,1.0616435663197367e-10,0.41612107753806865,0
2016-12-12,0.5838789223557671,1.0616435663197367e-10,0.41612107753806865,0
2016-12-13,0.6841724915243254,1.7082403945759275e-11,0.31582750845859225,0
2016-12-14,0.6841724915243254,1.7082403945759275e-11,0.31582750845859225,0
2016-12-15,0.6841724915243254,1.7082403945759275e-11,0.31582750845859225,0
2016-12-16,0.6841724915243254,1.7082403945759275e-11,0.31582750845859225,0
2016-12-19,0.6841724915243254,1.7082403945759275e-11,0.31582750845859225,0
2016-12-20,0.7120682816386736,3.034637411407912e-11,0.28793171833098,0
2016-12-21,0.7120682816386736,3.034637411407912e-11,0.28793171833098,0
2016-12-22,0.7120682816386736,3.034637411407912e-11,0.28793171833098,0
2016-12-23,0.7120682816386736,3.034637411407912e-11,0.28793171833098,0
2016-12-27,0.7120682816386736,3.034637411407912e-11,0.28793171833098,0
2016-12-28,0.7039696434692949,3.141960034705816e-11,0.2960303564992854,0
2016-12-29,0.7039696434692949,3.141960034705816e-11,0.2960303564992854,0
2016-12-30,0.7039696434692949,3.141960034705816e-11,0.2960303564992854,0
2017-01-03,0.7039696434692949,3.141960034705816e-11,0.2960303564992854,0
2017-01-04,0.7039696434692949,3.141960034705816e-11,0.2960303564992854,0
2017-01-05,0.6916938229458162,2.658636951080687e-10,0.30830617678832023,0
2017-01-06,0.6916938229458162,2.658636951080687e-10,0.30830617678832023,0
2017-01-09,0.6916938229458162,2.658636951080687e-10,0.30830617678832023,0
2017-01-10,0.6916938229458162,2.658636951080687e-10,0.30830617678832023,0
2017-01-11,0.6916938229458162,2.658636951080687e-10,0.30830617678832023,0
2017-01-12,0.701929662312302,2.9787091529801614e-09,0.2980703347089889,0
2017-01-13,0.701929662312302,2.9787091529801614e-09,0.2980703347089889,0
2017-01-17,0.701929662312302,2.9787091529801614e-09,0.2980703347089889,0
2017-01-18,0.701929662312302,2.9787091529801614e-09,0.2980703347089889,0
2017-01-19,0.701929662312302,2.9787091529801614e-09,0.2980703347089889,0
2017-01-20,0.7361938361839245,2.562818606978432e-10,0.2638061635597936,0
2017-01-23,0.7361938361839245,2.562818606978432e-10,0.2638061635597936,0
2017-01-24,0.7361938361839245,2.562818606978432e-10,0.2638061635597936,0
2017-01-25,0.7361938361839245,2.562818606978432e-10,0.2638061635597936,0
2017-01-26,0.7361938361839245,2.562818606978432e-10,0.2638061635597936,0
2017-01-27,0.7935232878667912,6.837356059294286e-10,0.20647671144947333,0
2017-01-30,0.7935232878667912,6.837356059294286e-10,0.20647671144947333,0
2017-01-31,0.7935232878667912,6.837356059294286e-10,0.20647671144947333,0
2017-02-01,0.7935232878667912,6.837356059294286e-10,0.20647671144947333,0
2017-02-02,0.7935232878667912,6.837356059294286e-10,0.20647671144947333,0
2017-02-03,0.7753196287794355,2.394953715759554e-10,0.22468037098106913,0
2017-02-06,0.7753196287794355,2.394953715759554e-10,0.22468037098106913,0
2017-02-07,0.7753196287794355,2.394953715759554e-10,0.22468037098106913,0
2017-02-08,0.7753196287794355,2.394953715759554e-10,0.22468037098106913,0
2017-02-09,0.7753196287794355,2.394953715759554e-10,0.22468037098106913,0
2017-02-10,0.840994909869717,1.2904084640216087e-09,0.1590050888398745,0
2017-02-13,0.840994909869717,1.2904084640216087e-09,0.1590050888398745,0
2017-02-14,0.840994909869717,1.2904084640216087e-09,0.1590050888398745,0
2017-02-15,0.840994909869717,1.2904084640216087e-09,0.1590050888398745,0
2017-02-16,0.840994909869717,1.2904084640216087e-09,0.1590050888398745,0
2017-02-17,0.9183519136697876,1.0853288494328368e-10,0.08164808622167943,0
2017-02-21,0.9183519136697876,1.0853288494328368e-10,0.08164808622167943,0
2017-02-22,0.9183519136697876,1.0853288494328368e-10,0.08164808622167943,0
2017-02-23,0.9183519136697876,1.0853288494328368e-10,0.08164808622167943,0
2017-02-24,0.9183519136697876,1.0853288494328368e-10,0.08164808622167943,0
2017-02-27,0.8939775907084545,5.638400472754432e-09,0.10602240365314508,0
2017-02-28,0.8939775907084545,5.638400472754432e-09,0.10602240365314508,0
2017-03-01,0.8939775907084545,5.638400472754432e-09,0.10602240365314508,0
2017-03-02,0.8939775907084545,5.638400472754432e-09,0.10602240365314508,0
2017-03-03,0.8939775907084545,5.638400472754432e-09,0.10602240365314508,0
2017-03-06,0.9999999476550228,2.2012007336294625e-09,5.014377659580745e-08,0
2017-03-07,0.9999999476550228,2.2012007336294625e-09,5.014377659580745e-08,0
2017-03-08,0.9999999476550228,2.2012007336294625e-09,5.014377659580745e-08,0
2017-03-09,0.9999999476550228,2.2012007336294625e-09,5.014377659580745e-08,0
2017-03-10,0.9999999476550228,2.2012007336294625e-09,5.014377659580745e-08,0
2017-03-13,0.9999999967956155,8.523218314365352e-10,2.352062789326712e-09,0
2017-03-14,0.9999999967956155,8.523218314365352e-10,2.352062789326712e-09,0
2017-03-15,0.9999999967956155,8.523218314365352e-10,2.352062789326712e-09,0
2017-03-16,0.9999999967956155,8.523218314365352e-10,2.352062789326712e-09,0
2017-03-17,0.9999999967956155,8.523218314365352e-10,2.352062789326712e-09,0
2017-03-20,0.999999999187989,6.040925579367488e-11,7.516017991985093e-10,0
2017-03-21,0.999999999187989,6.040925579367488e-11,7.516017991985093e-10,0
2017-03-22,0.999999999187989,6.040925579367488e-11,7.516017991985093e-10,0
2017-03-23,0.999999999187989,6.040925579367488e-11,7.516017991985093e-10,0
2017-03-24,0.999999999187989,6.040925579367488e-11,7.516017991985093e-10,0
2017-03-27,0.8988179843345768,7.751388978941327e-11,0.10118201558790926,0
2017-03-28,0.8988179843345768,7.751388978941327e-11,0.10118201558790926,0
2017-03-29,0.8988179843345768,7.751388978941327e-11,0.10118201558790926,0
2017-03-30,0.8988179843345768,7.751388978941327e-11,0.10118201558790926,0
2017-03-31,0.8988179843345768,7.751388978941327e-11,0.10118201558790926,0
2017-04-03,0.921361716663992,3.2961091706390145e-10,0.07863828300639701,0
2017-04-04,0.921361716663992,3.2961091706390145e-10,0.07863828300639701,0
2017-04-05,0.921361716663992,3.2961091706390145e-10,0.07863828300639701,0
2017-04-06,0.921361716663992,3.2961091706390145e-10,0.07863828300639701,0
2017-04-07,0.921361716663992,3.2961091706390145e-10,0.07863828300639701,0
2017-04-10,0.9487577948349035,1.485850787398317e-11,0.05124220515023805,0
2017-04-11,0.9487577948349035,1.485850787398317e-11,0.05124220515023805,0
2017-04-12,0.9487577948349035,1.485850787398317e-11,0.05124220515023805,0
2017-04-13,0.9487577948349035,1.485850787398317e-11,0.05124220515023805,0
2017-04-17,0.9487577948349035,1.485850787398317e-11,0.05124220515023805,0
2017-04-18,0.8576787252385271,3.748037859240707e-11,0.14232127472399264,0
2017-04-19,0.8576787252385271,3.748037859240707e-11,0.14232127472399264,0
2017-04-20,0.8576787252385271,3.748037859240707e-11,0.14232127472399264,0
2017-04-21,0.8576787252385271,3.748037859240707e-11,0.14232127472399264,0
2017-04-24,0.8576787252385271,3.748037859240707e-11,0.14232127472399264,0
2017-04-25,0.8730975324096863,2.107885715311085e-11,0.12690246756923487,0
2017-04-26,0.8730975324096863,2.107885715311085e-11,0.12690246756923487,0
2017-04-27,0.8730975324096863,2.107885715311085e-11,0.12690246756923487,0
2017-04-28,0.8730975324096863,2.107885715311085e-11,0.12690246756923487,0
2017-05-01,0.8730975324096863,2.107885715311085e-11,0.12690246756923487,0
2017-05-02,0.9999999976893209,7.708336364254184e-10,1.5398453382552068e-09,0
2017-05-03,0.9999999976893209,7.708336364254184e-10,1.5398453382552068e-09,0
2017-05-04,0.9999999976893209,7.708336364254184e-10,1.5398453382552068e-09,0
2017-05-05,0.9999999976893209,7.708336364254184e-10,1.5398453382552068e-09,0
2017-05-08,0.9999999976893209,7.708336364254184e-10,1.5398453382552068e-09,0
2017-05-09,0.999999999532303,2.0921552455308695e-10,2.5848140573944247e-10,0
2017-05-10,0.999999999532303,2.0921552455308695e-10,2.5848140573944247e-10,0
2017-05-11,0.999999999532303,2.0921552455308695e-10,2.5848140573944247e-10,0
2017-05-12,0.999999999532303,2.0921552455308695e-10,2.5848140573944247e-10,0
2017-05-15,0.999999999532303,2.0921552455308695e-10,2.5848140573944247e-10,0
2017-05-16,0.9999999843970685,2.1306919747975054e-09,1.34722395102881e-08,0
2017-05-17,0.9999999843970685,2.1306919747975054e-09,1.34722395102881e-08,0
2017-05-18,0.9999999843970685,2.1306919747975054e-09,1.34722395102881e-08,0
2017-05-19,0.9999999843970685,2.1306919747975054e-09,1.34722395102881e-08,0
2017-05-22,0.9999999843970685,2.1306919747975054e-09,1.34722395102881e-08,0
2017-05-23,0.9505666856318551,3.609440082606337e-10,0.04943331400720093,0
2017-05-24,0.9505666856318551,3.609440082606337e-10,0.04943331400720093,0
2017-05-25,0.9505666856318551,3.609440082606337e-10,0.04943331400720093,0
2017-05-26,0.9505666856318551,3.609440082606337e-10,0.04943331400720093,0
2017-05-30,0.9505666856318551,3.609440082606337e-10,0.04943331400720093,0
2017-05-31,0.8451564888747596,1.0261541834319106e-09,0.15484351009908628,0
2017-06-01,0.8451564888747596,1.0261541834319106e-09,0.15484351009908628,0
2017-06-02,0.8451564888747596,1.0261541834319106e-09,0.15484351009908628,0
2017-06-05,0.8451564888747596,1.0261541834319106e-09,0.15484351009908628,0
2017-06-06,0.8451564888747596,1.0261541834319106e-09,0.15484351009908628,0
2017-06-07,0.8563141694436054,1.4739518515101353e-09,0.14368582908244273,0
2017-06-08,0.8563141694436054,1.4739518515101353e-09,0.14368582908244273,0
2017-06-09,0.8563141694436054,1.4739518515101353e-09,0.14368582908244273,0
2017-06-12,0.8563141694436054,1.4739518515101353e-09,0.14368582908244273,0
2017-06-13,0.8563141694436054,1.4739518515101353e-09,0.14368582908244273,0
2017-06-14,0.9999999556175956,1.2358574595967639e-09,4.314654683529068e-08,0
2017-06-15,0.9999999556175956,1.2358574595967639e-09,4.314654683529068e-08,0
2017-06-16,0.9999999556175956,1.2358574595967639e-09,4.314654683529068e-08,0
2017-06-19,0.9999999556175956,1.2358574595967639e-09,4.314654683529068e-08,0
2017-06-20,0.9999999556175956,1.2358574595967639e-09,4.314654683529068e-08,0
2017-06-21,0.9999999872746843,9.72179559720711e-09,3.003520147302468e-09,0
2017-06-22,0.9999999872746843,9.72179559720711e-09,3.003520147302468e-09,0
2017-06-23,0.9999999872746843,9.72179559720711e-09,3.003520147302468e-09,0
2017-06-26,0.9999999872746843,9.72179559720711e-09,3.003520147302468e-09,0
2017-06-27,0.9999999872746843,9.72179559720711e-09,3.003520147302468e-09,0
2017-06-28,0.9999999990008278,4.88511847684522e-10,5.106603343339083e-10,0
2017-06-29,0.9999999990008278,4.88511847684522e-10,5.106603343339083e-10,0
2017-06-30,0.9999999990008278,4.88511847684522e-10,5.106603343339083e-10,0
2017-07-03,0.9999999990008278,4.88511847684522e-10,5.106603343339083e-10,0
2017-07-05,0.9999999990008278,4.88511847684522e-10,5.106603343339083e-10,0
2017-07-06,0.9999999991854959,3.897407832979117e-10,4.2476334799759366e-10,0
2017-07-07,0.9999999991854959,3.897407832979117e-10,4.2476334799759366e-10,0
2017-07-10,0.9999999991854959,3.897407832979117e-10,4.2476334799759366e-10,0
2017-07-11,0.9999999991854959,3.897407832979117e-10,4.2476334799759366e-10,0
2017-07-12,0.9999999991854959,3.897407832979117e-10,4.2476334799759366e-10,0
2017-07-13,0.9999999993457425,2.9919635693559804e-10,3.550611547840413e-10,0
2017-07-14,0.9999999993457425,2.9919635693559804e-10,3.550611547840413e-10,0
2017-07-17,0.9999999993457425,2.9919635693559804e-10,3.550611547840413e-10,0
2017-07-18,0.9999999993457425,2.9919635693559804e-10,3.550611547840413e-10,0
2017-07-19,0.9999999993457425,2.9919635693559804e-10,3.550611547840413e-10,0
2017-07-20,0.9999999996768305,1.340231572367117e-10,1.8914645611021017e-10,0
2017-07-21,0.9999999996768305,1.340231572367117e-10,1.8914645611021017e-10,0
2017-07-24,0.9999999996768305,1.340231572367117e-10,1.8914645611021017e-10,0
2017-07-25,0.9999999996768305,1.340231572367117e-10,1.8914645611021017e-10,0
2017-07-26,0.9999999996768305,1.340231572367117e-10,1.8914645611021017e-10,0
2017-07-27,0.9999999966883728,6.538751290215271e-10,2.6577518672287254e-09,0
2017-07-28,0.9999999966883728,6.538751290215271e-10,2.6577518672287254e-09,0
2017-07-31,0.9999999966883728,6.538751290215271e-10,2.6577518672287254e-09,0
2017-08-01,0.9999999966883728,6.538751290215271e-10,2.6577518672287254e-09,0
2017-08-02,0.9999999966883728,6.538751290215271e-10,2.6577518672287254e-09,0
2017-08-03,0.9999999998296392,8.761221945132997e-11,8.274860550304553e-11,0
2017-08-04,0.9999999998296392,8.761221945132997e-11,8.274860550304553e-11,0
2017-08-07,0.9999999998296392,8.761221945132997e-11,8.274860550304553e-11,0
2017-08-08,0.9999999998296392,8.761221945132997e-11,8.274860550304553e-11,0
2017-08-09,0.9999999998296392,8.761221945132997e-11,8.274860550304553e-11,0
2017-08-10,0.9999999987481848,3.238903523160976e-10,9.279249687707324e-10,0
2017-08-11,0.9999999987481848,3.238903523160976e-10,9.279249687707324e-10,0
2017-08-14,0.9999999987481848,3.238903523160976e-10,9.279249687707324e-10,0
2017-08-15,0.9999999987481848,3.238903523160976e-10,9.279249687707324e-10,0
2017-08-16,0.9999999987481848,3.238903523160976e-10,9.279249687707324e-10,0
2017-08-17,0.9999999996061218,1.266491890351234e-10,2.6722903997402124e-10,0
2017-08-18,0.9999999996061218,1.266491890351234e-10,2.6722903997402124e-10,0
2017-08-21,0.9999999996061218,1.266491890351234e-10,2.6722903997402124e-10,0
2017-08-22,0.9999999996061218,1.266491890351234e-10,2.6722903997402124e-10,0
2017-08-23,0.9999999996061218,1.266491890351234e-10,2.6722903997402124e-10,0
2017-08-24,0.9999999989144539,2.4522713913390764e-10,8.403188930811164e-10,0
2017-08-25,0.9999999989144539,2.4522713913390764e-10,8.403188930811164e-10,0
2017-08-28,0.9999999989144539,2.4522713913390764e-10,8.403188930811164e-10,0
2017-08-29,0.9999999989144539,2.4522713913390764e-10,8.403188930811164e-10,0
2017-08-30,0.9999999989144539,2.4522713913390764e-10,8.403188930811164e-10,0
2017-08-31,0.9999999992781249,4.0659381801329276e-11,6.812155926184085e-10,0
2017-09-01,0.9999999992781249,4.0659381801329276e-11,6.812155926184085e-10,0
2017-09-05,0.9999999992781249,4.0659381801329276e-11,6.812155926184085e-10,0
2017-09-06,0.9999999992781249,4.0659381801329276e-11,6.812155926184085e-10,0
2017-09-07,0.9999999992781249,4.0659381801329276e-11,6.812155926184085e-10,0
2017-09-08,0.9999999992414501,4.2833684159815866e-11,7.157161896246503e-10,0
2017-09-11,0.9999999992414501,4.2833684159815866e-11,7.157161896246503e-10,0
2017-09-12,0.9999999992414501,4.2833684159815866e-11,7.157161896246503e-10,0
2017-09-13,0.9999999992414501,4.2833684159815866e-11,7.157161896246503e-10,0
2017-09-14,0.9999999992414501,4.2833684159815866e-11,7.157161896246503e-10,0
2017-09-15,0.9999999961666407,3.4836906361464414e-10,3.4849901922542808e-09,0
2017-09-18,0.9999999961666407,3.4836906361464414e-10,3.4849901922542808e-09,0
2017-09-19,0.9999999961666407,3.4836906361464414e-10,3.4849901922542808e-09,0
2017-09-20,0.9999999961666407,3.4836906361464414e-10,3.4849901922542808e-09,0
2017-09-21,0.9999999961666407,3.4836906361464414e-10,3.4849901922542808e-09,0
2017-09-22,0.9999999967640724,1.17490187187199e-09,2.061025789018923e-09,0
2017-09-25,0.9999999967640724,1.17490187187199e-09,2.061025789018923e-09,0
2017-09-26,0.9999999967640724,1.17490187187199e-09,2.061025789018923e-09,0
2017-09-27,0.9999999967640724,1.17490187187199e-09,2.061025789018923e-09,0
2017-09-28,0.9999999967640724,1.17490187187199e-09,2.061025789018923e-09,0
2017-09-29,0.9999999995775243,4.750005007407753e-11,3.749756281175795e-10,0
2017-10-02,0.9999999995775243,4.750005007407753e-11,3.749756281175795e-10,0
2017-10-03,0.9999999995775243,4.750005007407753e-11,3.749756281175795e-10,0
2017-10-04,0.9999999995775243,4.750005007407753e-11,3.749756281175795e-10,0
2017-10-05,0.9999999995775243,4.750005007407753e-11,3.749756281175795e-10,0
2017-10-06,0.9805589131810748,4.705793416804907e-10,0.019441086348345737,0
2017-10-09,0.9805589131810748,4.705793416804907e-10,0.019441086348345737,0
2017-10-10,0.9805589131810748,4.705793416804907e-10,0.019441086348345737,0
2017-10-11,0.9805589131810748,4.705793416804907e-10,0.019441086348345737,0
2017-10-12,0.9805589131810748,4.705793416804907e-10,0.019441086348345737,0
2017-10-13,0.8883091387192876,2.0305084338245636e-08,0.11169084097562791,0
2017-10-16,0.8883091387192876,2.0305084338245636e-08,0.11169084097562791,0
2017-10-17,0.8883091387192876,2.0305084338245636e-08,0.11169084097562791,0
2017-10-18,0.8883091387192876,2.0305084338245636e-08,0.11169084097562791,0
2017-10-19,0.8883091387192876,2.0305084338245636e-08,0.11169084097562791,0
2017-10-20,0.9218858574147091,1.3511690869338827e-09,0.07811414123412193,0
2017-10-23,0.9218858574147091,1.3511690869338827e-09,0.07811414123412193,0
2017-10-24,0.9218858574147091,1.3511690869338827e-09,0.07811414123412193,0
2017-10-25,0.9218858574147091,1.3511690869338827e-09,0.07811414123412193,0
2017-10-26,0.9218858574147091,1.3511690869338827e-09,0.07811414123412193,0
2017-10-27,0.9557711772635358,3.2750092606879287e-09,0.044228819461454946,0
2017-10-30,0.9557711772635358,3.2750092606879287e-09,0.044228819461454946,0
2017-10-31,0.9557711772635358,3.2750092606879287e-09,0.044228819461454946,0
2017-11-01,0.9557711772635358,3.2750092606879287e-09,0.044228819461454946,0
2017-11-02,0.9557711772635358,3.2750092606879287e-09,0.044228819461454946,0
2017-11-03,0.9422006910833992,0.0577992601275514,4.878904936787522e-08,0
2017-11-06,0.9422006910833992,0.0577992601275514,4.878904936787522e-08,0
2017-11-07,0.9422006910833992,0.0577992601275514,4.878904936787522e-08,0
2017-11-08,0.9422006910833992,0.0577992601275514,4.878904936787522e-08,0
2017-11-09,0.9422006910833992,0.0577992601275514,4.878904936787522e-08,0
2017-11-10,0.8460022116526689,0.1539977776417873,1.0705543904941225e-08,0
2017-11-13,0.8460022116526689,0.1539977776417873,1.0705543904941225e-08,0
2017-11-14,0.8460022116526689,0.1539977776417873,1.0705543904941225e-08,0
2017-11-15,0.8460022116526689,0.1539977776417873,1.0705543904941225e-08,0
2017-11-16,0.8460022116526689,0.1539977776417873,1.0705543904941225e-08,0
2017-11-17,0.814777840269276,0.1660145179428173,0.01920764178790675,0
2017-11-20,0.814777840269276,0.1660145179428173,0.01920764178790675,0
2017-11-21,0.814777840269276,0.1660145179428173,0.01920764178790675,0
2017-11-22,0.814777840269276,0.1660145179428173,0.01920764178790675,0
2017-11-24,0.814777840269276,0.1660145179428173,0.01920764178790675,0
2017-11-27,0.7393409612762003,0.17235924625114102,0.08829979247265876,0
2017-11-28,0.7393409612762003,0.17235924625114102,0.08829979247265876,0
2017-11-29,0.7393409612762003,0.17235924625114102,0.08829979247265876,0
2017-11-30,0.7393409612762003,0.17235924625114102,0.08829979247265876,0
2017-12-01,0.7393409612762003,0.17235924625114102,0.08829979247265876,0
2017-12-04,0.7187740659039401,0.19871426951047275,0.08251166458558726,0
2017-12-05,0.7187740659039401,0.19871426951047275,0.08251166458558726,0
2017-12-06,0.7187740659039401,0.19871426951047275,0.08251166458558726,0
2017-12-07,0.7187740659039401,0.19871426951047275,0.08251166458558726,0
2017-12-08,0.7187740659039401,0.19871426951047275,0.08251166458558726,0
2017-12-11,0.7269562469589729,0.26997766198542394,0.0030660910556031934,0
2017-12-12,0.7269562469589729,0.26997766198542394,0.0030660910556031934,0
2017-12-13,0.7269562469589729,0.26997766198542394,0.0030660910556031934,0
2017-12-14,0.7269562469589729,0.26997766198542394,0.0030660910556031934,0
2017-12-15,0.7269562469589729,0.26997766198542394,0.0030660910556031934,0
2017-12-18,0.6705258725980128,0.25819092860324894,0.07128319879873829,0
2017-12-19,0.6705258725980128,0.25819092860324894,0.07128319879873829,0
2017-12-20,0.6705258725980128,0.25819092860324894,0.07128319879873829,0
2017-12-21,0.6705258725980128,0.25819092860324894,0.07128319879873829,0
2017-12-22,0.6705258725980128,0.25819092860324894,0.07128319879873829,0
2017-12-26,0.6885453337710674,0.14765375041144677,0.1638009158174857,0
2017-12-27,0.6885453337710674,0.14765375041144677,0.1638009158174857,0
2017-12-28,0.6885453337710674,0.14765375041144677,0.1638009158174857,0
2017-12-29,0.6885453337710674,0.14765375041144677,0.1638009158174857,0
2018-01-02,0.6885453337710674,0.14765375041144677,0.1638009158174857,0
2018-01-03,0.6896880430507556,0.11406262220577945,0.19624933474346495,0
2018-01-04,0.6896880430507556,0.11406262220577945,0.19624933474346495,0
2018-01-05,0.6896880430507556,0.11406262220577945,0.19624933474346495,0
2018-01-08,0.6896880430507556,0.11406262220577945,0.19624933474346495,0
2018-01-09,0.6896880430507556,0.11406262220577945,0.19624933474346495,0
2018-01-10,0.7335107702280586,0.07800064929908265,0.18848858047285882,0
2018-01-11,0.7335107702280586,0.07800064929908265,0.18848858047285882,0
2018-01-12,0.7335107702280586,0.07800064929908265,0.18848858047285882,0
2018-01-16,0.7335107702280586,0.07800064929908265,0.18848858047285882,0
2018-01-17,0.7335107702280586,0.07800064929908265,0.18848858047285882,0
2018-01-18,0.7514678659541263,0.11006725594605711,0.1384648780998166,0
2018-01-19,0.7514678659541263,0.11006725594605711,0.1384648780998166,0
2018-01-22,0.7514678659541263,0.11006725594605711,0.1384648780998166,0
2018-01-23,0.7514678659541263,0.11006725594605711,0.1384648780998166,0
2018-01-24,0.7514678659541263,0.11006725594605711,0.1384648780998166,0
2018-01-25,0.7313581166260308,0.09015674347168381,0.17848513990228532,0
2018-01-26,0.7313581166260308,0.09015674347168381,0.17848513990228532,0
2018-01-29,0.7313581166260308,0.09015674347168381,0.17848513990228532,0
2018-01-30,0.7313581166260308,0.09015674347168381,0.17848513990228532,0
2018-01-31,0.7313581166260308,0.09015674347168381,0.17848513990228532,0
2018-02-01,0.7470851173023932,0.09004874580825123,0.1628661368893555,0
2018-02-02,0.7470851173023932,0.09004874580825123,0.1628661368893555,2
2018-02-05,0.7470851173023932,0.09004874580825123,0.1628661368893555,2
2018-02-06,0.7470851173023932,0.09004874580825123,0.1628661368893555,2
2018-02-07,0.7470851173023932,0.09004874580825123,0.1628661368893555,2
2018-02-08,0.7330994153932407,0.10403442582070176,0.16286615878605762,2
2018-02-09,0.7330994153932407,0.10403442582070176,0.16286615878605762,2
2018-02-12,0.7330994153932407,0.10403442582070176,0.16286615878605762,1
2018-02-13,0.7330994153932407,0.10403442582070176,0.16286615878605762,1
2018-02-14,0.7330994153932407,0.10403442582070176,0.16286615878605762,1
2018-02-15,0.4844757683866216,0.32764138141143545,0.18788285020194292,1
2018-02-16,0.4844757683866216,0.32764138141143545,0.18788285020194292,1
2018-02-20,0.4844757683866216,0.32764138141143545,0.18788285020194292,1
2018-02-21,0.4844757683866216,0.32764138141143545,0.18788285020194292,1
2018-02-22,0.4844757683866216,0.32764138141143545,0.18788285020194292,1
2018-02-23,0.48341500510051494,0.32769660153291796,0.18888839336656713,1
2018-02-26,0.48341500510051494,0.32769660153291796,0.18888839336656713,1
2018-02-27,0.48341500510051494,0.32769660153291796,0.18888839336656713,1
2018-02-28,0.48341500510051494,0.32769660153291796,0.18888839336656713,1
2018-03-01,0.48341500510051494,0.32769660153291796,0.18888839336656713,1
2018-03-02,0.4617175290729975,0.3432037716149394,0.19507869931206295,1
2018-03-05,0.4617175290729975,0.3432037716149394,0.19507869931206295,1
2018-03-06,0.4617175290729975,0.3432037716149394,0.19507869931206295,1
2018-03-07,0.4617175290729975,0.3432037716149394,0.19507869931206295,1
2018-03-08,0.4617175290729975,0.3432037716149394,0.19507869931206295,1
2018-03-09,0.4559360440039104,0.34320536011786684,0.20085859587822277,1
2018-03-12,0.4559360440039104,0.34320536011786684,0.20085859587822277,1
2018-03-13,0.4559360440039104,0.34320536011786684,0.20085859587822277,1
2018-03-14,0.4559360440039104,0.34320536011786684,0.20085859587822277,1
2018-03-15,0.4559360440039104,0.34320536011786684,0.20085859587822277,1
2018-03-16,0.4457979852119139,0.3432534993677378,0.21094851542034831,1
2018-03-19,0.4457979852119139,0.3432534993677378,0.21094851542034831,1
2018-03-20,0.4457979852119139,0.3432534993677378,0.21094851542034831,1
2018-03-21,0.4457979852119139,0.3432534993677378,0.21094851542034831,1
2018-03-22,0.4457979852119139,0.3432534993677378,0.21094851542034831,1
2018-03-23,0.43132380476154447,0.3577272257223791,0.21094896951607653,1
2018-03-26,0.43132380476154447,0.3577272257223791,0.21094896951607653,1
2018-03-27,0.43132380476154447,0.3577272257223791,0.21094896951607653,1
2018-03-28,0.43132380476154447,0.3577272257223791,0.21094896951607653,1
2018-03-29,0.43132380476154447,0.3577272257223791,0.21094896951607653,1
2018-04-02,0.40311610798750225,0.38433688572406294,0.21254700628843481,1
2018-04-03,0.40311610798750225,0.38433688572406294,0.21254700628843481,1
2018-04-04,0.40311610798750225,0.38433688572406294,0.21254700628843481,1
2018-04-05,0.40311610798750225,0.38433688572406294,0.21254700628843481,1
2018-04-06,0.40311610798750225,0.38433688572406294,0.21254700628843481,1
2018-04-09,0.3867879362694198,0.3920286809148479,0.22118338281573235,1
2018-04-10,0.3867879362694198,0.3920286809148479,0.22118338281573235,1
2018-04-11,0.3867879362694198,0.3920286809148479,0.22118338281573235,1
2018-04-12,0.3867879362694198,0.3920286809148479,0.22118338281573235,1
2018-04-13,0.3867879362694198,0.3920286809148479,0.22118338281573235,1
2018-04-16,0.3813974451773286,0.3967771027332348,0.22182545208943658,1
2018-04-17,0.3813974451773286,0.3967771027332348,0.22182545208943658,1
2018-04-18,0.3813974451773286,0.3967771027332348,0.22182545208943658,1
2018-04-19,0.3813974451773286,0.3967771027332348,0.22182545208943658,1
2018-04-20,0.3813974451773286,0.3967771027332348,0.22182545208943658,1
2018-04-23,0.3759484772844106,0.39679592939735653,0.22725559331823286,1
2018-04-24,0.3759484772844106,0.39679592939735653,0.22725559331823286,1
2018-04-25,0.3759484772844106,0.39679592939735653,0.22725559331823286,1
2018-04-26,0.3759484772844106,0.39679592939735653,0.22725559331823286,1
2018-04-27,0.3759484772844106,0.39679592939735653,0.22725559331823286,1
2018-04-30,0.3678779780615203,0.3967960936544135,0.23532592828406634,1
2018-05-01,0.3678779780615203,0.3967960936544135,0.23532592828406634,0
2018-05-02,0.3678779780615203,0.3967960936544135,0.23532592828406634,0
2018-05-03,0.3678779780615203,0.3967960936544135,0.23532592828406634,0
2018-05-04,0.3678779780615203,0.3967960936544135,0.23532592828406634,0
2018-05-07,0.6594279090838443,8.400593907956193e-10,0.3405720900760964,0
2018-05-08,0.6594279090838443,8.400593907956193e-10,0.3405720900760964,0
2018-05-09,0.6594279090838443,8.400593907956193e-10,0.3405720900760964,0
2018-05-10,0.6594279090838443,8.400593907956193e-10,0.3405720900760964,0
2018-05-11,0.6594279090838443,8.400593907956193e-10,0.3405720900760964,0
2018-05-14,0.6592918775190607,6.95111759259572e-09,0.34070811552982166,0
2018-05-15,0.6592918775190607,6.95111759259572e-09,0.34070811552982166,0
2018-05-16,0.6592918775190607,6.95111759259572e-09,0.34070811552982166,0
2018-05-17,0.6592918775190607,6.95111759259572e-09,0.34070811552982166,0
2018-05-18,0.6592918775190607,6.95111759259572e-09,0.34070811552982166,0
2018-05-21,0.9999999976126275,6.519001464772841e-11,2.3221827082788268e-09,0
2018-05-22,0.9999999976126275,6.519001464772841e-11,2.3221827082788268e-09,0
2018-05-23,0.9999999976126275,6.519001464772841e-11,2.3221827082788268e-09,0
2018-05-24,0.9999999976126275,6.519001464772841e-11,2.3221827082788268e-09,0
2018-05-25,0.9999999976126275,6.519001464772841e-11,2.3221827082788268e-09,0
2018-05-29,0.9999999992013832,3.568587072873253e-11,7.629310212923008e-10,0
2018-05-30,0.9999999992013832,3.568587072873253e-11,7.629310212923008e-10,0
2018-05-31,0.9999999992013832,3.568587072873253e-11,7.629310212923008e-10,0
2018-06-01,0.9999999992013832,3.568587072873253e-11,7.629310212923008e-10,0
2018-06-04,0.9999999992013832,3.568587072873253e-11,7.629310212923008e-10,0
2018-06-05,0.9999999997012949,4.4535343072170024e-11,2.541697682569036e-10,0
2018-06-06,0.9999999997012949,4.4535343072170024e-11,2.541697682569036e-10,0
2018-06-07,0.9999999997012949,4.4535343072170024e-11,2.541697682569036e-10,0
2018-06-08,0.9999999997012949,4.4535343072170024e-11,2.541697682569036e-10,0
2018-06-11,0.9999999997012949,4.4535343072170024e-11,2.541697682569036e-10,0
2018-06-12,0.9999999958055397,3.938260133828578e-10,3.80063447548659e-09,0
2018-06-13,0.9999999958055397,3.938260133828578e-10,3.80063447548659e-09,0
2018-06-14,0.9999999958055397,3.938260133828578e-10,3.80063447548659e-09,0
2018-06-15,0.9999999958055397,3.938260133828578e-10,3.80063447548659e-09,0
2018-06-18,0.9999999958055397,3.938260133828578e-10,3.80063447548659e-09,0
2018-06-19,0.9999999988275691,1.295606883822406e-10,1.0428703653370246e-09,0
2018-06-20,0.9999999988275691,1.295606883822406e-10,1.0428703653370246e-09,0
2018-06-21,0.9999999988275691,1.295606883822406e-10,1.0428703653370246e-09,0
2018-06-22,0.9999999988275691,1.295606883822406e-10,1.0428703653370246e-09,0
2018-06-25,0.9999999988275691,1.295606883822406e-10,1.0428703653370246e-09,0
2018-06-26,0.999999999681712,4.428784448046565e-11,2.740000134256949e-10,0
2018-06-27,0.999999999681712,4.428784448046565e-11,2.740000134256949e-10,0
2018-06-28,0.999999999681712,4.428784448046565e-11,2.740000134256949e-10,0
2018-06-29,0.999999999681712,4.428784448046565e-11,2.740000134256949e-10,0
2018-07-02,0.999999999681712,4.428784448046565e-11,2.740000134256949e-10,0
2018-07-03,0.9999999970269676,1.992175790313018e-09,9.80856517375747e-10,0
2018-07-05,0.9999999970269676,1.992175790313018e-09,9.80856517375747e-10,0
2018-07-06,0.9999999970269676,1.992175790313018e-09,9.80856517375747e-10,0
2018-07-09,0.9999999970269676,1.992175790313018e-09,9.80856517375747e-10,0
2018-07-10,0.9999999970269676,1.992175790313018e-09,9.80856517375747e-10,0
2018-07-11,0.9999999555405809,3.920376115330367e-08,5.255657844136385e-09,0
2018-07-12,0.9999999555405809,3.920376115330367e-08,5.255657844136385e-09,0
2018-07-13,0.9999999555405809,3.920376115330367e-08,5.255657844136385e-09,0
2018-07-16,0.9999999555405809,3.920376115330367e-08,5.255657844136385e-09,0
2018-07-17,0.9999999555405809,3.920376115330367e-08,5.255657844136385e-09,0
2018-07-18,0.9999999904337968,8.973561207985784e-09,5.926420179418509e-10,0
2018-07-19,0.9999999904337968,8.973561207985784e-09,5.926420179418509e-10,0
2018-07-20,0.9999999904337968,8.973561207985784e-09,5.926420179418509e-10,0
2018-07-23,0.9999999904337968,8.973561207985784e-09,5.926420179418509e-10,0
2018-07-24,0.9999999904337968,8.973561207985784e-09,5.926420179418509e-10,0
2018-07-25,0.9999999967269926,2.334664628413046e-09,9.383428267365736e-10,0
2018-07-26,0.9999999967269926,2.334664628413046e-09,9.383428267365736e-10,0
2018-07-27,0.9999999967269926,2.334664628413046e-09,9.383428267365736e-10,0
2018-07-30,0.9999999967269926,2.334664628413046e-09,9.383428267365736e-10,0
2018-07-31,0.9999999967269926,2.334664628413046e-09,9.383428267365736e-10,0
2018-08-01,0.9999999997724001,1.9726243305681594e-10,3.033767383199335e-11,0
2018-08-02,0.9999999997724001,1.9726243305681594e-10,3.033767383199335e-11,0
2018-08-03,0.9999999997724001,1.9726243305681594e-10,3.033767383199335e-11,0
2018-08-06,0.9999999997724001,1.9726243305681594e-10,3.033767383199335e-11,0
2018-08-07,0.9999999997724001,1.9726243305681594e-10,3.033767383199335e-11,0
2018-08-08,0.9999999950324755,3.6456477313764386e-09,1.321876943844088e-09,0
2018-08-09,0.9999999950324755,3.6456477313764386e-09,1.321876943844088e-09,0
2018-08-10,0.9999999950324755,3.6456477313764386e-09,1.321876943844088e-09,0
2018-08-13,0.9999999950324755,3.6456477313764386e-09,1.321876943844088e-09,0
2018-08-14,0.9999999950324755,3.6456477313764386e-09,1.321876943844088e-09,0
2018-08-15,0.9999999993407914,5.764432995545853e-10,8.276530157451832e-11,0
2018-08-16,0.9999999993407914,5.764432995545853e-10,8.276530157451832e-11,0
2018-08-17,0.9999999993407914,5.764432995545853e-10,8.276530157451832e-11,0
2018-08-20,0.9999999993407914,5.764432995545853e-10,8.276530157451832e-11,0
2018-08-21,0.9999999993407914,5.764432995545853e-10,8.276530157451832e-11,0
2018-08-22,0.9999999987601148,1.1172176374245728e-09,1.2266749355129543e-10,0
2018-08-23,0.9999999987601148,1.1172176374245728e-09,1.2266749355129543e-10,0
2018-08-24,0.9999999987601148,1.1172176374245728e-09,1.2266749355129543e-10,0
2018-08-27,0.9999999987601148,1.1172176374245728e-09,1.2266749355129543e-10,0
2018-08-28,0.9999999987601148,1.1172176374245728e-09,1.2266749355129543e-10,0
2018-08-29,0.999999998922646,9.54409072494097e-10,1.2294486719318164e-10,0
2018-08-30,0.999999998922646,9.54409072494097e-10,1.2294486719318164e-10,0
2018-08-31,0.999999998922646,9.54409072494097e-10,1.2294486719318164e-10,0
2018-09-04,0.999999998922646,9.54409072494097e-10,1.2294486719318164e-10,0
2018-09-05,0.999999998922646,9.54409072494097e-10,1.2294486719318164e-10,0
2018-09-06,0.9999999990217935,8.004978905688586e-10,1.7770866483731622e-10,0
2018-09-07,0.9999999990217935,8.004978905688586e-10,1.7770866483731622e-10,0
2018-09-10,0.9999999990217935,8.004978905688586e-10,1.7770866483731622e-10,0
2018-09-11,0.9999999990217935,8.004978905688586e-10,1.7770866483731622e-10,0
2018-09-12,0.9999999990217935,8.004978905688586e-10,1.7770866483731622e-10,0
2018-09-13,0.9999999991294113,7.202810720100512e-10,1.5030779031608293e-10,0
2018-09-14,0.9999999991294113,7.202810720100512e-10,1.5030779031608293e-10,0
2018-09-17,0.9999999991294113,7.202810720100512e-10,1.5030779031608293e-10,0
2018-09-18,0.9999999991294113,7.202810720100512e-10,1.5030779031608293e-10,0
2018-09-19,0.9999999991294113,7.202810720100512e-10,1.5030779031608293e-10,0
2018-09-20,0.9999999997634098,1.7705194101516201e-10,5.953822034125038e-11,0
2018-09-21,0.9999999997634098,1.7705194101516201e-10,5.953822034125038e-11,0
2018-09-24,0.9999999997634098,1.7705194101516201e-10,5.953822034125038e-11,0
2018-09-25,0.9999999997634098,1.7705194101516201e-10,5.953822034125038e-11,0
2018-09-26,0.9999999997634098,1.7705194101516201e-10,5.953822034125038e-11,0
2018-09-27,0.9999999998298607,1.2574705774254732e-10,4.439236056802779e-11,0
2018-09-28,0.9999999998298607,1.2574705774254732e-10,4.439236056802779e-11,0
2018-10-01,0.9999999998298607,1.2574705774254732e-10,4.439236056802779e-11,0
2018-10-02,0.9999999998298607,1.2574705774254732e-10,4.439236056802779e-11,0
2018-10-03,0.9999999998298607,1.2574705774254732e-10,4.439236056802779e-11,0
2018-10-04,0.9999999999648965,2.149296581217419e-11,1.3610567442255536e-11,0
2018-10-05,0.9999999999648965,2.149296581217419e-11,1.3610567442255536e-11,0
2018-10-08,0.9999999999648965,2.149296581217419e-11,1.3610567442255536e-11,0
2018-10-09,0.9999999999648965,2.149296581217419e-11,1.3610567442255536e-11,1
2018-10-10,0.9999999999648965,2.149296581217419e-11,1.3610567442255536e-11,1
2018-10-11,0.3073207450902117,0.40497383703997086,0.28770541786981746,1
2018-10-12,0.3073207450902117,0.40497383703997086,0.28770541786981746,1
2018-10-15,0.3073207450902117,0.40497383703997086,0.28770541786981746,1
2018-10-16,0.3073207450902117,0.40497383703997086,0.28770541786981746,1
2018-10-17,0.3073207450902117,0.40497383703997086,0.28770541786981746,1
2018-10-18,0.30701657778767494,0.405219658238876,0.287763763973449,1
2018-10-19,0.30701657778767494,0.405219658238876,0.287763763973449,1
2018-10-22,0.30701657778767494,0.405219658238876,0.287763763973449,1
2018-10-23,0.30701657778767494,0.405219658238876,0.287763763973449,1
2018-10-24,0.30701657778767494,0.405219658238876,0.287763763973449,1
2018-10-25,0.2936630280862739,0.4138037088436106,0.2925332630701155,1
2018-10-26,0.2936630280862739,0.4138037088436106,0.2925332630701155,1
2018-10-29,0.2936630280862739,0.4138037088436106,0.2925332630701155,1
2018-10-30,0.2936630280862739,0.4138037088436106,0.2925332630701155,1
2018-10-31,0.2936630280862739,0.4138037088436106,0.2925332630701155,1
2018-11-01,0.2883210223356987,0.4188737762949352,0.29280520136936616,1
2018-11-02,0.2883210223356987,0.4188737762949352,0.29280520136936616,1
2018-11-05,0.2883210223356987,0.4188737762949352,0.29280520136936616,1
2018-11-06,0.2883210223356987,0.4188737762949352,0.29280520136936616,1
2018-11-07,0.2883210223356987,0.4188737762949352,0.29280520136936616,1
2018-11-08,0.28074501033026206,0.41992681745964067,0.2993281722100973,1
2018-11-09,0.28074501033026206,0.41992681745964067,0.2993281722100973,1
2018-11-12,0.28074501033026206,0.41992681745964067,0.2993281722100973,1
2018-11-13,0.28074501033026206,0.41992681745964067,0.2993281722100973,1
2018-11-14,0.28074501033026206,0.41992681745964067,0.2993281722100973,1
2018-11-15,0.2717860699382338,0.428881906092114,0.29933202396965225,1
2018-11-16,0.2717860699382338,0.428881906092114,0.29933202396965225,1
2018-11-19,0.2717860699382338,0.428881906092114,0.29933202396965225,1
2018-11-20,0.2717860699382338,0.428881906092114,0.29933202396965225,1
2018-11-21,0.2717860699382338,0.428881906092114,0.29933202396965225,1
2018-11-23,0.2632863231516795,0.4373786725033894,0.2993350043449312,1
2018-11-26,0.2632863231516795,0.4373786725033894,0.2993350043449312,1
2018-11-27,0.2632863231516795,0.4373786725033894,0.2993350043449312,1
2018-11-28,0.2632863231516795,0.4373786725033894,0.2993350043449312,1
2018-11-29,0.2632863231516795,0.4373786725033894,0.2993350043449312,1
2018-11-30,0.25678647475451344,0.44385020775270684,0.2993633174927798,1
2018-12-03,0.25678647475451344,0.44385020775270684,0.2993633174927798,1
2018-12-04,0.25678647475451344,0.44385020775270684,0.2993633174927798,1
2018-12-06,0.25678647475451344,0.44385020775270684,0.2993633174927798,1
2018-12-07,0.25678647475451344,0.44385020775270684,0.2993633174927798,1
2018-12-10,0.2513125727017912,0.44732338171531427,0.3013640455828946,1
2018-12-11,0.2513125727017912,0.44732338171531427,0.3013640455828946,1
2018-12-12,0.2513125727017912,0.44732338171531427,0.3013640455828946,1
2018-12-13,0.2513125727017912,0.44732338171531427,0.3013640455828946,1
2018-12-14,0.2513125727017912,0.44732338171531427,0.3013640455828946,1
2018-12-17,0.244436005863755,0.4477909318267123,0.3077730623095326,1
2018-12-18,0.244436005863755,0.4477909318267123,0.3077730623095326,1
2018-12-19,0.244436005863755,0.4477909318267123,0.3077730623095326,1
2018-12-20,0.244436005863755,0.4477909318267123,0.3077730623095326,2
2018-12-21,0.244436005863755,0.4477909318267123,0.3077730623095326,2
2018-12-24,0.24443600474430371,0.44779093267411785,0.3077730625815785,2
2018-12-26,0.24443600474430371,0.44779093267411785,0.3077730625815785,2
2018-12-27,0.24443600474430371,0.44779093267411785,0.3077730625815785,2
2018-12-28,0.24443600474430371,0.44779093267411785,0.3077730625815785,2
2018-12-31,0.24443600474430371,0.44779093267411785,0.3077730625815785,2
2019-01-02,0.24443600090731055,0.447790935470714,0.3077730636219754,2
2019-01-03,0.24443600090731055,0.447790935470714,0.3077730636219754,2
2019-01-04,0.24443600090731055,0.447790935470714,0.3077730636219754,2
2019-01-07,0.24443600090731055,0.447790935470714,0.3077730636219754,2
2019-01-08,0.24443600090731055,0.447790935470714,0.3077730636219754,2
2019-01-09,0.24443599728969323,0.4477909381186106,0.30777306459169623,2
2019-01-10,0.24443599728969323,0.4477909381186106,0.30777306459169623,2
2019-01-11,0.24443599728969323,0.4477909381186106,0.30777306459169623,2
2019-01-14,0.24443599728969323,0.4477909381186106,0.30777306459169623,2
2019-01-15,0.24443599728969323,0.4477909381186106,0.30777306459169623,1
2019-01-16,0.22970478118231094,0.4625136685187503,0.3077815502989388,1
2019-01-17,0.22970478118231094,0.4625136685187503,0.3077815502989388,1
2019-01-18,0.22970478118231094,0.4625136685187503,0.3077815502989388,1
2019-01-22,0.22970478118231094,0.4625136685187503,0.3077815502989388,1
2019-01-23,0.22970478118231094,0.4625136685187503,0.3077815502989388,1
2019-01-24,0.22962203746113857,0.4625953706097354,0.3077825919291261,1
2019-01-25,0.22962203746113857,0.4625953706097354,0.3077825919291261,1
2019-01-28,0.22962203746113857,0.4625953706097354,0.3077825919291261,1
2019-01-29,0.22962203746113857,0.4625953706097354,0.3077825919291261,1
2019-01-30,0.22962203746113857,0.4625953706097354,0.3077825919291261,1
2019-01-31,0.22763346761270517,0.46458351833029976,0.30778301405699515,1
2019-02-01,0.22763346761270517,0.46458351833029976,0.30778301405699515,0
2019-02-04,0.22763346761270517,0.46458351833029976,0.30778301405699515,0
2019-02-05,0.22763346761270517,0.46458351833029976,0.30778301405699515,0
2019-02-06,0.22763346761270517,0.46458351833029976,0.30778301405699515,0
2019-02-07,0.9999999997569218,2.338603433922514e-10,9.217824012425488e-12,0
2019-02-08,0.9999999997569218,2.338603433922514e-10,9.217824012425488e-12,0
2019-02-11,0.9999999997569218,2.338603433922514e-10,9.217824012425488e-12,0
2019-02-12,0.9999999997569218,2.338603433922514e-10,9.217824012425488e-12,0
2019-02-13,0.9999999997569218,2.338603433922514e-10,9.217824012425488e-12,0
2019-02-14,0.33932198264960134,0.6606780172360447,1.1435392290918333e-10,0
2019-02-15,0.33932198264960134,0.6606780172360447,1.1435392290918333e-10,0
2019-02-19,0.33932198264960134,0.6606780172360447,1.1435392290918333e-10,0
2019-02-20,0.33932198264960134,0.6606780172360447,1.1435392290918333e-10,0
2019-02-21,0.33932198264960134,0.6606780172360447,1.1435392290918333e-10,0
2019-02-22,0.17500392740350001,0.8249960725118013,8.469873422622632e-11,0
2019-02-25,0.17500392740350001,0.8249960725118013,8.469873422622632e-11,0
2019-02-26,0.17500392740350001,0.8249960725118013,8.469873422622632e-11,0
2019-02-27,0.17500392740350001,0.8249960725118013,8.469873422622632e-11,0
2019-02-28,0.17500392740350001,0.8249960725118013,8.469873422622632e-11,0
2019-03-01,3.8707041868004975e-10,0.9999999996102286,2.7010274163979444e-12,0
2019-03-04,3.8707041868004975e-10,0.9999999996102286,2.7010274163979444e-12,0
2019-03-05,3.8707041868004975e-10,0.9999999996102286,2.7010274163979444e-12,0
2019-03-06,3.8707041868004975e-10,0.9999999996102286,2.7010274163979444e-12,0
2019-03-07,3.8707041868004975e-10,0.9999999996102286,2.7010274163979444e-12,0
2019-03-08,2.6328030088268245e-10,0.9999999997336384,3.0813569229020187e-12,0
2019-03-11,2.6328030088268245e-10,0.9999999997336384,3.0813569229020187e-12,0
2019-03-12,2.6328030088268245e-10,0.9999999997336384,3.0813569229020187e-12,0
2019-03-13,2.6328030088268245e-10,0.9999999997336384,3.0813569229020187e-12,0
2019-03-14,2.6328030088268245e-10,0.9999999997336384,3.0813569229020187e-12,0
2019-03-15,2.37823480486157e-10,0.9999999997599904,2.186028875594911e-12,0
2019-03-18,2.37823480486157e-10,0.9999999997599904,2.186028875594911e-12,0
2019-03-19,2.37823480486157e-10,0.9999999997599904,2.186028875594911e-12,0
2019-03-20,2.37823480486157e-10,0.9999999997599904,2.186028875594911e-12,0
2019-03-21,2.37823480486157e-10,0.9999999997599904,2.186028875594911e-12,0
2019-03-22,0.3342474918510877,0.6657525081103337,3.857858597399034e-11,0
2019-03-25,0.3342474918510877,0.6657525081103337,3.857858597399034e-11,0
2019-03-26,0.3342474918510877,0.6657525081103337,3.857858597399034e-11,0
2019-03-27,0.3342474918510877,0.6657525081103337,3.857858597399034e-11,0
2019-03-28,0.3342474918510877,0.6657525081103337,3.857858597399034e-11,0
2019-03-29,0.364394908110894,0.6356050918512091,3.789695594060799e-11,0
2019-04-01,0.364394908110894,0.6356050918512091,3.789695594060799e-11,0
2019-04-02,0.364394908110894,0.6356050918512091,3.789695594060799e-11,0
2019-04-03,0.364394908110894,0.6356050918512091,3.789695594060799e-11,0
2019-04-04,0.364394908110894,0.6356050918512091,3.789695594060799e-11,0
2019-04-05,0.49039110648019446,0.5096088935115091,8.296471452878077e-12,0
2019-04-08,0.49039110648019446,0.5096088935115091,8.296471452878077e-12,0
2019-04-09,0.49039110648019446,0.5096088935115091,8.296471452878077e-12,0
2019-04-10,0.49039110648019446,0.5096088935115091,8.296471452878077e-12,0
2019-04-11,0.49039110648019446,0.5096088935115091,8.296471452878077e-12,0
2019-04-12,0.5888064964397626,0.4111935033833965,1.7684089918943986e-10,0
2019-04-15,0.5888064964397626,0.4111935033833965,1.7684089918943986e-10,0
2019-04-16,0.5888064964397626,0.4111935033833965,1.7684089918943986e-10,0
2019-04-17,0.5888064964397626,0.4111935033833965,1.7684089918943986e-10,0
2019-04-18,0.5888064964397626,0.4111935033833965,1.7684089918943986e-10,0
2019-04-22,0.5139512126128142,0.48604878738661367,5.721857771246686e-13,0
2019-04-23,0.5139512126128142,0.48604878738661367,5.721857771246686e-13,0
2019-04-24,0.5139512126128142,0.48604878738661367,5.721857771246686e-13,0
2019-04-25,0.5139512126128142,0.48604878738661367,5.721857771246686e-13,0
2019-04-26,0.5139512126128142,0.48604878738661367,5.721857771246686e-13,0
2019-04-29,0.4007741798094157,0.5992258200490956,1.4148872740542708e-10,0
2019-04-30,0.4007741798094157,0.5992258200490956,1.4148872740542708e-10,0
2019-05-01,0.4007741798094157,0.5992258200490956,1.4148872740542708e-10,0
2019-05-02,0.4007741798094157,0.5992258200490956,1.4148872740542708e-10,0
2019-05-03,0.4007741798094157,0.5992258200490956,1.4148872740542708e-10,0
2019-05-06,0.43793698212086685,0.5620630177204359,1.5869737972335262e-10,0
2019-05-07,0.43793698212086685,0.5620630177204359,1.5869737972335262e-10,1
2019-05-08,0.43793698212086685,0.5620630177204359,1.5869737972335262e-10,1
2019-05-09,0.43793698212086685,0.5620630177204359,1.5869737972335262e-10,1
2019-05-10,0.43793698212086685,0.5620630177204359,1.5869737972335262e-10,1
2019-05-13,0.2871822119519,0.5433207771853211,0.169497010862779,1
2019-05-14,0.2871822119519,0.5433207771853211,0.169497010862779,1
2019-05-15,0.2871822119519,0.5433207771853211,0.169497010862779,1
2019-05-16,0.2871822119519,0.5433207771853211,0.169497010862779,1
2019-05-17,0.2871822119519,0.5433207771853211,0.169497010862779,1
2019-05-20,0.2822261308673937,0.5412145154865317,0.1765593536460747,1
2019-05-21,0.2822261308673937,0.5412145154865317,0.1765593536460747,1
2019-05-22,0.2822261308673937,0.5412145154865317,0.1765593536460747,1
2019-05-23,0.2822261308673937,0.5412145154865317,0.1765593536460747,1
2019-05-24,0.2822261308673937,0.5412145154865317,0.1765593536460747,1
2019-05-28,0.2822146527146704,0.5411877453353744,0.1765976019499553,1
2019-05-29,0.2822146527146704,0.5411877453353744,0.1765976019499553,1
2019-05-30,0.2822146527146704,0.5411877453353744,0.1765976019499553,1
2019-05-31,0.2822146527146704,0.5411877453353744,0.1765976019499553,1
2019-06-03,0.2822146527146704,0.5411877453353744,0.1765976019499553,1
2019-06-04,0.2822063826290267,0.5411860218428537,0.1766075955281197,1
2019-06-05,0.2822063826290267,0.5411860218428537,0.1766075955281197,1
2019-06-06,0.2822063826290267,0.5411860218428537,0.1766075955281197,1
2019-06-07,0.2822063826290267,0.5411860218428537,0.1766075955281197,1
2019-06-10,0.2822063826290267,0.5411860218428537,0.1766075955281197,1
2019-06-11,0.23435822329470307,0.7656417751651056,1.54019129098505e-09,0
2019-06-12,0.23435822329470307,0.7656417751651056,1.54019129098505e-09,0
2019-06-13,0.23435822329470307,0.7656417751651056,1.54019129098505e-09,0
2019-06-14,0.23435822329470307,0.7656417751651056,1.54019129098505e-09,0
2019-06-17,0.23435822329470307,0.7656417751651056,1.54019129098505e-09,0
2019-06-18,0.22424318107119454,0.7757568176582547,1.2705507902271874e-09,0
2019-06-19,0.22424318107119454,0.7757568176582547,1.2705507902271874e-09,0
2019-06-20,0.22424318107119454,0.7757568176582547,1.2705507902271874e-09,0
2019-06-21,0.22424318107119454,0.7757568176582547,1.2705507902271874e-09,0
2019-06-24,0.22424318107119454,0.7757568176582547,1.2705507902271874e-09,0
2019-06-25,0.2342846109629203,0.5561684771389489,0.2095469118981309,0
2019-06-26,0.2342846109629203,0.5561684771389489,0.2095469118981309,0
2019-06-27,0.2342846109629203,0.5561684771389489,0.2095469118981309,0
2019-06-28,0.2342846109629203,0.5561684771389489,0.2095469118981309,0
2019-07-01,0.2342846109629203,0.5561684771389489,0.2095469118981309,0
2019-07-02,0.27562446464516355,0.5387259908450072,0.18564954450982923,0
2019-07-03,0.27562446464516355,0.5387259908450072,0.18564954450982923,0
2019-07-05,0.27562446464516355,0.5387259908450072,0.18564954450982923,0
2019-07-08,0.27562446464516355,0.5387259908450072,0.18564954450982923,0
2019-07-09,0.27562446464516355,0.5387259908450072,0.18564954450982923,0
2019-07-10,0.2633927771472681,0.5162071423108244,0.2204000805419075,0
2019-07-11,0.2633927771472681,0.5162071423108244,0.2204000805419075,0
2019-07-12,0.2633927771472681,0.5162071423108244,0.2204000805419075,0
2019-07-15,0.2633927771472681,0.5162071423108244,0.2204000805419075,0
2019-07-16,0.2633927771472681,0.5162071423108244,0.2204000805419075,0
2019-07-17,0.24632681314070373,0.3646450155667454,0.3890281712925509,0
2019-07-18,0.24632681314070373,0.3646450155667454,0.3890281712925509,0
2019-07-19,0.24632681314070373,0.3646450155667454,0.3890281712925509,0
2019-07-22,0.24632681314070373,0.3646450155667454,0.3890281712925509,0
2019-07-23,0.24632681314070373,0.3646450155667454,0.3890281712925509,0
2019-07-24,0.23227737982609084,0.42985664607191315,0.33786597410199604,0
2019-07-25,0.23227737982609084,0.42985664607191315,0.33786597410199604,0
2019-07-26,0.23227737982609084,0.42985664607191315,0.33786597410199604,0
2019-07-29,0.23227737982609084,0.42985664607191315,0.33786597410199604,0
2019-07-30,0.23227737982609084,0.42985664607191315,0.33786597410199604,0
2019-07-31,0.21448610823135833,0.45357613341243536,0.3319377583562063,0
2019-08-01,0.21448610823135833,0.45357613341243536,0.3319377583562063,1
2019-08-02,0.21448610823135833,0.45357613341243536,0.3319377583562063,1
2019-08-05,0.21448610823135833,0.45357613341243536,0.3319377583562063,1
2019-08-06,0.21448610823135833,0.45357613341243536,0.3319377583562063,1
2019-08-07,0.2762050997153125,0.4616829659943874,0.2621119342903001,1
2019-08-08,0.2762050997153125,0.4616829659943874,0.2621119342903001,1
2019-08-09,0.2762050997153125,0.4616829659943874,0.2621119342903001,1
2019-08-12,0.2762050997153125,0.4616829659943874,0.2621119342903001,1
2019-08-13,0.2762050997153125,0.4616829659943874,0.2621119342903001,1
2019-08-14,0.2779384990777924,0.46319200429524265,0.258869496626965,1
2019-08-15,0.2779384990777924,0.46319200429524265,0.258869496626965,1
2019-08-16,0.2779384990777924,0.46319200429524265,0.258869496626965,1
2019-08-19,0.2779384990777924,0.46319200429524265,0.258869496626965,1
2019-08-20,0.2779384990777924,0.46319200429524265,0.258869496626965,1
2019-08-21,0.28424712704382177,0.4631920178972255,0.25256085505895276,1
2019-08-22,0.28424712704382177,0.4631920178972255,0.25256085505895276,1
2019-08-23,0.28424712704382177,0.4631920178972255,0.25256085505895276,1
2019-08-26,0.28424712704382177,0.4631920178972255,0.25256085505895276,1
2019-08-27,0.28424712704382177,0.4631920178972255,0.25256085505895276,1
2019-08-28,0.2890139252821004,0.46319202103271845,0.24779405368518104,1
2019-08-29,0.2890139252821004,0.46319202103271845,0.24779405368518104,1
2019-08-30,0.2890139252821004,0.46319202103271845,0.24779405368518104,1
2019-09-03,0.2890139252821004,0.46319202103271845,0.24779405368518104,1
2019-09-04,0.2890139252821004,0.46319202103271845,0.24779405368518104,1
2019-09-05,0.28901696338989713,0.463192029762784,0.24779100684731892,1
2019-09-06,0.28901696338989713,0.463192029762784,0.24779100684731892,1
2019-09-09,0.28901696338989713,0.463192029762784,0.24779100684731892,1
2019-09-10,0.28901696338989713,0.463192029762784,0.24779100684731892,1
2019-09-11,0.28901696338989713,0.463192029762784,0.24779100684731892,1
2019-09-12,0.20493849097576525,0.4185403076401893,0.37652120138404543,0
2019-09-13,0.20493849097576525,0.4185403076401893,0.37652120138404543,0
2019-09-16,0.20493849097576525,0.4185403076401893,0.37652120138404543,0
2019-09-17,0.20493849097576525,0.4185403076401893,0.37652120138404543,0
2019-09-18,0.20493849097576525,0.4185403076401893,0.37652120138404543,0
2019-09-19,0.20495314053012675,0.42332692521036197,0.37171993425951133,0
2019-09-20,0.20495314053012675,0.42332692521036197,0.37171993425951133,0
2019-09-23,0.20495314053012675,0.42332692521036197,0.37171993425951133,0
2019-09-24,0.20495314053012675,0.42332692521036197,0.37171993425951133,0
2019-09-25,0.20495314053012675,0.42332692521036197,0.37171993425951133,0
2019-09-26,0.1971546727981802,0.48856272463267103,0.3142826025691487,0
2019-09-27,0.1971546727981802,0.48856272463267103,0.3142826025691487,1
2019-09-30,0.1971546727981802,0.48856272463267103,0.3142826025691487,1
2019-10-01,0.1971546727981802,0.48856272463267103,0.3142826025691487,1
2019-10-02,0.1971546727981802,0.48856272463267103,0.3142826025691487,1
2019-10-03,0.307008370819115,0.47861996934004125,0.21437165984084383,1
2019-10-04,0.307008370819115,0.47861996934004125,0.21437165984084383,1
2019-10-07,0.307008370819115,0.47861996934004125,0.21437165984084383,1
2019-10-08,0.307008370819115,0.47861996934004125,0.21437165984084383,1
2019-10-09,0.307008370819115,0.47861996934004125,0.21437165984084383,1
2019-10-10,0.3070086319401147,0.4786199234404355,0.21437144461944987,1
2019-10-11,0.3070086319401147,0.4786199234404355,0.21437144461944987,1
2019-10-14,0.3070086319401147,0.4786199234404355,0.21437144461944987,0
2019-10-15,0.3070086319401147,0.4786199234404355,0.21437144461944987,0
2019-10-16,0.3070086319401147,0.4786199234404355,0.21437144461944987,0
2019-10-17,0.27380420735769345,0.5785758754719105,0.1476199171703961,0
2019-10-18,0.27380420735769345,0.5785758754719105,0.1476199171703961,0
2019-10-21,0.27380420735769345,0.5785758754719105,0.1476199171703961,0
2019-10-22,0.27380420735769345,0.5785758754719105,0.1476199171703961,0
2019-10-23,0.27380420735769345,0.5785758754719105,0.1476199171703961,0
2019-10-24,0.2816291236361649,0.5789608021549542,0.13941007420888102,0
2019-10-25,0.2816291236361649,0.5789608021549542,0.13941007420888102,0
2019-10-28,0.2816291236361649,0.5789608021549542,0.13941007420888102,0
2019-10-29,0.2816291236361649,0.5789608021549542,0.13941007420888102,0
2019-10-30,0.2816291236361649,0.5789608021549542,0.13941007420888102,0
2019-10-31,0.3294571850100092,0.5292103697196523,0.14133244527033847,0
2019-11-01,0.3294571850100092,0.5292103697196523,0.14133244527033847,0
2019-11-04,0.3294571850100092,0.5292103697196523,0.14133244527033847,0
2019-11-05,0.3294571850100092,0.5292103697196523,0.14133244527033847,0
2019-11-06,0.3294571850100092,0.5292103697196523,0.14133244527033847,0
2019-11-07,0.3209685928064072,0.5693719589397024,0.10965944825389033,0
2019-11-08,0.3209685928064072,0.5693719589397024,0.10965944825389033,0
2019-11-11,0.3209685928064072,0.5693719589397024,0.10965944825389033,0
2019-11-12,0.3209685928064072,0.5693719589397024,0.10965944825389033,0
2019-11-13,0.3209685928064072,0.5693719589397024,0.10965944825389033,0
2019-11-14,0.3358151650245682,0.4828531827139266,0.1813316522615053,0
2019-11-15,0.3358151650245682,0.4828531827139266,0.1813316522615053,0
2019-11-18,0.3358151650245682,0.4828531827139266,0.1813316522615053,0
2019-11-19,0.3358151650245682,0.4828531827139266,0.1813316522615053,0
2019-11-20,0.3358151650245682,0.4828531827139266,0.1813316522615053,0
2019-11-21,0.3569077136526966,0.5462905783526003,0.09680170799470308,0
2019-11-22,0.3569077136526966,0.5462905783526003,0.09680170799470308,0
2019-11-25,0.3569077136526966,0.5462905783526003,0.09680170799470308,0
2019-11-26,0.3569077136526966,0.5462905783526003,0.09680170799470308,0
2019-11-27,0.3569077136526966,0.5462905783526003,0.09680170799470308,0
2019-11-29,0.37607068809070476,0.5512807126021076,0.07264859930718752,0
2019-12-02,0.37607068809070476,0.5512807126021076,0.07264859930718752,0
2019-12-03,0.37607068809070476,0.5512807126021076,0.07264859930718752,0
2019-12-04,0.37607068809070476,0.5512807126021076,0.07264859930718752,0
2019-12-05,0.37607068809070476,0.5512807126021076,0.07264859930718752,0
2019-12-06,0.3818049113022081,0.45474862309454145,0.16344646560325046,0
2019-12-09,0.3818049113022081,0.45474862309454145,0.16344646560325046,0
2019-12-10,0.3818049113022081,0.45474862309454145,0.16344646560325046,0
2019-12-11,0.3818049113022081,0.45474862309454145,0.16344646560325046,0
2019-12-12,0.3818049113022081,0.45474862309454145,0.16344646560325046,0
2019-12-13,0.422337855248543,0.42660536034472696,0.15105678440673007,0
2019-12-16,0.422337855248543,0.42660536034472696,0.15105678440673007,0
2019-12-17,0.422337855248543,0.42660536034472696,0.15105678440673007,0
2019-12-18,0.422337855248543,0.42660536034472696,0.15105678440673007,0
2019-12-19,0.422337855248543,0.42660536034472696,0.15105678440673007,0
2019-12-20,0.47019259957589526,0.30420886616088133,0.22559853426322335,0
2019-12-23,0.47019259957589526,0.30420886616088133,0.22559853426322335,0
2019-12-24,0.47019259957589526,0.30420886616088133,0.22559853426322335,0
2019-12-26,0.47019259957589526,0.30420886616088133,0.22559853426322335,0
2019-12-27,0.47019259957589526,0.30420886616088133,0.22559853426322335,0
2019-12-30,0.5149607936382405,0.34558781449321835,0.13945139186854116,0
2019-12-31,0.5149607936382405,0.34558781449321835,0.13945139186854116,0
2020-01-02,0.5149607936382405,0.34558781449321835,0.13945139186854116,0
2020-01-03,0.5149607936382405,0.34558781449321835,0.13945139186854116,0
2020-01-06,0.5149607936382405,0.34558781449321835,0.13945139186854116,0
2020-01-07,0.5174380363172174,0.2659811890310756,0.21658077465170691,0
2020-01-08,0.5174380363172174,0.2659811890310756,0.21658077465170691,0
2020-01-09,0.5174380363172174,0.2659811890310756,0.21658077465170691,0
2020-01-10,0.5174380363172174,0.2659811890310756,0.21658077465170691,0
2020-01-13,0.5174380363172174,0.2659811890310756,0.21658077465170691,0
2020-01-14,0.5169924741600945,0.29584526535223615,0.18716226048766924,0
2020-01-15,0.5169924741600945,0.29584526535223615,0.18716226048766924,0
2020-01-16,0.5169924741600945,0.29584526535223615,0.18716226048766924,0
2020-01-17,0.5169924741600945,0.29584526535223615,0.18716226048766924,0
2020-01-21,0.5169924741600945,0.29584526535223615,0.18716226048766924,0
2020-01-22,0.4994304616676351,0.31800753723116776,0.18256200110119716,0
2020-01-23,0.4994304616676351,0.31800753723116776,0.18256200110119716,0
2020-01-24,0.4994304616676351,0.31800753723116776,0.18256200110119716,0
2020-01-27,0.4994304616676351,0.31800753723116776,0.18256200110119716,1
2020-01-28,0.4994304616676351,0.31800753723116776,0.18256200110119716,1
2020-01-29,0.49375178694730637,0.32368465718768996,0.1825635558650037,1
2020-01-30,0.49375178694730637,0.32368465718768996,0.1825635558650037,1
2020-01-31,0.49375178694730637,0.32368465718768996,0.1825635558650037,1
2020-02-03,0.49375178694730637,0.32368465718768996,0.1825635558650037,1
2020-02-04,0.49375178694730637,0.32368465718768996,0.1825635558650037,1
2020-02-05,0.4928659479094273,0.324569305809768,0.1825647462808048,1
2020-02-06,0.4928659479094273,0.324569305809768,0.1825647462808048,0
2020-02-07,0.4928659479094273,0.324569305809768,0.1825647462808048,0
2020-02-10,0.4928659479094273,0.324569305809768,0.1825647462808048,0
2020-02-11,0.4928659479094273,0.324569305809768,0.1825647462808048,0
2020-02-12,0.5018905832594254,0.3630679255053999,0.13504149123517475,0
2020-02-13,0.5018905832594254,0.3630679255053999,0.13504149123517475,0
2020-02-14,0.5018905832594254,0.3630679255053999,0.13504149123517475,0
2020-02-18,0.5018905832594254,0.3630679255053999,0.13504149123517475,0
2020-02-19,0.5018905832594254,0.3630679255053999,0.13504149123517475,0
2020-02-20,0.49204435265453866,0.36709598363708196,0.14085966370837932,0
2020-02-21,0.49204435265453866,0.36709598363708196,0.14085966370837932,0
2020-02-24,0.49204435265453866,0.36709598363708196,0.14085966370837932,2
2020-02-25,0.49204435265453866,0.36709598363708196,0.14085966370837932,2
2020-02-26,0.49204435265453866,0.36709598363708196,0.14085966370837932,2
2020-02-27,0.4920443511090504,0.3670959848911801,0.14085966399976949,2
2020-02-28,0.4920443511090504,0.3670959848911801,0.14085966399976949,2
2020-03-02,0.4920443511090504,0.3670959848911801,0.14085966399976949,2
2020-03-03,0.4920443511090504,0.3670959848911801,0.14085966399976949,2
2020-03-04,0.4920443511090504,0.3670959848911801,0.14085966399976949,2
2020-03-05,0.49204418623672735,0.3670961414272848,0.14085967233598787,2
2020-03-06,0.49204418623672735,0.3670961414272848,0.14085967233598787,2
2020-03-09,0.49204418623672735,0.3670961414272848,0.14085967233598787,2
2020-03-10,0.49204418623672735,0.3670961414272848,0.14085967233598787,2
2020-03-11,0.49204418623672735,0.3670961414272848,0.14085967233598787,2
2020-03-12,0.4354017307098443,0.3670972533295516,0.1975010159606041,2
2020-03-13,0.4354017307098443,0.3670972533295516,0.1975010159606041,2
2020-03-16,0.4354017307098443,0.3670972533295516,0.1975010159606041,2
2020-03-17,0.4354017307098443,0.3670972533295516,0.1975010159606041,2
2020-03-18,0.4354017307098443,0.3670972533295516,0.1975010159606041,2
2020-03-19,0.3324073329982862,0.38756382686004776,0.280028840141666,2
2020-03-20,0.3324073329982862,0.38756382686004776,0.280028840141666,2
2020-03-23,0.3324073329982862,0.38756382686004776,0.280028840141666,2
2020-03-24,0.3324073329982862,0.38756382686004776,0.280028840141666,2
2020-03-25,0.3324073329982862,0.38756382686004776,0.280028840141666,2
2020-03-26,0.33041492549312623,0.3895558248408893,0.2800292496659846,2
2020-03-27,0.33041492549312623,0.3895558248408893,0.2800292496659846,2
2020-03-30,0.33041492549312623,0.3895558248408893,0.2800292496659846,2
2020-03-31,0.33041492549312623,0.3895558248408893,0.2800292496659846,2
2020-04-01,0.33041492549312623,0.3895558248408893,0.2800292496659846,2
2020-04-02,0.3184012603060225,0.4015692927060532,0.28002944698792437,2
2020-04-03,0.3184012603060225,0.4015692927060532,0.28002944698792437,2
2020-04-06,0.3184012603060225,0.4015692927060532,0.28002944698792437,2
2020-04-07,0.3184012603060225,0.4015692927060532,0.28002944698792437,2
2020-04-08,0.3184012603060225,0.4015692927060532,0.28002944698792437,2
2020-04-09,0.3070471309659748,0.41292327551162916,0.28002959352239615,2
2020-04-13,0.3070471309659748,0.41292327551162916,0.28002959352239615,2
2020-04-14,0.3070471309659748,0.41292327551162916,0.28002959352239615,2
2020-04-15,0.3070471309659748,0.41292327551162916,0.28002959352239615,2
2020-04-16,0.3070471309659748,0.41292327551162916,0.28002959352239615,2
2020-04-17,0.30466532939402363,0.4153049279368904,0.28002974266908603,2
2020-04-20,0.30466532939402363,0.4153049279368904,0.28002974266908603,2
2020-04-21,0.30466532939402363,0.4153049279368904,0.28002974266908603,2
2020-04-22,0.30466532939402363,0.4153049279368904,0.28002974266908603,2
2020-04-23,0.30466532939402363,0.4153049279368904,0.28002974266908603,2
2020-04-24,0.30274625878920464,0.41722383342008884,0.2800299077907066,2
2020-04-27,0.30274625878920464,0.41722383342008884,0.2800299077907066,2
2020-04-28,0.30274625878920464,0.41722383342008884,0.2800299077907066,2
2020-04-29,0.30274625878920464,0.41722383342008884,0.2800299077907066,2
2020-04-30,0.30274625878920464,0.41722383342008884,0.2800299077907066,2
2020-05-01,0.30273306678900735,0.4172370042255763,0.28002992898541634,2
2020-05-04,0.30273306678900735,0.4172370042255763,0.28002992898541634,2
2020-05-05,0.30273306678900735,0.4172370042255763,0.28002992898541634,2
2020-05-06,0.30273306678900735,0.4172370042255763,0.28002992898541634,2
2020-05-07,0.30273306678900735,0.4172370042255763,0.28002992898541634,2
2020-05-08,0.3027284708202741,0.41724156401864393,0.280029965161082,2
2020-05-11,0.3027284708202741,0.41724156401864393,0.280029965161082,2
2020-05-12,0.3027284708202741,0.41724156401864393,0.280029965161082,2
2020-05-13,0.3027284708202741,0.41724156401864393,0.280029965161082,2
2020-05-14,0.3027284708202741,0.41724156401864393,0.280029965161082,2
2020-05-15,0.3027281802531403,0.417241850436809,0.2800299693100507,2
2020-05-18,0.3027281802531403,0.417241850436809,0.2800299693100507,2
2020-05-19,0.3027281802531403,0.417241850436809,0.2800299693100507,2
2020-05-20,0.3027281802531403,0.417241850436809,0.2800299693100507,2
2020-05-21,0.3027281802531403,0.417241850436809,0.2800299693100507,2
2020-05-22,0.302728034538951,0.4172419939630891,0.28002997149795983,2
2020-05-26,0.302728034538951,0.4172419939630891,0.28002997149795983,2
2020-05-27,0.302728034538951,0.4172419939630891,0.28002997149795983,2
2020-05-28,0.302728034538951,0.4172419939630891,0.28002997149795983,1
2020-05-29,0.302728034538951,0.4172419939630891,0.28002997149795983,1
2020-06-01,0.2864922582530332,0.43347677021160874,0.28003097153535805,1
2020-06-02,0.2864922582530332,0.43347677021160874,0.28003097153535805,1
2020-06-03,0.2864922582530332,0.43347677021160874,0.28003097153535805,1
2020-06-04,0.2864922582530332,0.43347677021160874,0.28003097153535805,1
2020-06-05,0.2864922582530332,0.43347677021160874,0.28003097153535805,1
2020-06-08,0.2864919678481416,0.43347697123619927,0.2800310609156591,1
2020-06-09,0.2864919678481416,0.43347697123619927,0.2800310609156591,1
2020-06-10,0.2864919678481416,0.43347697123619927,0.2800310609156591,1
2020-06-11,0.2864919678481416,0.43347697123619927,0.2800310609156591,2
2020-06-12,0.2864919678481416,0.43347697123619927,0.2800310609156591,2
2020-06-15,0.28649154123973564,0.43347740670345986,0.2800310520568045,2
2020-06-16,0.28649154123973564,0.43347740670345986,0.2800310520568045,2
2020-06-17,0.28649154123973564,0.43347740670345986,0.2800310520568045,2
2020-06-18,0.28649154123973564,0.43347740670345986,0.2800310520568045,2
2020-06-19,0.28649154123973564,0.43347740670345986,0.2800310520568045,2
2020-06-22,0.2864912363430153,0.4334776616056035,0.28003110205138115,2
2020-06-23,0.2864912363430153,0.4334776616056035,0.28003110205138115,2
2020-06-24,0.2864912363430153,0.4334776616056035,0.28003110205138115,2
2020-06-25,0.2864912363430153,0.4334776616056035,0.28003110205138115,2
2020-06-26,0.2864912363430153,0.4334776616056035,0.28003110205138115,2
2020-06-29,0.28649052107980355,0.433478247093394,0.28003123182680245,2
2020-06-30,0.28649052107980355,0.433478247093394,0.28003123182680245,2
2020-07-01,0.28649052107980355,0.433478247093394,0.28003123182680245,2
2020-07-02,0.28649052107980355,0.433478247093394,0.28003123182680245,2
2020-07-06,0.28649052107980355,0.433478247093394,0.28003123182680245,2
2020-07-07,0.28649050149048566,0.4334782606802062,0.28003123782930817,2
2020-07-08,0.28649050149048566,0.4334782606802062,0.28003123782930817,2
2020-07-09,0.28649050149048566,0.4334782606802062,0.28003123782930817,2
2020-07-10,0.28649050149048566,0.4334782606802062,0.28003123782930817,2
2020-07-13,0.28649050149048566,0.4334782606802062,0.28003123782930817,2
2020-07-14,0.28649048175199077,0.4334782727791499,0.2800312454688594,2
2020-07-15,0.28649048175199077,0.4334782727791499,0.2800312454688594,1
2020-07-16,0.28649048175199077,0.4334782727791499,0.2800312454688594,1
2020-07-17,0.28649048175199077,0.4334782727791499,0.2800312454688594,1
2020-07-20,0.28649048175199077,0.4334782727791499,0.2800312454688594,1
2020-07-21,0.27637020326112804,0.43347839176701647,0.2901514049718554,1
2020-07-22,0.27637020326112804,0.43347839176701647,0.2901514049718554,1
2020-07-23,0.27637020326112804,0.43347839176701647,0.2901514049718554,1
2020-07-24,0.27637020326112804,0.43347839176701647,0.2901514049718554,1
2020-07-27,0.27637020326112804,0.43347839176701647,0.2901514049718554,1
2020-07-28,0.2763676404145939,0.43347857934443157,0.29015378024097455,1
2020-07-29,0.2763676404145939,0.43347857934443157,0.29015378024097455,1
2020-07-30,0.2763676404145939,0.43347857934443157,0.29015378024097455,1
2020-07-31,0.2763676404145939,0.43347857934443157,0.29015378024097455,1
2020-08-03,0.2763676404145939,0.43347857934443157,0.29015378024097455,1
2020-08-04,0.2747914988572756,0.4334787806843596,0.29172972045836487,1
2020-08-05,0.2747914988572756,0.4334787806843596,0.29172972045836487,1
2020-08-06,0.2747914988572756,0.4334787806843596,0.29172972045836487,1
2020-08-07,0.2747914988572756,0.4334787806843596,0.29172972045836487,1
2020-08-10,0.2747914988572756,0.4334787806843596,0.29172972045836487,1
2020-08-11,0.2747890333401218,0.43347930613838787,0.29173166052149035,1
2020-08-12,0.2747890333401218,0.43347930613838787,0.29173166052149035,1
2020-08-13,0.2747890333401218,0.43347930613838787,0.29173166052149035,1
2020-08-14,0.2747890333401218,0.43347930613838787,0.29173166052149035,1
2020-08-17,0.2747890333401218,0.43347930613838787,0.29173166052149035,1
2020-08-18,0.27478905034384005,0.43860996524009377,0.2866009844160663,1
2020-08-19,0.27478905034384005,0.43860996524009377,0.2866009844160663,1
2020-08-20,0.27478905034384005,0.43860996524009377,0.2866009844160663,1
2020-08-21,0.27478905034384005,0.43860996524009377,0.2866009844160663,1
2020-08-24,0.27478905034384005,0.43860996524009377,0.2866009844160663,1
2020-08-25,0.2747890682782643,0.44506183220965334,0.2801490995120824,1
2020-08-26,0.2747890682782643,0.44506183220965334,0.2801490995120824,1
2020-08-27,0.2747890682782643,0.44506183220965334,0.2801490995120824,1
2020-08-28,0.2747890682782643,0.44506183220965334,0.2801490995120824,1
2020-08-31,0.2747890682782643,0.44506183220965334,0.2801490995120824,1
2020-09-01,0.27478913662001836,0.4450619859854165,0.28014887739456507,2
2020-09-02,0.27478913662001836,0.4450619859854165,0.28014887739456507,2
2020-09-03,0.27478913662001836,0.4450619859854165,0.28014887739456507,2
2020-09-04,0.27478913662001836,0.4450619859854165,0.28014887739456507,2
2020-09-08,0.27478913662001836,0.4450619859854165,0.28014887739456507,2
2020-09-09,0.2747888238385938,0.445062476886491,0.2801486992749151,2
2020-09-10,0.2747888238385938,0.445062476886491,0.2801486992749151,2
2020-09-11,0.2747888238385938,0.445062476886491,0.2801486992749151,1
2020-09-14,0.2747888238385938,0.445062476886491,0.2801486992749151,1
2020-09-15,0.2747888238385938,0.445062476886491,0.2801486992749151,1
2020-09-16,0.2691289058121797,0.45072314078698755,0.28014795340083287,1
2020-09-17,0.2691289058121797,0.45072314078698755,0.28014795340083287,1
2020-09-18,0.2691289058121797,0.45072314078698755,0.28014795340083287,1
2020-09-21,0.2691289058121797,0.45072314078698755,0.28014795340083287,1
2020-09-22,0.2691289058121797,0.45072314078698755,0.28014795340083287,1
2020-09-23,0.2676115002336429,0.45224338023417043,0.2801451195321866,1
2020-09-24,0.2676115002336429,0.45224338023417043,0.2801451195321866,1
2020-09-25,0.2676115002336429,0.45224338023417043,0.2801451195321866,1
2020-09-28,0.2676115002336429,0.45224338023417043,0.2801451195321866,1
2020-09-29,0.2676115002336429,0.45224338023417043,0.2801451195321866,1
2020-09-30,0.2642120552502763,0.455649121382029,0.28013882336769463,1
2020-10-01,0.2642120552502763,0.455649121382029,0.28013882336769463,1
2020-10-02,0.2642120552502763,0.455649121382029,0.28013882336769463,1
2020-10-05,0.2642120552502763,0.455649121382029,0.28013882336769463,1
2020-10-06,0.2642120552502763,0.455649121382029,0.28013882336769463,1
2020-10-07,0.26421195675490633,0.45678381382381394,0.27900422942127967,1
2020-10-08,0.26421195675490633,0.45678381382381394,0.27900422942127967,1
2020-10-09,0.26421195675490633,0.45678381382381394,0.27900422942127967,1
2020-10-12,0.26421195675490633,0.45678381382381394,0.27900422942127967,1
2020-10-13,0.26421195675490633,0.45678381382381394,0.27900422942127967,1
2020-10-14,0.2641862326473335,0.4610215496812151,0.27479221767145157,1
2020-10-15,0.2641862326473335,0.4610215496812151,0.27479221767145157,1
2020-10-16,0.2641862326473335,0.4610215496812151,0.27479221767145157,1
2020-10-19,0.2641862326473335,0.4610215496812151,0.27479221767145157,1
2020-10-20,0.2641862326473335,0.4610215496812151,0.27479221767145157,1
2020-10-21,0.26342221762037255,0.4617919405522279,0.2747858418273996,1
2020-10-22,0.26342221762037255,0.4617919405522279,0.2747858418273996,1
2020-10-23,0.26342221762037255,0.4617919405522279,0.2747858418273996,1
2020-10-26,0.26342221762037255,0.4617919405522279,0.2747858418273996,2
2020-10-27,0.26342221762037255,0.4617919405522279,0.2747858418273996,2
2020-10-28,0.2634220931396634,0.46179221826187805,0.27478568859845864,2
2020-10-29,0.2634220931396634,0.46179221826187805,0.27478568859845864,2
2020-10-30,0.2634220931396634,0.46179221826187805,0.27478568859845864,2
2020-11-02,0.2634220931396634,0.46179221826187805,0.27478568859845864,2
2020-11-03,0.2634220931396634,0.46179221826187805,0.27478568859845864,2
2020-11-04,0.2634220819039888,0.46179223464807106,0.27478568344794024,2
2020-11-05,0.2634220819039888,0.46179223464807106,0.27478568344794024,2
2020-11-06,0.2634220819039888,0.46179223464807106,0.27478568344794024,2
2020-11-09,0.2634220819039888,0.46179223464807106,0.27478568344794024,2
2020-11-10,0.2634220819039888,0.46179223464807106,0.27478568344794024,1
2020-11-11,0.26217864529088414,0.46861975508343856,0.2692015996256773,1
2020-11-12,0.26217864529088414,0.46861975508343856,0.2692015996256773,1
2020-11-13,0.26217864529088414,0.46861975508343856,0.2692015996256773,1
2020-11-16,0.26217864529088414,0.46861975508343856,0.2692015996256773,1
2020-11-17,0.26217864529088414,0.46861975508343856,0.2692015996256773,1
2020-11-18,0.26214566237339404,0.46881387911905065,0.2690404585075552,1
2020-11-19,0.26214566237339404,0.46881387911905065,0.2690404585075552,1
2020-11-20,0.26214566237339404,0.46881387911905065,0.2690404585075552,1
2020-11-23,0.26214566237339404,0.46881387911905065,0.2690404585075552,1
2020-11-24,0.26214566237339404,0.46881387911905065,0.2690404585075552,1
2020-11-25,0.26214558659849047,0.4718353736986181,0.2660190397028914,1
2020-11-27,0.26214558659849047,0.4718353736986181,0.2660190397028914,1
2020-11-30,0.26214558659849047,0.4718353736986181,0.2660190397028914,1
2020-12-01,0.26214558659849047,0.4718353736986181,0.2660190397028914,1
2020-12-02,0.26214558659849047,0.4718353736986181,0.2660190397028914,1
2020-12-03,0.26214540089521843,0.4750147385026636,0.2628398606021179,1
2020-12-04,0.26214540089521843,0.4750147385026636,0.2628398606021179,1
2020-12-07,0.26214540089521843,0.4750147385026636,0.2628398606021179,1
2020-12-08,0.26214540089521843,0.4750147385026636,0.2628398606021179,1
2020-12-09,0.26214540089521843,0.4750147385026636,0.2628398606021179,1
2020-12-10,0.26214540709479056,0.476735931034052,0.26111866187115756,1
2020-12-11,0.26214540709479056,0.476735931034052,0.26111866187115756,1
2020-12-14,0.26214540709479056,0.476735931034052,0.26111866187115756,1
2020-12-15,0.26214540709479056,0.476735931034052,0.26111866187115756,1
2020-12-16,0.26214540709479056,0.476735931034052,0.26111866187115756,1
2020-12-17,0.2621453818514707,0.4801635947378757,0.2576910234106537,1
2020-12-18,0.2621453818514707,0.4801635947378757,0.2576910234106537,1
2020-12-21,0.2621453818514707,0.4801635947378757,0.2576910234106537,1
2020-12-22,0.2621453818514707,0.4801635947378757,0.2576910234106537,1
2020-12-23,0.2621453818514707,0.4801635947378757,0.2576910234106537,1
2020-12-24,0.26214538964044587,0.4806142746139635,0.2572403357455905,1
2020-12-28,0.26214538964044587,0.4806142746139635,0.2572403357455905,1
2020-12-29,0.26214538964044587,0.4806142746139635,0.2572403357455905,1
2020-12-30,0.26214538964044587,0.4806142746139635,0.2572403357455905,1
2020-12-31,0.26214538964044587,0.4806142746139635,0.2572403357455905,1
2021-01-04,0.26214539375263896,0.481954442191663,0.255900164055698,1
2021-01-05,0.26214539375263896,0.481954442191663,0.255900164055698,1
2021-01-06,0.26214539375263896,0.481954442191663,0.255900164055698,1
2021-01-07,0.26214539375263896,0.481954442191663,0.255900164055698,1
2021-01-08,0.26214539375263896,0.481954442191663,0.255900164055698,1
2021-01-11,0.26259321591832024,0.48615509787822614,0.2512516862034537,1
2021-01-12,0.26259321591832024,0.48615509787822614,0.2512516862034537,1
2021-01-13,0.26259321591832024,0.48615509787822614,0.2512516862034537,1
2021-01-14,0.26259321591832024,0.48615509787822614,0.2512516862034537,1
2021-01-15,0.26259321591832024,0.48615509787822614,0.2512516862034537,1
2021-01-19,0.26259441646599385,0.48617465455063247,0.2512309289833736,1
2021-01-20,0.26259441646599385,0.48617465455063247,0.2512309289833736,1
2021-01-21,0.26259441646599385,0.48617465455063247,0.2512309289833736,1
2021-01-22,0.26259441646599385,0.48617465455063247,0.2512309289833736,1
2021-01-25,0.26259441646599385,0.48617465455063247,0.2512309289833736,1
2021-01-26,0.2625944920866996,0.4880285125330755,0.24937699538022484,1
2021-01-27,0.2625944920866996,0.4880285125330755,0.24937699538022484,2
2021-01-28,0.2625944920866996,0.4880285125330755,0.24937699538022484,2
2021-01-29,0.2625944920866996,0.4880285125330755,0.24937699538022484,2
2021-02-01,0.2625944920866996,0.4880285125330755,0.24937699538022484,2
2021-02-02,0.262593984596224,0.4899294441961398,0.24747657120763605,1
2021-02-03,0.262593984596224,0.4899294441961398,0.24747657120763605,1
2021-02-04,0.262593984596224,0.4899294441961398,0.24747657120763605,1
2021-02-05,0.262593984596224,0.4899294441961398,0.24747657120763605,1
2021-02-08,0.262593984596224,0.4899294441961398,0.24747657120763605,1
2021-02-09,0.26259357019215696,0.49204451876009964,0.2453619110477435,1
2021-02-10,0.26259357019215696,0.49204451876009964,0.2453619110477435,1
2021-02-11,0.26259357019215696,0.49204451876009964,0.2453619110477435,1
2021-02-12,0.26259357019215696,0.49204451876009964,0.2453619110477435,1
2021-02-16,0.26259357019215696,0.49204451876009964,0.2453619110477435,1
2021-02-17,0.2625936972555923,0.49205966660801664,0.2453466361363911,1
2021-02-18,0.2625936972555923,0.49205966660801664,0.2453466361363911,1
2021-02-19,0.2625936972555923,0.49205966660801664,0.2453466361363911,1
2021-02-22,0.2625936972555923,0.49205966660801664,0.2453466361363911,1
2021-02-23,0.2625936972555923,0.49205966660801664,0.2453466361363911,1
2021-02-24,0.26259365091036885,0.49206010732507544,0.24534624176455577,1
2021-02-25,0.26259365091036885,0.49206010732507544,0.24534624176455577,2
2021-02-26,0.26259365091036885,0.49206010732507544,0.24534624176455577,2
2021-03-01,0.26259365091036885,0.49206010732507544,0.24534624176455577,1
2021-03-02,0.26259365091036885,0.49206010732507544,0.24534624176455577,1
2021-03-03,0.2625980552045875,0.49205683813761597,0.24534510665779652,1
2021-03-04,0.2625980552045875,0.49205683813761597,0.24534510665779652,1
2021-03-05,0.2625980552045875,0.49205683813761597,0.24534510665779652,1
2021-03-08,0.2625980552045875,0.49205683813761597,0.24534510665779652,1
2021-03-09,0.2625980552045875,0.49205683813761597,0.24534510665779652,1
2021-03-10,0.2625980457199379,0.4920579256226117,0.2453440286574503,1
2021-03-11,0.2625980457199379,0.4920579256226117,0.2453440286574503,1
2021-03-12,0.2625980457199379,0.4920579256226117,0.2453440286574503,1
2021-03-15,0.2625980457199379,0.4920579256226117,0.2453440286574503,1
2021-03-16,0.2625980457199379,0.4920579256226117,0.2453440286574503,1
2021-03-17,0.29100844413932564,0.4920577832557514,0.21693377260492308,1
2021-03-18,0.29100844413932564,0.4920577832557514,0.21693377260492308,1
2021-03-19,0.29100844413932564,0.4920577832557514,0.21693377260492308,1
2021-03-22,0.29100844413932564,0.4920577832557514,0.21693377260492308,1
2021-03-23,0.29100844413932564,0.4920577832557514,0.21693377260492308,1
2021-03-24,0.2646918255076682,0.5875611222397047,0.14774705225262724,1
2021-03-25,0.2646918255076682,0.5875611222397047,0.14774705225262724,1
2021-03-26,0.2646918255076682,0.5875611222397047,0.14774705225262724,1
2021-03-29,0.2646918255076682,0.5875611222397047,0.14774705225262724,1
2021-03-30,0.2646918255076682,0.5875611222397047,0.14774705225262724,1
2021-03-31,0.27560682837877243,0.5806074219041772,0.1437857497170504,1
2021-04-01,0.27560682837877243,0.5806074219041772,0.1437857497170504,1
2021-04-05,0.27560682837877243,0.5806074219041772,0.1437857497170504,1
2021-04-06,0.27560682837877243,0.5806074219041772,0.1437857497170504,1
2021-04-07,0.27560682837877243,0.5806074219041772,0.1437857497170504,1
2021-04-08,0.30427779613829625,0.551936492806231,0.14378571105547286,1
2021-04-09,0.30427779613829625,0.551936492806231,0.14378571105547286,1
2021-04-12,0.30427779613829625,0.551936492806231,0.14378571105547286,1
2021-04-13,0.30427779613829625,0.551936492806231,0.14378571105547286,1
2021-04-14,0.30427779613829625,0.551936492806231,0.14378571105547286,1
2021-04-15,0.3126102840659128,0.5436058840444421,0.14378383188964514,1
2021-04-16,0.3126102840659128,0.5436058840444421,0.14378383188964514,1
2021-04-19,0.3126102840659128,0.5436058840444421,0.14378383188964514,1
2021-04-20,0.3126102840659128,0.5436058840444421,0.14378383188964514,1
2021-04-21,0.3126102840659128,0.5436058840444421,0.14378383188964514,1
2021-04-22,0.31261379952203305,0.5436036539001701,0.14378254657779693,1
2021-04-23,0.31261379952203305,0.5436036539001701,0.14378254657779693,1
2021-04-26,0.31261379952203305,0.5436036539001701,0.14378254657779693,1
2021-04-27,0.31261379952203305,0.5436036539001701,0.14378254657779693,1
2021-04-28,0.31261379952203305,0.5436036539001701,0.14378254657779693,1
2021-04-29,0.3126139645932415,0.5436035731088215,0.14378246229793715,1
2021-04-30,0.3126139645932415,0.5436035731088215,0.14378246229793715,1
2021-05-03,0.3126139645932415,0.5436035731088215,0.14378246229793715,1
2021-05-04,0.3126139645932415,0.5436035731088215,0.14378246229793715,1
2021-05-05,0.3126139645932415,0.5436035731088215,0.14378246229793715,1
2021-05-06,0.31261728230457403,0.5436005227979778,0.14378219489744823,1
2021-05-07,0.31261728230457403,0.5436005227979778,0.14378219489744823,1
2021-05-10,0.31261728230457403,0.5436005227979778,0.14378219489744823,1
2021-05-11,0.31261728230457403,0.5436005227979778,0.14378219489744823,1
2021-05-12,0.31261728230457403,0.5436005227979778,0.14378219489744823,1
2021-05-13,0.3126175011215697,0.5436003758603164,0.14378212301811388,1
2021-05-14,0.3126175011215697,0.5436003758603164,0.14378212301811388,1
2021-05-17,0.3126175011215697,0.5436003758603164,0.14378212301811388,1
2021-05-18,0.3126175011215697,0.5436003758603164,0.14378212301811388,1
2021-05-19,0.3126175011215697,0.5436003758603164,0.14378212301811388,1
2021-05-20,0.31261750471200817,0.5436003735314477,0.1437821217565441,1
2021-05-21,0.31261750471200817,0.5436003735314477,0.1437821217565441,1
2021-05-24,0.31261750471200817,0.5436003735314477,0.1437821217565441,1
2021-05-25,0.31261750471200817,0.5436003735314477,0.1437821217565441,1
2021-05-26,0.31261750471200817,0.5436003735314477,0.1437821217565441,1
2021-05-27,0.3126175112327116,0.5436003630382609,0.14378212572902757,1
2021-05-28,0.3126175112327116,0.5436003630382609,0.14378212572902757,1
2021-06-01,0.3126175112327116,0.5436003630382609,0.14378212572902757,1
2021-06-02,0.3126175112327116,0.5436003630382609,0.14378212572902757,1
2021-06-03,0.3126175112327116,0.5436003630382609,0.14378212572902757,1
2021-06-04,0.3126173740623449,0.5436003593946737,0.14378226654298154,1
2021-06-07,0.3126173740623449,0.5436003593946737,0.14378226654298154,1
2021-06-08,0.3126173740623449,0.5436003593946737,0.14378226654298154,1
2021-06-09,0.3126173740623449,0.5436003593946737,0.14378226654298154,1
2021-06-10,0.3126173740623449,0.5436003593946737,0.14378226654298154,1
2021-06-11,0.31261736252851624,0.5436003645180006,0.14378227295348314,1
2021-06-14,0.31261736252851624,0.5436003645180006,0.14378227295348314,1
2021-06-15,0.31261736252851624,0.5436003645180006,0.14378227295348314,1
2021-06-16,0.31261736252851624,0.5436003645180006,0.14378227295348314,1
2021-06-17,0.31261736252851624,0.5436003645180006,0.14378227295348314,1
2021-06-18,0.3126181489625804,0.5435995953987177,0.143782255638702,1
2021-06-21,0.3126181489625804,0.5435995953987177,0.143782255638702,1
2021-06-22,0.3126181489625804,0.5435995953987177,0.143782255638702,1
2021-06-23,0.3126181489625804,0.5435995953987177,0.143782255638702,0
2021-06-24,0.3126181489625804,0.5435995953987177,0.143782255638702,0
2021-06-25,0.9999999951316532,1.2427542780329803e-09,3.6255924729793583e-09,0
2021-06-28,0.9999999951316532,1.2427542780329803e-09,3.6255924729793583e-09,0
2021-06-29,0.9999999951316532,1.2427542780329803e-09,3.6255924729793583e-09,0
2021-06-30,0.9999999951316532,1.2427542780329803e-09,3.6255924729793583e-09,0
2021-07-01,0.9999999951316532,1.2427542780329803e-09,3.6255924729793583e-09,0
2021-07-02,0.9999999957461156,1.1049178195278186e-09,3.14896653530872e-09,0
2021-07-06,0.9999999957461156,1.1049178195278186e-09,3.14896653530872e-09,0
2021-07-07,0.9999999957461156,1.1049178195278186e-09,3.14896653530872e-09,0
2021-07-08,0.9999999957461156,1.1049178195278186e-09,3.14896653530872e-09,1
2021-07-09,0.9999999957461156,1.1049178195278186e-09,3.14896653530872e-09,1
2021-07-12,0.3743717696100236,0.49956723662473207,0.1260609937652443,1
2021-07-13,0.3743717696100236,0.49956723662473207,0.1260609937652443,1
2021-07-14,0.3743717696100236,0.49956723662473207,0.1260609937652443,1
2021-07-15,0.3743717696100236,0.49956723662473207,0.1260609937652443,1
2021-07-16,0.3743717696100236,0.49956723662473207,0.1260609937652443,1
2021-07-19,0.37436887285446996,0.49956775552082044,0.1260633716247096,1
2021-07-20,0.37436887285446996,0.49956775552082044,0.1260633716247096,1
2021-07-21,0.37436887285446996,0.49956775552082044,0.1260633716247096,1
2021-07-22,0.37436887285446996,0.49956775552082044,0.1260633716247096,1
2021-07-23,0.37436887285446996,0.49956775552082044,0.1260633716247096,1
2021-07-26,0.37436734740582195,0.49956776688896753,0.12606488570521054,1
2021-07-27,0.37436734740582195,0.49956776688896753,0.12606488570521054,1
2021-07-28,0.37436734740582195,0.49956776688896753,0.12606488570521054,1
2021-07-29,0.37436734740582195,0.49956776688896753,0.12606488570521054,1
2021-07-30,0.37436734740582195,0.49956776688896753,0.12606488570521054,1
2021-08-02,0.3743660932897443,0.4995677419167846,0.12606616479347107,1
2021-08-03,0.3743660932897443,0.4995677419167846,0.12606616479347107,1
2021-08-04,0.3743660932897443,0.4995677419167846,0.12606616479347107,1
2021-08-05,0.3743660932897443,0.4995677419167846,0.12606616479347107,1
2021-08-06,0.3743660932897443,0.4995677419167846,0.12606616479347107,1
2021-08-09,0.3743657631534192,0.499567708304367,0.12606652854221384,1
2021-08-10,0.3743657631534192,0.499567708304367,0.12606652854221384,1
2021-08-11,0.3743657631534192,0.499567708304367,0.12606652854221384,1
2021-08-12,0.3743657631534192,0.499567708304367,0.12606652854221384,1
2021-08-13,0.3743657631534192,0.499567708304367,0.12606652854221384,1
2021-08-16,0.3660905115436374,0.49814150391858913,0.13576798453777342,1
2021-08-17,0.3660905115436374,0.49814150391858913,0.13576798453777342,1
2021-08-18,0.3660905115436374,0.49814150391858913,0.13576798453777342,1
2021-08-19,0.3660905115436374,0.49814150391858913,0.13576798453777342,1
2021-08-20,0.3660905115436374,0.49814150391858913,0.13576798453777342,1
2021-08-23,0.3529557642445092,0.4923269401661061,0.1547172955893847,1
2021-08-24,0.3529557642445092,0.4923269401661061,0.1547172955893847,1
2021-08-25,0.3529557642445092,0.4923269401661061,0.1547172955893847,1
2021-08-26,0.3529557642445092,0.4923269401661061,0.1547172955893847,1
2021-08-27,0.3529557642445092,0.4923269401661061,0.1547172955893847,1
2021-08-30,0.352951277869821,0.4923267476057814,0.1547219745243977,1
2021-08-31,0.352951277869821,0.4923267476057814,0.1547219745243977,1
2021-09-01,0.352951277869821,0.4923267476057814,0.1547219745243977,1
2021-09-02,0.352951277869821,0.4923267476057814,0.1547219745243977,1
2021-09-03,0.352951277869821,0.4923267476057814,0.1547219745243977,1
2021-09-07,0.3529512214032093,0.49232113283468865,0.1547276457621021,1
2021-09-08,0.3529512214032093,0.49232113283468865,0.1547276457621021,1
2021-09-09,0.3529512214032093,0.49232113283468865,0.1547276457621021,1
2021-09-10,0.3529512214032093,0.49232113283468865,0.1547276457621021,1
2021-09-13,0.3529512214032093,0.49232113283468865,0.1547276457621021,1
2021-09-14,0.35298814297608333,0.492281549003114,0.15473030802080273,1
2021-09-15,0.35298814297608333,0.492281549003114,0.15473030802080273,1
2021-09-16,0.35298814297608333,0.492281549003114,0.15473030802080273,1
2021-09-17,0.35298814297608333,0.492281549003114,0.15473030802080273,1
2021-09-20,0.35298814297608333,0.492281549003114,0.15473030802080273,1
2021-09-21,0.35805721968144516,0.48721244714352924,0.15473033317502563,1
2021-09-22,0.35805721968144516,0.48721244714352924,0.15473033317502563,1
2021-09-23,0.35805721968144516,0.48721244714352924,0.15473033317502563,1
2021-09-24,0.35805721968144516,0.48721244714352924,0.15473033317502563,1
2021-09-27,0.35805721968144516,0.48721244714352924,0.15473033317502563,1
2021-09-28,0.3784795402959619,0.4667886085368226,0.15473185116721563,1
2021-09-29,0.3784795402959619,0.4667886085368226,0.15473185116721563,1
2021-09-30,0.3784795402959619,0.4667886085368226,0.15473185116721563,1
2021-10-01,0.3784795402959619,0.4667886085368226,0.15473185116721563,1
2021-10-04,0.3784795402959619,0.4667886085368226,0.15473185116721563,1
2021-10-05,0.3784796189982497,0.4616338285551707,0.1598865524465796,1
2021-10-06,0.3784796189982497,0.4616338285551707,0.1598865524465796,1
2021-10-07,0.3784796189982497,0.4616338285551707,0.1598865524465796,1
2021-10-08,0.3784796189982497,0.4616338285551707,0.1598865524465796,1
2021-10-11,0.3784796189982497,0.4616338285551707,0.1598865524465796,1
2021-10-12,0.3784801801711117,0.45430794782795525,0.16721187200093302,1
2021-10-13,0.3784801801711117,0.45430794782795525,0.16721187200093302,1
2021-10-14,0.3784801801711117,0.45430794782795525,0.16721187200093302,1
2021-10-15,0.3784801801711117,0.45430794782795525,0.16721187200093302,1
2021-10-18,0.3784801801711117,0.45430794782795525,0.16721187200093302,1
2021-10-19,0.38392569933260395,0.4488614517519067,0.16721284891548924,1
2021-10-20,0.38392569933260395,0.4488614517519067,0.16721284891548924,0
2021-10-21,0.38392569933260395,0.4488614517519067,0.16721284891548924,0
2021-10-22,0.38392569933260395,0.4488614517519067,0.16721284891548924,0
2021-10-25,0.38392569933260395,0.4488614517519067,0.16721284891548924,0
2021-10-26,0.9999999994271291,2.730997198429511e-10,2.9977095969867074e-10,0
2021-10-27,0.9999999994271291,2.730997198429511e-10,2.9977095969867074e-10,0
2021-10-28,0.9999999994271291,2.730997198429511e-10,2.9977095969867074e-10,0
2021-10-29,0.9999999994271291,2.730997198429511e-10,2.9977095969867074e-10,0
2021-11-01,0.9999999994271291,2.730997198429511e-10,2.9977095969867074e-10,0
2021-11-02,0.9999999973224791,1.7718964781044934e-09,9.056243932781568e-10,0
2021-11-03,0.9999999973224791,1.7718964781044934e-09,9.056243932781568e-10,0
2021-11-04,0.9999999973224791,1.7718964781044934e-09,9.056243932781568e-10,0
2021-11-05,0.9999999973224791,1.7718964781044934e-09,9.056243932781568e-10,1
2021-11-08,0.9999999973224791,1.7718964781044934e-09,9.056243932781568e-10,1
2021-11-09,0.49234705154170055,0.3643165794806394,0.14333636897766014,1
2021-11-10,0.49234705154170055,0.3643165794806394,0.14333636897766014,1
2021-11-11,0.49234705154170055,0.3643165794806394,0.14333636897766014,1
2021-11-12,0.49234705154170055,0.3643165794806394,0.14333636897766014,1
2021-11-15,0.49234705154170055,0.3643165794806394,0.14333636897766014,1
2021-11-16,0.4716105238216482,0.364316723443811,0.16407275273454086,1
2021-11-17,0.4716105238216482,0.364316723443811,0.16407275273454086,1
2021-11-18,0.4716105238216482,0.364316723443811,0.16407275273454086,1
2021-11-19,0.4716105238216482,0.364316723443811,0.16407275273454086,1
2021-11-22,0.4716105238216482,0.364316723443811,0.16407275273454086,1
2021-11-23,0.4716096978879818,0.3643167744402739,0.16407352767174424,1
2021-11-24,0.4716096978879818,0.3643167744402739,0.16407352767174424,1
2021-11-26,0.4716096978879818,0.3643167744402739,0.16407352767174424,1
2021-11-29,0.4716096978879818,0.3643167744402739,0.16407352767174424,1
2021-11-30,0.4716096978879818,0.3643167744402739,0.16407352767174424,1
2021-12-01,0.4716036953678309,0.36431730015415725,0.1640790044780118,1
2021-12-02,0.4716036953678309,0.36431730015415725,0.1640790044780118,1
2021-12-03,0.4716036953678309,0.36431730015415725,0.1640790044780118,1
2021-12-06,0.4716036953678309,0.36431730015415725,0.1640790044780118,1
2021-12-07,0.4716036953678309,0.36431730015415725,0.1640790044780118,1
2021-12-08,0.4647066663924064,0.3643173430857608,0.17097599052183282,1
2021-12-09,0.4647066663924064,0.3643173430857608,0.17097599052183282,1
2021-12-10,0.4647066663924064,0.3643173430857608,0.17097599052183282,1
2021-12-13,0.4647066663924064,0.3643173430857608,0.17097599052183282,1
2021-12-14,0.4647066663924064,0.3643173430857608,0.17097599052183282,1
2021-12-15,0.462596955129225,0.364317789466382,0.17308525540439312,1
2021-12-16,0.462596955129225,0.364317789466382,0.17308525540439312,1
2021-12-17,0.462596955129225,0.364317789466382,0.17308525540439312,1
2021-12-20,0.462596955129225,0.364317789466382,0.17308525540439312,1
2021-12-21,0.462596955129225,0.364317789466382,0.17308525540439312,1
2021-12-22,0.45259466244028973,0.3643181898137717,0.18308714774593873,1
2021-12-23,0.45259466244028973,0.3643181898137717,0.18308714774593873,1
2021-12-27,0.45259466244028973,0.3643181898137717,0.18308714774593873,1
2021-12-28,0.45259466244028973,0.3643181898137717,0.18308714774593873,1
2021-12-29,0.45259466244028973,0.3643181898137717,0.18308714774593873,1
2021-12-30,0.45181700927290935,0.36431828895993085,0.18386470176715972,1
2021-12-31,0.45181700927290935,0.36431828895993085,0.18386470176715972,1
2022-01-03,0.45181700927290935,0.36431828895993085,0.18386470176715972,1
2022-01-04,0.45181700927290935,0.36431828895993085,0.18386470176715972,1
2022-01-05,0.45181700927290935,0.36431828895993085,0.18386470176715972,1
2022-01-06,0.45003340781802315,0.3643186114607032,0.18564798072127356,1
2022-01-07,0.45003340781802315,0.3643186114607032,0.18564798072127356,1
2022-01-10,0.45003340781802315,0.3643186114607032,0.18564798072127356,1
2022-01-11,0.45003340781802315,0.3643186114607032,0.18564798072127356,1
2022-01-12,0.45003340781802315,0.3643186114607032,0.18564798072127356,1
2022-01-13,0.4462051211746347,0.3643186331067939,0.18947624571857136,1
2022-01-14,0.4462051211746347,0.3643186331067939,0.18947624571857136,1
2022-01-18,0.4462051211746347,0.3643186331067939,0.18947624571857136,1
2022-01-19,0.4462051211746347,0.3643186331067939,0.18947624571857136,1
2022-01-20,0.4462051211746347,0.3643186331067939,0.18947624571857136,1
2022-01-21,0.4462051033239172,0.3643186344769824,0.18947626219910044,2
2022-01-24,0.4462051033239172,0.3643186344769824,0.18947626219910044,2
2022-01-25,0.4462051033239172,0.3643186344769824,0.18947626219910044,2
2022-01-26,0.4462051033239172,0.3643186344769824,0.18947626219910044,2
2022-01-27,0.4462051033239172,0.3643186344769824,0.18947626219910044,2
2022-01-28,0.44620509369183575,0.3643186329560863,0.18947627335207792,2
2022-01-31,0.44620509369183575,0.3643186329560863,0.18947627335207792,1
2022-02-01,0.44620509369183575,0.3643186329560863,0.18947627335207792,1
2022-02-02,0.44620509369183575,0.3643186329560863,0.18947627335207792,1
2022-02-03,0.44620509369183575,0.3643186329560863,0.18947627335207792,1
2022-02-04,0.4258830745281746,0.3643185316925076,0.20979839377931786,1
2022-02-07,0.4258830745281746,0.3643185316925076,0.20979839377931786,1
2022-02-08,0.4258830745281746,0.3643185316925076,0.20979839377931786,1
2022-02-09,0.4258830745281746,0.3643185316925076,0.20979839377931786,1
2022-02-10,0.4258830745281746,0.3643185316925076,0.20979839377931786,1
2022-02-11,0.4128557467661819,0.3643156760462515,0.22282857718756657,1
2022-02-14,0.4128557467661819,0.3643156760462515,0.22282857718756657,1
2022-02-15,0.4128557467661819,0.3643156760462515,0.22282857718756657,1
2022-02-16,0.4128557467661819,0.3643156760462515,0.22282857718756657,1
2022-02-17,0.4128557467661819,0.3643156760462515,0.22282857718756657,1
2022-02-18,0.40702262262725514,0.36431563685882595,0.22866174051391897,1
2022-02-22,0.40702262262725514,0.36431563685882595,0.22866174051391897,1
2022-02-23,0.40702262262725514,0.36431563685882595,0.22866174051391897,2
2022-02-24,0.40702262262725514,0.36431563685882595,0.22866174051391897,2
2022-02-25,0.40702262262725514,0.36431563685882595,0.22866174051391897,2
2022-02-28,0.4070225973318877,0.3643156370798239,0.2286617655882885,2
2022-03-01,0.4070225973318877,0.3643156370798239,0.2286617655882885,2
2022-03-02,0.4070225973318877,0.3643156370798239,0.2286617655882885,2
2022-03-03,0.4070225973318877,0.3643156370798239,0.2286617655882885,2
2022-03-04,0.4070225973318877,0.3643156370798239,0.2286617655882885,2
2022-03-07,0.4070226104167592,0.36431560762366644,0.2286617819595744,2
2022-03-08,0.4070226104167592,0.36431560762366644,0.2286617819595744,2
2022-03-09,0.4070226104167592,0.36431560762366644,0.2286617819595744,2
2022-03-10,0.4070226104167592,0.36431560762366644,0.2286617819595744,2
2022-03-11,0.4070226104167592,0.36431560762366644,0.2286617819595744,2
2022-03-14,0.4070225958555671,0.3643155653162754,0.2286618388281575,2
2022-03-15,0.4070225958555671,0.3643155653162754,0.2286618388281575,2
2022-03-16,0.4070225958555671,0.3643155653162754,0.2286618388281575,2
2022-03-17,0.4070225958555671,0.3643155653162754,0.2286618388281575,1
2022-03-18,0.4070225958555671,0.3643155653162754,0.2286618388281575,1
2022-03-21,0.4015209652618517,0.3384046252876629,0.26007440945048543,1
2022-03-22,0.4015209652618517,0.3384046252876629,0.26007440945048543,1
2022-03-23,0.4015209652618517,0.3384046252876629,0.26007440945048543,1
2022-03-24,0.4015209652618517,0.3384046252876629,0.26007440945048543,1
2022-03-25,0.4015209652618517,0.3384046252876629,0.26007440945048543,1
2022-03-28,0.40152094952638645,0.33169422625318706,0.2667848242204265,1
2022-03-29,0.40152094952638645,0.33169422625318706,0.2667848242204265,1
2022-03-30,0.40152094952638645,0.33169422625318706,0.2667848242204265,1
2022-03-31,0.40152094952638645,0.33169422625318706,0.2667848242204265,1
2022-04-01,0.40152094952638645,0.33169422625318706,0.2667848242204265,1
2022-04-04,0.4015199437200676,0.3247264816817313,0.27375357459820115,1
2022-04-05,0.4015199437200676,0.3247264816817313,0.27375357459820115,1
2022-04-06,0.4015199437200676,0.3247264816817313,0.27375357459820115,1
2022-04-07,0.4015199437200676,0.3247264816817313,0.27375357459820115,1
2022-04-08,0.4015199437200676,0.3247264816817313,0.27375357459820115,1
2022-04-11,0.398386892576941,0.3148840871449581,0.2867290202781009,1
2022-04-12,0.398386892576941,0.3148840871449581,0.2867290202781009,1
2022-04-13,0.398386892576941,0.3148840871449581,0.2867290202781009,1
2022-04-14,0.398386892576941,0.3148840871449581,0.2867290202781009,1
2022-04-18,0.398386892576941,0.3148840871449581,0.2867290202781009,1
2022-04-19,0.3898989948447456,0.3053483609349341,0.30475264422032033,1
2022-04-20,0.3898989948447456,0.3053483609349341,0.30475264422032033,1
2022-04-21,0.3898989948447456,0.3053483609349341,0.30475264422032033,1
2022-04-22,0.3898989948447456,0.3053483609349341,0.30475264422032033,2
2022-04-25,0.3898989948447456,0.3053483609349341,0.30475264422032033,2
2022-04-26,0.3898989534628244,0.3053483292535544,0.30475271728362124,2
2022-04-27,0.3898989534628244,0.3053483292535544,0.30475271728362124,2
2022-04-28,0.3898989534628244,0.3053483292535544,0.30475271728362124,2
2022-04-29,0.3898989534628244,0.3053483292535544,0.30475271728362124,2
2022-05-02,0.3898989534628244,0.3053483292535544,0.30475271728362124,2
2022-05-03,0.38989894869123093,0.30534832887617314,0.3047527224325959,2
2022-05-04,0.38989894869123093,0.30534832887617314,0.3047527224325959,2
2022-05-05,0.38989894869123093,0.30534832887617314,0.3047527224325959,2
2022-05-06,0.38989894869123093,0.30534832887617314,0.3047527224325959,2
2022-05-09,0.38989894869123093,0.30534832887617314,0.3047527224325959,2
2022-05-10,0.38989863069883407,0.3053483320184643,0.3047530372827016,2
2022-05-11,0.38989863069883407,0.3053483320184643,0.3047530372827016,2
2022-05-12,0.38989863069883407,0.3053483320184643,0.3047530372827016,2
2022-05-13,0.38989863069883407,0.3053483320184643,0.3047530372827016,2
2022-05-16,0.38989863069883407,0.3053483320184643,0.3047530372827016,2
2022-05-17,0.38989854055823586,0.3053483315957031,0.304753127846061,2
2022-05-18,0.38989854055823586,0.3053483315957031,0.304753127846061,2
2022-05-19,0.38989854055823586,0.3053483315957031,0.304753127846061,2
2022-05-20,0.38989854055823586,0.3053483315957031,0.304753127846061,2
2022-05-23,0.38989854055823586,0.3053483315957031,0.304753127846061,2
2022-05-24,0.38989822577934613,0.3053483503221359,0.3047534238985179,2
2022-05-25,0.38989822577934613,0.3053483503221359,0.3047534238985179,2
2022-05-26,0.38989822577934613,0.3053483503221359,0.3047534238985179,2
2022-05-27,0.38989822577934613,0.3053483503221359,0.3047534238985179,2
2022-05-31,0.38989822577934613,0.3053483503221359,0.3047534238985179,2
2022-06-01,0.3898968041938278,0.30534839536178093,0.30475480044439135,2
2022-06-02,0.3898968041938278,0.30534839536178093,0.30475480044439135,2
2022-06-03,0.3898968041938278,0.30534839536178093,0.30475480044439135,2
2022-06-06,0.3898968041938278,0.30534839536178093,0.30475480044439135,2
2022-06-07,0.3898968041938278,0.30534839536178093,0.30475480044439135,2
2022-06-08,0.3898967218251367,0.30534839765070504,0.30475488052415833,2
2022-06-09,0.3898967218251367,0.30534839765070504,0.30475488052415833,2
2022-06-10,0.3898967218251367,0.30534839765070504,0.30475488052415833,2
2022-06-13,0.3898967218251367,0.30534839765070504,0.30475488052415833,2
2022-06-14,0.3898967218251367,0.30534839765070504,0.30475488052415833,2
2022-06-15,0.3845680417476983,0.30534846836705765,0.310083489885244,2
2022-06-16,0.3845680417476983,0.30534846836705765,0.310083489885244,2
2022-06-17,0.3845680417476983,0.30534846836705765,0.310083489885244,2
2022-06-21,0.3845680417476983,0.30534846836705765,0.310083489885244,2
2022-06-22,0.3845680417476983,0.30534846836705765,0.310083489885244,2
2022-06-23,0.37512541533245164,0.3053484664367445,0.3195261182308038,2
2022-06-24,0.37512541533245164,0.3053484664367445,0.3195261182308038,2
2022-06-27,0.37512541533245164,0.3053484664367445,0.3195261182308038,2
2022-06-28,0.37512541533245164,0.3053484664367445,0.3195261182308038,2
2022-06-29,0.37512541533245164,0.3053484664367445,0.3195261182308038,2
2022-06-30,0.36788439206268914,0.3053484627547227,0.32676714518258826,2
2022-07-01,0.36788439206268914,0.3053484627547227,0.32676714518258826,2
2022-07-05,0.36788439206268914,0.3053484627547227,0.32676714518258826,2
2022-07-06,0.36788439206268914,0.3053484627547227,0.32676714518258826,2
2022-07-07,0.36788439206268914,0.3053484627547227,0.32676714518258826,2
2022-07-08,0.3678702467051987,0.3053484576829449,0.32678129561185654,2
2022-07-11,0.3678702467051987,0.3053484576829449,0.32678129561185654,2
2022-07-12,0.3678702467051987,0.3053484576829449,0.32678129561185654,1
2022-07-13,0.3678702467051987,0.3053484576829449,0.32678129561185654,1
2022-07-14,0.3678702467051987,0.3053484576829449,0.32678129561185654,1
2022-07-15,0.31108884027174133,0.28195509183952683,0.4069560678887318,1
2022-07-18,0.31108884027174133,0.28195509183952683,0.4069560678887318,1
2022-07-19,0.31108884027174133,0.28195509183952683,0.4069560678887318,1
2022-07-20,0.31108884027174133,0.28195509183952683,0.4069560678887318,1
2022-07-21,0.31108884027174133,0.28195509183952683,0.4069560678887318,1
2022-07-22,0.3050310499971854,0.2816706519807987,0.41329829802201595,1
2022-07-25,0.3050310499971854,0.2816706519807987,0.41329829802201595,1
2022-07-26,0.3050310499971854,0.2816706519807987,0.41329829802201595,1
2022-07-27,0.3050310499971854,0.2816706519807987,0.41329829802201595,1
2022-07-28,0.3050310499971854,0.2816706519807987,0.41329829802201595,1
2022-07-29,0.3021256934454693,0.2816705522530214,0.41620375430150924,1
2022-08-01,0.3021256934454693,0.2816705522530214,0.41620375430150924,1
2022-08-02,0.3021256934454693,0.2816705522530214,0.41620375430150924,1
2022-08-03,0.3021256934454693,0.2816705522530214,0.41620375430150924,1
2022-08-04,0.3021256934454693,0.2816705522530214,0.41620375430150924,1
2022-08-05,0.3020715568329755,0.2764286331277152,0.4214998100393092,1
2022-08-08,0.3020715568329755,0.2764286331277152,0.4214998100393092,1
2022-08-09,0.3020715568329755,0.2764286331277152,0.4214998100393092,1
2022-08-10,0.3020715568329755,0.2764286331277152,0.4214998100393092,1
2022-08-11,0.3020715568329755,0.2764286331277152,0.4214998100393092,1
2022-08-12,0.29722248301352655,0.2577169094454385,0.445060607541035,1
2022-08-15,0.29722248301352655,0.2577169094454385,0.445060607541035,1
2022-08-16,0.29722248301352655,0.2577169094454385,0.445060607541035,1
2022-08-17,0.29722248301352655,0.2577169094454385,0.445060607541035,1
2022-08-18,0.29722248301352655,0.2577169094454385,0.445060607541035,1
2022-08-19,0.2950865722488356,0.25771588426415515,0.4471975434870092,1
2022-08-22,0.2950865722488356,0.25771588426415515,0.4471975434870092,1
2022-08-23,0.2950865722488356,0.25771588426415515,0.4471975434870092,1
2022-08-24,0.2950865722488356,0.25771588426415515,0.4471975434870092,1
2022-08-25,0.2950865722488356,0.25771588426415515,0.4471975434870092,1
2022-08-26,0.2903694419863182,0.2541479729911483,0.45548258502253336,1
2022-08-29,0.2903694419863182,0.2541479729911483,0.45548258502253336,1
2022-08-30,0.2903694419863182,0.2541479729911483,0.45548258502253336,1
2022-08-31,0.2903694419863182,0.2541479729911483,0.45548258502253336,1
2022-09-01,0.2903694419863182,0.2541479729911483,0.45548258502253336,1
2022-09-02,0.28574553370895683,0.2541478998651701,0.46010656642587294,1
2022-09-06,0.28574553370895683,0.2541478998651701,0.46010656642587294,1
2022-09-07,0.28574553370895683,0.2541478998651701,0.46010656642587294,1
2022-09-08,0.28574553370895683,0.2541478998651701,0.46010656642587294,1
2022-09-09,0.28574553370895683,0.2541478998651701,0.46010656642587294,1
2022-09-12,0.2812508663948396,0.24986409285229094,0.46888504075286946,1
2022-09-13,0.2812508663948396,0.24986409285229094,0.46888504075286946,2
2022-09-14,0.2812508663948396,0.24986409285229094,0.46888504075286946,2
2022-09-15,0.2812508663948396,0.24986409285229094,0.46888504075286946,2
2022-09-16,0.2812508663948396,0.24986409285229094,0.46888504075286946,2
2022-09-19,0.28125085934196914,0.24986409377415192,0.468885046883879,2
2022-09-20,0.28125085934196914,0.24986409377415192,0.468885046883879,2
2022-09-21,0.28125085934196914,0.24986409377415192,0.468885046883879,2
2022-09-22,0.28125085934196914,0.24986409377415192,0.468885046883879,2
2022-09-23,0.28125085934196914,0.24986409377415192,0.468885046883879,2
2022-09-26,0.2812508460201356,0.24986409646464872,0.4688850575152157,2
2022-09-27,0.2812508460201356,0.24986409646464872,0.4688850575152157,2
2022-09-28,0.2812508460201356,0.24986409646464872,0.4688850575152157,2
2022-09-29,0.2812508460201356,0.24986409646464872,0.4688850575152157,2
2022-09-30,0.2812508460201356,0.24986409646464872,0.4688850575152157,2
2022-10-03,0.2812508265546231,0.24986409622305658,0.46888507722232026,2
2022-10-04,0.2812508265546231,0.24986409622305658,0.46888507722232026,2
2022-10-05,0.2812508265546231,0.24986409622305658,0.46888507722232026,2
2022-10-06,0.2812508265546231,0.24986409622305658,0.46888507722232026,2
2022-10-07,0.2812508265546231,0.24986409622305658,0.46888507722232026,2
2022-10-10,0.2812507337898376,0.2498641136310877,0.46888515257907465,2
2022-10-11,0.2812507337898376,0.2498641136310877,0.46888515257907465,2
2022-10-12,0.2812507337898376,0.2498641136310877,0.46888515257907465,2
2022-10-13,0.2812507337898376,0.2498641136310877,0.46888515257907465,2
2022-10-14,0.2812507337898376,0.2498641136310877,0.46888515257907465,2
2022-10-17,0.2812505700870924,0.2498641500470484,0.4688852798658592,2
2022-10-18,0.2812505700870924,0.2498641500470484,0.4688852798658592,2
2022-10-19,0.2812505700870924,0.2498641500470484,0.4688852798658592,2
2022-10-20,0.2812505700870924,0.2498641500470484,0.4688852798658592,2
2022-10-21,0.2812505700870924,0.2498641500470484,0.4688852798658592,2
2022-10-24,0.2812498799637694,0.24986433447793796,0.4688857855582926,2
2022-10-25,0.2812498799637694,0.24986433447793796,0.4688857855582926,2
2022-10-26,0.2812498799637694,0.24986433447793796,0.4688857855582926,2
2022-10-27,0.2812498799637694,0.24986433447793796,0.4688857855582926,2
2022-10-28,0.2812498799637694,0.24986433447793796,0.4688857855582926,2
2022-10-31,0.2812486151856568,0.2498645315296836,0.4688868532846597,2
2022-11-01,0.2812486151856568,0.2498645315296836,0.4688868532846597,2
2022-11-02,0.2812486151856568,0.2498645315296836,0.4688868532846597,2
2022-11-03,0.2812486151856568,0.2498645315296836,0.4688868532846597,2
2022-11-04,0.2812486151856568,0.2498645315296836,0.4688868532846597,2
2022-11-07,0.28124615451204427,0.2498655573682106,0.4688882881197452,2
2022-11-08,0.28124615451204427,0.2498655573682106,0.4688882881197452,2
2022-11-09,0.28124615451204427,0.2498655573682106,0.4688882881197452,2
2022-11-10,0.28124615451204427,0.2498655573682106,0.4688882881197452,2
2022-11-11,0.28124615451204427,0.2498655573682106,0.4688882881197452,2
2022-11-14,0.2812460337353742,0.24986560142634562,0.46888836483828006,2
2022-11-15,0.2812460337353742,0.24986560142634562,0.46888836483828006,2
2022-11-16,0.2812460337353742,0.24986560142634562,0.46888836483828006,2
2022-11-17,0.2812460337353742,0.24986560142634562,0.46888836483828006,1
2022-11-18,0.2812460337353742,0.24986560142634562,0.46888836483828006,1
2022-11-21,0.2270487255413685,0.2527610487630588,0.5201902256955727,1
2022-11-22,0.2270487255413685,0.2527610487630588,0.5201902256955727,1
2022-11-23,0.2270487255413685,0.2527610487630588,0.5201902256955727,1
2022-11-25,0.2270487255413685,0.2527610487630588,0.5201902256955727,1
2022-11-28,0.2270487255413685,0.2527610487630588,0.5201902256955727,1
2022-11-29,0.2191595830607677,0.25276145828328545,0.5280789586559469,1
2022-11-30,0.2191595830607677,0.25276145828328545,0.5280789586559469,1
2022-12-01,0.2191595830607677,0.25276145828328545,0.5280789586559469,1
2022-12-02,0.2191595830607677,0.25276145828328545,0.5280789586559469,1
2022-12-05,0.2191595830607677,0.25276145828328545,0.5280789586559469,1
2022-12-06,0.21871301567673485,0.25276169600825776,0.5285252883150074,1
2022-12-07,0.21871301567673485,0.25276169600825776,0.5285252883150074,1
2022-12-08,0.21871301567673485,0.25276169600825776,0.5285252883150074,1
2022-12-09,0.21871301567673485,0.25276169600825776,0.5285252883150074,1
2022-12-12,0.21871301567673485,0.25276169600825776,0.5285252883150074,1
2022-12-13,0.2187065771984728,0.25276089610032165,0.5285325267012055,1
2022-12-14,0.2187065771984728,0.25276089610032165,0.5285325267012055,1
2022-12-15,0.2187065771984728,0.25276089610032165,0.5285325267012055,1
2022-12-16,0.2187065771984728,0.25276089610032165,0.5285325267012055,1
2022-12-19,0.2187065771984728,0.25276089610032165,0.5285325267012055,1
2022-12-20,0.21854221059011994,0.2527606888865128,0.5286971005233673,1
2022-12-21,0.21854221059011994,0.2527606888865128,0.5286971005233673,1
2022-12-22,0.21854221059011994,0.2527606888865128,0.5286971005233673,1
2022-12-23,0.21854221059011994,0.2527606888865128,0.5286971005233673,1
2022-12-27,0.21854221059011994,0.2527606888865128,0.5286971005233673,1
2022-12-28,0.2185396352204862,0.2527607296665001,0.5286996351130137,1
2022-12-29,0.2185396352204862,0.2527607296665001,0.5286996351130137,1
2022-12-30,0.2185396352204862,0.2527607296665001,0.5286996351130137,1
2023-01-03,0.2185396352204862,0.2527607296665001,0.5286996351130137,1
2023-01-04,0.2185396352204862,0.2527607296665001,0.5286996351130137,1
2023-01-05,0.21422650102607108,0.2527607664990871,0.5330127324748418,1
2023-01-06,0.21422650102607108,0.2527607664990871,0.5330127324748418,1
2023-01-09,0.21422650102607108,0.2527607664990871,0.5330127324748418,1
2023-01-10,0.21422650102607108,0.2527607664990871,0.5330127324748418,1
2023-01-11,0.21422650102607108,0.2527607664990871,0.5330127324748418,1
2023-01-12,0.2117130407116328,0.2527606973073136,0.5355262619810537,1
2023-01-13,0.2117130407116328,0.2527606973073136,0.5355262619810537,1
2023-01-17,0.2117130407116328,0.2527606973073136,0.5355262619810537,1
2023-01-18,0.2117130407116328,0.2527606973073136,0.5355262619810537,1
2023-01-19,0.2117130407116328,0.2527606973073136,0.5355262619810537,1
2023-01-20,0.21171021329548192,0.25276043147007116,0.5355293552344469,1
2023-01-23,0.21171021329548192,0.25276043147007116,0.5355293552344469,1
2023-01-24,0.21171021329548192,0.25276043147007116,0.5355293552344469,1
2023-01-25,0.21171021329548192,0.25276043147007116,0.5355293552344469,1
2023-01-26,0.21171021329548192,0.25276043147007116,0.5355293552344469,1
2023-01-27,0.21170682798646967,0.2527582013413652,0.535534970672165,1
2023-01-30,0.21170682798646967,0.2527582013413652,0.535534970672165,1
2023-01-31,0.21170682798646967,0.2527582013413652,0.535534970672165,1
2023-02-01,0.21170682798646967,0.2527582013413652,0.535534970672165,1
2023-02-02,0.21170682798646967,0.2527582013413652,0.535534970672165,1
2023-02-03,0.21170622763596797,0.2527520925173907,0.5355416798466414,1
2023-02-06,0.21170622763596797,0.2527520925173907,0.5355416798466414,1
2023-02-07,0.21170622763596797,0.2527520925173907,0.5355416798466414,1
2023-02-08,0.21170622763596797,0.2527520925173907,0.5355416798466414,1
2023-02-09,0.21170622763596797,0.2527520925173907,0.5355416798466414,1
2023-02-10,0.2117065402613777,0.2527515122429817,0.5355419474956405,1
2023-02-13,0.2117065402613777,0.2527515122429817,0.5355419474956405,1
2023-02-14,0.2117065402613777,0.2527515122429817,0.5355419474956405,1
2023-02-15,0.2117065402613777,0.2527515122429817,0.5355419474956405,1
2023-02-16,0.2117065402613777,0.2527515122429817,0.5355419474956405,1
2023-02-17,0.21170645632905127,0.2527512203780485,0.5355423232929002,1
2023-02-21,0.21170645632905127,0.2527512203780485,0.5355423232929002,1
2023-02-22,0.21170645632905127,0.2527512203780485,0.5355423232929002,1
2023-02-23,0.21170645632905127,0.2527512203780485,0.5355423232929002,1
2023-02-24,0.21170645632905127,0.2527512203780485,0.5355423232929002,1
2023-02-27,0.21170628965288255,0.25275113445457625,0.5355425758925412,1
2023-02-28,0.21170628965288255,0.25275113445457625,0.5355425758925412,1
2023-03-01,0.21170628965288255,0.25275113445457625,0.5355425758925412,1
2023-03-02,0.21170628965288255,0.25275113445457625,0.5355425758925412,1
2023-03-03,0.21170628965288255,0.25275113445457625,0.5355425758925412,1
2023-03-06,0.20475132093161086,0.25275113900152235,0.5424975400668668,1
2023-03-07,0.20475132093161086,0.25275113900152235,0.5424975400668668,1
2023-03-08,0.20475132093161086,0.25275113900152235,0.5424975400668668,1
2023-03-09,0.20475132093161086,0.25275113900152235,0.5424975400668668,1
2023-03-10,0.20475132093161086,0.25275113900152235,0.5424975400668668,1
2023-03-13,0.1918877455320099,0.2527366381427051,0.5553756163252851,1
2023-03-14,0.1918877455320099,0.2527366381427051,0.5553756163252851,1
2023-03-15,0.1918877455320099,0.2527366381427051,0.5553756163252851,1
2023-03-16,0.1918877455320099,0.2527366381427051,0.5553756163252851,1
2023-03-17,0.1918877455320099,0.2527366381427051,0.5553756163252851,1
2023-03-20,0.1918877948826669,0.2527365581743508,0.5553756469429822,1
2023-03-21,0.1918877948826669,0.2527365581743508,0.5553756469429822,1
2023-03-22,0.1918877948826669,0.2527365581743508,0.5553756469429822,1
2023-03-23,0.1918877948826669,0.2527365581743508,0.5553756469429822,1
2023-03-24,0.1918877948826669,0.2527365581743508,0.5553756469429822,1
2023-03-27,0.1918878906078028,0.252736485079005,0.5553756243131922,1
2023-03-28,0.1918878906078028,0.252736485079005,0.5553756243131922,1
2023-03-29,0.1918878906078028,0.252736485079005,0.5553756243131922,1
2023-03-30,0.1918878906078028,0.252736485079005,0.5553756243131922,1
2023-03-31,0.1918878906078028,0.252736485079005,0.5553756243131922,1
2023-04-03,0.1918885910963578,0.2527357831601861,0.5553756257434561,1
2023-04-04,0.1918885910963578,0.2527357831601861,0.5553756257434561,1
2023-04-05,0.1918885910963578,0.2527357831601861,0.5553756257434561,1
2023-04-06,0.1918885910963578,0.2527357831601861,0.5553756257434561,1
2023-04-10,0.1918885910963578,0.2527357831601861,0.5553756257434561,1
2023-04-11,0.19371682450554656,0.25090966499367134,0.5553735105007821,1
2023-04-12,0.19371682450554656,0.25090966499367134,0.5553735105007821,1
2023-04-13,0.19371682450554656,0.25090966499367134,0.5553735105007821,1
2023-04-14,0.19371682450554656,0.25090966499367134,0.5553735105007821,1
2023-04-17,0.19371682450554656,0.25090966499367134,0.5553735105007821,1
2023-04-18,0.19708749848163423,0.25090647167545344,0.5520060298429124,1
2023-04-19,0.19708749848163423,0.25090647167545344,0.5520060298429124,1
2023-04-20,0.19708749848163423,0.25090647167545344,0.5520060298429124,1
2023-04-21,0.19708749848163423,0.25090647167545344,0.5520060298429124,1
2023-04-24,0.19708749848163423,0.25090647167545344,0.5520060298429124,1
2023-04-25,0.19763864610718448,0.2509062405835746,0.5514551133092409,1
2023-04-26,0.19763864610718448,0.2509062405835746,0.5514551133092409,1
2023-04-27,0.19763864610718448,0.2509062405835746,0.5514551133092409,1
2023-04-28,0.19763864610718448,0.2509062405835746,0.5514551133092409,1
2023-05-01,0.19763864610718448,0.2509062405835746,0.5514551133092409,1
2023-05-02,0.20441352004039132,0.24413741196446215,0.5514490679951466,1
2023-05-03,0.20441352004039132,0.24413741196446215,0.5514490679951466,1
2023-05-04,0.20441352004039132,0.24413741196446215,0.5514490679951466,1
2023-05-05,0.20441352004039132,0.24413741196446215,0.5514490679951466,1
2023-05-08,0.20441352004039132,0.24413741196446215,0.5514490679951466,1
2023-05-09,0.23197096308162468,0.2441366258935746,0.5238924110248008,1
2023-05-10,0.23197096308162468,0.2441366258935746,0.5238924110248008,1
2023-05-11,0.23197096308162468,0.2441366258935746,0.5238924110248008,1
2023-05-12,0.23197096308162468,0.2441366258935746,0.5238924110248008,1
2023-05-15,0.23197096308162468,0.2441366258935746,0.5238924110248008,1
2023-05-16,0.23376004888533372,0.24235807947336224,0.5238818716413041,1
2023-05-17,0.23376004888533372,0.24235807947336224,0.5238818716413041,1
2023-05-18,0.23376004888533372,0.24235807947336224,0.5238818716413041,1
2023-05-19,0.23376004888533372,0.24235807947336224,0.5238818716413041,1
2023-05-22,0.23376004888533372,0.24235807947336224,0.5238818716413041,1
2023-05-23,0.23519433929263914,0.24093261812985675,0.5238730425775041,1
2023-05-24,0.23519433929263914,0.24093261812985675,0.5238730425775041,1
2023-05-25,0.23519433929263914,0.24093261812985675,0.5238730425775041,1
2023-05-26,0.23519433929263914,0.24093261812985675,0.5238730425775041,1
2023-05-30,0.23519433929263914,0.24093261812985675,0.5238730425775041,1
2023-05-31,0.2353177311109906,0.2409251966697602,0.5237570722192492,1
2023-06-01,0.2353177311109906,0.2409251966697602,0.5237570722192492,0
2023-06-02,0.2353177311109906,0.2409251966697602,0.5237570722192492,0
2023-06-05,0.2353177311109906,0.2409251966697602,0.5237570722192492,0
2023-06-06,0.2353177311109906,0.2409251966697602,0.5237570722192492,0
2023-06-07,0.3822094019473911,1.1270778370106701e-11,0.6177905980413381,0
2023-06-08,0.3822094019473911,1.1270778370106701e-11,0.6177905980413381,0
2023-06-09,0.3822094019473911,1.1270778370106701e-11,0.6177905980413381,0
2023-06-12,0.3822094019473911,1.1270778370106701e-11,0.6177905980413381,0
2023-06-13,0.3822094019473911,1.1270778370106701e-11,0.6177905980413381,0
2023-06-14,0.9999999996046235,1.111780485982023e-11,3.842587183622376e-10,0
2023-06-15,0.9999999996046235,1.111780485982023e-11,3.842587183622376e-10,0
2023-06-16,0.9999999996046235,1.111780485982023e-11,3.842587183622376e-10,0
2023-06-20,0.9999999996046235,1.111780485982023e-11,3.842587183622376e-10,0
2023-06-21,0.9999999996046235,1.111780485982023e-11,3.842587183622376e-10,0
2023-06-22,0.9999999996960748,1.568131810823613e-11,2.882439229865948e-10,0
2023-06-23,0.9999999996960748,1.568131810823613e-11,2.882439229865948e-10,0
2023-06-26,0.9999999996960748,1.568131810823613e-11,2.882439229865948e-10,0
2023-06-27,0.9999999996960748,1.568131810823613e-11,2.882439229865948e-10,0
2023-06-28,0.9999999996960748,1.568131810823613e-11,2.882439229865948e-10,0
2023-06-29,0.9999999952901286,1.331566805694739e-10,4.576714644115932e-09,0
2023-06-30,0.9999999952901286,1.331566805694739e-10,4.576714644115932e-09,0
2023-07-03,0.9999999952901286,1.331566805694739e-10,4.576714644115932e-09,0
2023-07-05,0.9999999952901286,1.331566805694739e-10,4.576714644115932e-09,0
2023-07-06,0.9999999952901286,1.331566805694739e-10,4.576714644115932e-09,0
2023-07-07,0.8863458190855739,1.0226742773848344e-11,0.11365418090419932,0
2023-07-10,0.8863458190855739,1.0226742773848344e-11,0.11365418090419932,0
2023-07-11,0.8863458190855739,1.0226742773848344e-11,0.11365418090419932,0
2023-07-12,0.8863458190855739,1.0226742773848344e-11,0.11365418090419932,0
2023-07-13,0.8863458190855739,1.0226742773848344e-11,0.11365418090419932,0
2023-07-14,0.5587918474722557,4.474103377904097e-12,0.4412081525232702,0
2023-07-17,0.5587918474722557,4.474103377904097e-12,0.4412081525232702,0
2023-07-18,0.5587918474722557,4.474103377904097e-12,0.4412081525232702,0
2023-07-19,0.5587918474722557,4.474103377904097e-12,0.4412081525232702,0
2023-07-20,0.5587918474722557,4.474103377904097e-12,0.4412081525232702,0
2023-07-21,0.4232646825366218,4.752845825897657e-11,0.5767353174158498,0
2023-07-24,0.4232646825366218,4.752845825897657e-11,0.5767353174158498,0
2023-07-25,0.4232646825366218,4.752845825897657e-11,0.5767353174158498,0
2023-07-26,0.4232646825366218,4.752845825897657e-11,0.5767353174158498,0
2023-07-27,0.4232646825366218,4.752845825897657e-11,0.5767353174158498,0
2023-07-28,0.5267513460928172,1.6155081489673866e-12,0.4732486539055672,0
2023-07-31,0.5267513460928172,1.6155081489673866e-12,0.4732486539055672,0
2023-08-01,0.5267513460928172,1.6155081489673866e-12,0.4732486539055672,0
2023-08-02,0.5267513460928172,1.6155081489673866e-12,0.4732486539055672,0
2023-08-03,0.5267513460928172,1.6155081489673866e-12,0.4732486539055672,0
2023-08-04,0.49636436112068705,3.019876721912329e-10,0.5036356385773254,0
2023-08-07,0.49636436112068705,3.019876721912329e-10,0.5036356385773254,0
2023-08-08,0.49636436112068705,3.019876721912329e-10,0.5036356385773254,0
2023-08-09,0.49636436112068705,3.019876721912329e-10,0.5036356385773254,0
2023-08-10,0.49636436112068705,3.019876721912329e-10,0.5036356385773254,0
2023-08-11,0.8091171795492133,1.0412891850428985e-11,0.1908828204403739,0
2023-08-14,0.8091171795492133,1.0412891850428985e-11,0.1908828204403739,0
2023-08-15,0.8091171795492133,1.0412891850428985e-11,0.1908828204403739,0
2023-08-16,0.8091171795492133,1.0412891850428985e-11,0.1908828204403739,0
2023-08-17,0.8091171795492133,1.0412891850428985e-11,0.1908828204403739,0
2023-08-18,3.6574465356935905e-10,7.119785156099998e-12,0.9999999996271355,0
2023-08-21,3.6574465356935905e-10,7.119785156099998e-12,0.9999999996271355,0
2023-08-22,3.6574465356935905e-10,7.119785156099998e-12,0.9999999996271355,0
2023-08-23,3.6574465356935905e-10,7.119785156099998e-12,0.9999999996271355,0
2023-08-24,3.6574465356935905e-10,7.119785156099998e-12,0.9999999996271355,0
2023-08-25,0.19489799707748456,6.658870234676195e-12,0.8051020029158565,0
2023-08-28,0.19489799707748456,6.658870234676195e-12,0.8051020029158565,0
2023-08-29,0.19489799707748456,6.658870234676195e-12,0.8051020029158565,0
2023-08-30,0.19489799707748456,6.658870234676195e-12,0.8051020029158565,0
2023-08-31,0.19489799707748456,6.658870234676195e-12,0.8051020029158565,0
2023-09-01,0.47337581020231867,1.52386910256716e-10,0.5266241896452943,0
2023-09-05,0.47337581020231867,1.52386910256716e-10,0.5266241896452943,0
2023-09-06,0.47337581020231867,1.52386910256716e-10,0.5266241896452943,0
2023-09-07,0.47337581020231867,1.52386910256716e-10,0.5266241896452943,0
2023-09-08,0.47337581020231867,1.52386910256716e-10,0.5266241896452943,0
2023-09-11,0.47352277779570257,1.7993739666905379e-12,0.5264772222024982,0
2023-09-12,0.47352277779570257,1.7993739666905379e-12,0.5264772222024982,0
2023-09-13,0.47352277779570257,1.7993739666905379e-12,0.5264772222024982,0
2023-09-14,0.47352277779570257,1.7993739666905379e-12,0.5264772222024982,0
2023-09-15,0.47352277779570257,1.7993739666905379e-12,0.5264772222024982,0
2023-09-18,0.44112511803756677,6.354196396991431e-11,0.5588748818988912,0
2023-09-19,0.44112511803756677,6.354196396991431e-11,0.5588748818988912,0
2023-09-20,0.44112511803756677,6.354196396991431e-11,0.5588748818988912,0
2023-09-21,0.44112511803756677,6.354196396991431e-11,0.5588748818988912,1
2023-09-22,0.44112511803756677,6.354196396991431e-11,0.5588748818988912,1
2023-09-25,0.333839713239248,0.16239649308257845,0.5037637936781736,1
2023-09-26,0.333839713239248,0.16239649308257845,0.5037637936781736,1
2023-09-27,0.333839713239248,0.16239649308257845,0.5037637936781736,1
2023-09-28,0.333839713239248,0.16239649308257845,0.5037637936781736,1
2023-09-29,0.333839713239248,0.16239649308257845,0.5037637936781736,1
2023-10-02,0.33383398903759903,0.17677468794167614,0.4893913230207249,1
2023-10-03,0.33383398903759903,0.17677468794167614,0.4893913230207249,1
2023-10-04,0.33383398903759903,0.17677468794167614,0.4893913230207249,1
2023-10-05,0.33383398903759903,0.17677468794167614,0.4893913230207249,1
2023-10-06,0.33383398903759903,0.17677468794167614,0.4893913230207249,1
2023-10-09,0.3338343564325678,0.17677486062687678,0.48939078294055544,1
2023-10-10,0.3338343564325678,0.17677486062687678,0.48939078294055544,1
2023-10-11,0.3338343564325678,0.17677486062687678,0.48939078294055544,1
2023-10-12,0.3338343564325678,0.17677486062687678,0.48939078294055544,1
2023-10-13,0.3338343564325678,0.17677486062687678,0.48939078294055544,1
2023-10-16,0.3497606824691083,0.1767593833731977,0.473479934157694,1
2023-10-17,0.3497606824691083,0.1767593833731977,0.473479934157694,1
2023-10-18,0.3497606824691083,0.1767593833731977,0.473479934157694,1
2023-10-19,0.3497606824691083,0.1767593833731977,0.473479934157694,1
2023-10-20,0.3497606824691083,0.1767593833731977,0.473479934157694,1
2023-10-23,0.362357570302662,0.17132722427046265,0.4663152054268754,1
2023-10-24,0.362357570302662,0.17132722427046265,0.4663152054268754,1
2023-10-25,0.362357570302662,0.17132722427046265,0.4663152054268754,1
2023-10-26,0.362357570302662,0.17132722427046265,0.4663152054268754,1
2023-10-27,0.362357570302662,0.17132722427046265,0.4663152054268754,1
2023-10-30,0.369161475637865,0.16452631238375306,0.46631221197838185,1
2023-10-31,0.369161475637865,0.16452631238375306,0.46631221197838185,1
2023-11-01,0.369161475637865,0.16452631238375306,0.46631221197838185,1
2023-11-02,0.369161475637865,0.16452631238375306,0.46631221197838185,1
2023-11-03,0.369161475637865,0.16452631238375306,0.46631221197838185,1
2023-11-06,0.3783794658435706,0.1553088434602915,0.4663116906961378,1
2023-11-07,0.3783794658435706,0.1553088434602915,0.4663116906961378,1
2023-11-08,0.3783794658435706,0.1553088434602915,0.4663116906961378,1
2023-11-09,0.3783794658435706,0.1553088434602915,0.4663116906961378,1
2023-11-10,0.3783794658435706,0.1553088434602915,0.4663116906961378,1
2023-11-13,0.3934874897224943,0.13764801065389326,0.4688644996236125,1
2023-11-14,0.3934874897224943,0.13764801065389326,0.4688644996236125,1
2023-11-15,0.3934874897224943,0.13764801065389326,0.4688644996236125,1
2023-11-16,0.3934874897224943,0.13764801065389326,0.4688644996236125,0
2023-11-17,0.3934874897224943,0.13764801065389326,0.4688644996236125,0
2023-11-20,0.5927062420251881,6.350961436208681e-12,0.407293757968461,0
2023-11-21,0.5927062420251881,6.350961436208681e-12,0.407293757968461,0
2023-11-22,0.5927062420251881,6.350961436208681e-12,0.407293757968461,0
2023-11-24,0.5927062420251881,6.350961436208681e-12,0.407293757968461,0
2023-11-27,0.5927062420251881,6.350961436208681e-12,0.407293757968461,0
2023-11-28,0.47083024431969384,3.184246918129663e-11,0.5291697556484638,0
2023-11-29,0.47083024431969384,3.184246918129663e-11,0.5291697556484638,0
2023-11-30,0.47083024431969384,3.184246918129663e-11,0.5291697556484638,0
2023-12-01,0.47083024431969384,3.184246918129663e-11,0.5291697556484638,0
2023-12-04,0.47083024431969384,3.184246918129663e-11,0.5291697556484638,0
2023-12-05,0.5432382291833985,8.778834069944992e-13,0.45676177081572356,0
2023-12-06,0.5432382291833985,8.778834069944992e-13,0.45676177081572356,0
2023-12-07,0.5432382291833985,8.778834069944992e-13,0.45676177081572356,0
2023-12-08,0.5432382291833985,8.778834069944992e-13,0.45676177081572356,0
2023-12-11,0.5432382291833985,8.778834069944992e-13,0.45676177081572356,0
2023-12-12,0.6877955598826141,6.629133960097395e-11,0.31220444005109454,0
2023-12-13,0.6877955598826141,6.629133960097395e-11,0.31220444005109454,0
2023-12-14,0.6877955598826141,6.629133960097395e-11,0.31220444005109454,0
2023-12-15,0.6877955598826141,6.629133960097395e-11,0.31220444005109454,0
2023-12-18,0.6877955598826141,6.629133960097395e-11,0.31220444005109454,0
2023-12-19,0.6663078447279899,2.1268536192705236e-11,0.33369215525074153,0
2023-12-20,0.6663078447279899,2.1268536192705236e-11,0.33369215525074153,0
2023-12-21,0.6663078447279899,2.1268536192705236e-11,0.33369215525074153,0
2023-12-22,0.6663078447279899,2.1268536192705236e-11,0.33369215525074153,0
2023-12-26,0.6663078447279899,2.1268536192705236e-11,0.33369215525074153,0
2023-12-27,0.6722800262279767,3.2486222137345443e-09,0.3277199705234012,0
2023-12-28,0.6722800262279767,3.2486222137345443e-09,0.3277199705234012,0
2023-12-29,0.6722800262279767,3.2486222137345443e-09,0.3277199705234012,0
2024-01-02,0.6722800262279767,3.2486222137345443e-09,0.3277199705234012,0
2024-01-03,0.6722800262279767,3.2486222137345443e-09,0.3277199705234012,0
2024-01-04,0.7342036430128447,7.030519699382217e-09,0.2657963499566356,0
2024-01-05,0.7342036430128447,7.030519699382217e-09,0.2657963499566356,0
2024-01-08,0.7342036430128447,7.030519699382217e-09,0.2657963499566356,0
2024-01-09,0.7342036430128447,7.030519699382217e-09,0.2657963499566356,0
2024-01-10,0.7342036430128447,7.030519699382217e-09,0.2657963499566356,0
2024-01-11,0.8244349052628869,7.39253812715973e-10,0.17556509399785933,0
2024-01-12,0.8244349052628869,7.39253812715973e-10,0.17556509399785933,0
2024-01-16,0.8244349052628869,7.39253812715973e-10,0.17556509399785933,0
2024-01-17,0.8244349052628869,7.39253812715973e-10,0.17556509399785933,0
2024-01-18,0.8244349052628869,7.39253812715973e-10,0.17556509399785933,0
2024-01-19,0.8999342332409225,3.178763475059557e-10,0.10006576644120116,0
2024-01-22,0.8999342332409225,3.178763475059557e-10,0.10006576644120116,0
2024-01-23,0.8999342332409225,3.178763475059557e-10,0.10006576644120116,0
2024-01-24,0.8999342332409225,3.178763475059557e-10,0.10006576644120116,0
2024-01-25,0.8999342332409225,3.178763475059557e-10,0.10006576644120116,0
2024-01-26,0.9960982751026718,8.52331565469332e-11,0.003901724812095,0
2024-01-29,0.9960982751026718,8.52331565469332e-11,0.003901724812095,0
2024-01-30,0.9960982751026718,8.52331565469332e-11,0.003901724812095,0
2024-01-31,0.9960982751026718,8.52331565469332e-11,0.003901724812095,0
2024-02-01,0.9960982751026718,8.52331565469332e-11,0.003901724812095,0
2024-02-02,0.8937497777249362,7.02416777850394e-11,0.10625022220482205,0
2024-02-05,0.8937497777249362,7.02416777850394e-11,0.10625022220482205,0
2024-02-06,0.8937497777249362,7.02416777850394e-11,0.10625022220482205,0
2024-02-07,0.8937497777249362,7.02416777850394e-11,0.10625022220482205,0
2024-02-08,0.8937497777249362,7.02416777850394e-11,0.10625022220482205,0
2024-02-09,0.7957470486738193,6.830583580796692e-10,0.20425295064312235,0
2024-02-12,0.7957470486738193,6.830583580796692e-10,0.20425295064312235,0
2024-02-13,0.7957470486738193,6.830583580796692e-10,0.20425295064312235,0
2024-02-14,0.7957470486738193,6.830583580796692e-10,0.20425295064312235,0
2024-02-15,0.7957470486738193,6.830583580796692e-10,0.20425295064312235,0
2024-02-16,0.8426604687630502,2.1166503827589854e-11,0.15733953121578328,0
2024-02-20,0.8426604687630502,2.1166503827589854e-11,0.15733953121578328,0
2024-02-21,0.8426604687630502,2.1166503827589854e-11,0.15733953121578328,0
2024-02-22,0.8426604687630502,2.1166503827589854e-11,0.15733953121578328,0
2024-02-23,0.8426604687630502,2.1166503827589854e-11,0.15733953121578328,0
2024-02-26,0.770570982672669,1.717660902670253e-10,0.2294290171555649,0
2024-02-27,0.770570982672669,1.717660902670253e-10,0.2294290171555649,0
2024-02-28,0.770570982672669,1.717660902670253e-10,0.2294290171555649,0
2024-02-29,0.770570982672669,1.717660902670253e-10,0.2294290171555649,0
2024-03-01,0.770570982672669,1.717660902670253e-10,0.2294290171555649,0
2024-03-04,0.7556151522933676,1.4228909022981532e-10,0.24438484756434325,0
2024-03-05,0.7556151522933676,1.4228909022981532e-10,0.24438484756434325,0
2024-03-06,0.7556151522933676,1.4228909022981532e-10,0.24438484756434325,0
2024-03-07,0.7556151522933676,1.4228909022981532e-10,0.24438484756434325,0
2024-03-08,0.7556151522933676,1.4228909022981532e-10,0.24438484756434325,0
2024-03-11,0.6293992294649783,5.866334511098773e-09,0.3706007646686872,0
2024-03-12,0.6293992294649783,5.866334511098773e-09,0.3706007646686872,0
2024-03-13,0.6293992294649783,5.866334511098773e-09,0.3706007646686872,0
2024-03-14,0.6293992294649783,5.866334511098773e-09,0.3706007646686872,0
2024-03-15,0.6293992294649783,5.866334511098773e-09,0.3706007646686872,0
2024-03-18,0.7870912858961708,4.441094110996779e-10,0.21290871365971986,0
2024-03-19,0.7870912858961708,4.441094110996779e-10,0.21290871365971986,0
2024-03-20,0.7870912858961708,4.441094110996779e-10,0.21290871365971986,0
2024-03-21,0.7870912858961708,4.441094110996779e-10,0.21290871365971986,0
2024-03-22,0.7870912858961708,4.441094110996779e-10,0.21290871365971986,0
2024-03-25,0.9065596215973443,1.7337009296240445e-10,0.09344037822928568,0
2024-03-26,0.9065596215973443,1.7337009296240445e-10,0.09344037822928568,0
2024-03-27,0.9065596215973443,1.7337009296240445e-10,0.09344037822928568,0
2024-03-28,0.9065596215973443,1.7337009296240445e-10,0.09344037822928568,0
2024-04-01,0.9065596215973443,1.7337009296240445e-10,0.09344037822928568,0
2024-04-02,0.7816653935511162,3.3294562503594495e-10,0.21833460611593808,0
2024-04-03,0.7816653935511162,3.3294562503594495e-10,0.21833460611593808,0
2024-04-04,0.7816653935511162,3.3294562503594495e-10,0.21833460611593808,0
2024-04-05,0.7816653935511162,3.3294562503594495e-10,0.21833460611593808,0
2024-04-08,0.7816653935511162,3.3294562503594495e-10,0.21833460611593808,0
2024-04-09,0.7369748406838234,1.738510356703937e-10,0.26302515914232566,0
2024-04-10,0.7369748406838234,1.738510356703937e-10,0.26302515914232566,0
2024-04-11,0.7369748406838234,1.738510356703937e-10,0.26302515914232566,0
2024-04-12,0.7369748406838234,1.738510356703937e-10,0.26302515914232566,1
2024-04-15,0.7369748406838234,1.738510356703937e-10,0.26302515914232566,1
2024-04-16,0.5353851842823334,0.06898345601092963,0.39563135970673696,1
2024-04-17,0.5353851842823334,0.06898345601092963,0.39563135970673696,1
2024-04-18,0.5353851842823334,0.06898345601092963,0.39563135970673696,1
2024-04-19,0.5353851842823334,0.06898345601092963,0.39563135970673696,1
2024-04-22,0.5353851842823334,0.06898345601092963,0.39563135970673696,1
2024-04-23,0.5309285930013371,0.07343210110888376,0.39563930588977914,1
2024-04-24,0.5309285930013371,0.07343210110888376,0.39563930588977914,0
2024-04-25,0.5309285930013371,0.07343210110888376,0.39563930588977914,0
2024-04-26,0.5309285930013371,0.07343210110888376,0.39563930588977914,0
2024-04-29,0.5309285930013371,0.07343210110888376,0.39563930588977914,0
2024-04-30,0.6692135639253151,3.374566475173163e-11,0.3307864360409394,0
2024-05-01,0.6692135639253151,3.374566475173163e-11,0.3307864360409394,0
2024-05-02,0.6692135639253151,3.374566475173163e-11,0.3307864360409394,0
2024-05-03,0.6692135639253151,3.374566475173163e-11,0.3307864360409394,0
2024-05-06,0.6692135639253151,3.374566475173163e-11,0.3307864360409394,0
2024-05-07,0.8217593274702537,1.000318980556205e-09,0.1782406715294274,0
2024-05-08,0.8217593274702537,1.000318980556205e-09,0.1782406715294274,0
2024-05-09,0.8217593274702537,1.000318980556205e-09,0.1782406715294274,0
2024-05-10,0.8217593274702537,1.000318980556205e-09,0.1782406715294274,0
2024-05-13,0.8217593274702537,1.000318980556205e-09,0.1782406715294274,0
2024-05-14,0.7678741641230863,2.3617435708547373e-10,0.23212583564073944,0
2024-05-15,0.7678741641230863,2.3617435708547373e-10,0.23212583564073944,0
2024-05-16,0.7678741641230863,2.3617435708547373e-10,0.23212583564073944,0
2024-05-17,0.7678741641230863,2.3617435708547373e-10,0.23212583564073944,0
2024-05-20,0.7678741641230863,2.3617435708547373e-10,0.23212583564073944,0
2024-05-21,0.6196385466750385,2.8980636518535692e-09,0.38036145042689795,0
2024-05-22,0.6196385466750385,2.8980636518535692e-09,0.38036145042689795,0
2024-05-23,0.6196385466750385,2.8980636518535692e-09,0.38036145042689795,0
2024-05-24,0.6196385466750385,2.8980636518535692e-09,0.38036145042689795,0
2024-05-28,0.6196385466750385,2.8980636518535692e-09,0.38036145042689795,0
2024-05-29,0.6990810933458137,5.023727140902431e-09,0.3009189016304591,0
2024-05-30,0.6990810933458137,5.023727140902431e-09,0.3009189016304591,0
2024-05-31,0.6990810933458137,5.023727140902431e-09,0.3009189016304591,0
2024-06-03,0.6990810933458137,5.023727140902431e-09,0.3009189016304591,0
2024-06-04,0.6990810933458137,5.023727140902431e-09,0.3009189016304591,0
2024-06-05,0.6937133973937025,3.3315492899617897e-09,0.3062865992747483,0
2024-06-06,0.6937133973937025,3.3315492899617897e-09,0.3062865992747483,0
2024-06-07,0.6937133973937025,3.3315492899617897e-09,0.3062865992747483,0
2024-06-10,0.6937133973937025,3.3315492899617897e-09,0.3062865992747483,0
2024-06-11,0.6937133973937025,3.3315492899617897e-09,0.3062865992747483,0
2024-06-12,0.7608682892516646,9.840226010649798e-11,0.2391317106499331,0
2024-06-13,0.7608682892516646,9.840226010649798e-11,0.2391317106499331,0
2024-06-14,0.7608682892516646,9.840226010649798e-11,0.2391317106499331,0
2024-06-17,0.7608682892516646,9.840226010649798e-11,0.2391317106499331,0
2024-06-18,0.7608682892516646,9.840226010649798e-11,0.2391317106499331,0
2024-06-20,0.7353629195202743,5.01239198270865e-09,0.26463707546733356,0
2024-06-21,0.7353629195202743,5.01239198270865e-09,0.26463707546733356,0
2024-06-24,0.7353629195202743,5.01239198270865e-09,0.26463707546733356,0
2024-06-25,0.7353629195202743,5.01239198270865e-09,0.26463707546733356,0
2024-06-26,0.7353629195202743,5.01239198270865e-09,0.26463707546733356,0
2024-06-27,0.7572046391826497,9.318825661452588e-11,0.24279536072416216,0
2024-06-28,0.7572046391826497,9.318825661452588e-11,0.24279536072416216,0
2024-07-01,0.7572046391826497,9.318825661452588e-11,0.24279536072416216,0
2024-07-02,0.7572046391826497,9.318825661452588e-11,0.24279536072416216,0
2024-07-03,0.7572046391826497,9.318825661452588e-11,0.24279536072416216,0
2024-07-05,0.67754311715517,2.8915960615445878e-09,0.32245687995323385,0
2024-07-08,0.67754311715517,2.8915960615445878e-09,0.32245687995323385,0
2024-07-09,0.67754311715517,2.8915960615445878e-09,0.32245687995323385,0
2024-07-10,0.67754311715517,2.8915960615445878e-09,0.32245687995323385,0
2024-07-11,0.67754311715517,2.8915960615445878e-09,0.32245687995323385,0
2024-07-12,0.6652571716912413,3.5583399904660423e-09,0.3347428247504187,0
2024-07-15,0.6652571716912413,3.5583399904660423e-09,0.3347428247504187,0
2024-07-16,0.6652571716912413,3.5583399904660423e-09,0.3347428247504187,0
2024-07-17,0.6652571716912413,3.5583399904660423e-09,0.3347428247504187,0
2024-07-18,0.6652571716912413,3.5583399904660423e-09,0.3347428247504187,0
2024-07-19,0.6254776460421134,1.7487250483234454e-09,0.3745223522091614,0
2024-07-22,0.6254776460421134,1.7487250483234454e-09,0.3745223522091614,0
2024-07-23,0.6254776460421134,1.7487250483234454e-09,0.3745223522091614,0
2024-07-24,0.6254776460421134,1.7487250483234454e-09,0.3745223522091614,1
2024-07-25,0.6254776460421134,1.7487250483234454e-09,0.3745223522091614,1
2024-07-26,0.5595950016719504,0.09066534983758844,0.34973964849046113,1
2024-07-29,0.5595950016719504,0.09066534983758844,0.34973964849046113,1
2024-07-30,0.5595950016719504,0.09066534983758844,0.34973964849046113,1
2024-07-31,0.5595950016719504,0.09066534983758844,0.34973964849046113,1
2024-08-01,0.5595950016719504,0.09066534983758844,0.34973964849046113,1
2024-08-02,0.5423392488784757,0.10793175037786767,0.34972900074365654,1
2024-08-05,0.5423392488784757,0.10793175037786767,0.34972900074365654,2
2024-08-06,0.5423392488784757,0.10793175037786767,0.34972900074365654,2
2024-08-07,0.5423392488784757,0.10793175037786767,0.34972900074365654,1
2024-08-08,0.5423392488784757,0.10793175037786767,0.34972900074365654,1
2024-08-09,0.4989073488370055,0.1523547619283816,0.34873788923461296,1
2024-08-12,0.4989073488370055,0.1523547619283816,0.34873788923461296,1
2024-08-13,0.4989073488370055,0.1523547619283816,0.34873788923461296,1
2024-08-14,0.4989073488370055,0.1523547619283816,0.34873788923461296,1
2024-08-15,0.4989073488370055,0.1523547619283816,0.34873788923461296,1
2024-08-16,0.4946061859849447,0.15670958695453485,0.3486842270605204,1
2024-08-19,0.4946061859849447,0.15670958695453485,0.3486842270605204,1
2024-08-20,0.4946061859849447,0.15670958695453485,0.3486842270605204,1
2024-08-21,0.4946061859849447,0.15670958695453485,0.3486842270605204,1
2024-08-22,0.4946061859849447,0.15670958695453485,0.3486842270605204,1
2024-08-23,0.49460579280595907,0.16063343572011987,0.3447607714739211,1
2024-08-26,0.49460579280595907,0.16063343572011987,0.3447607714739211,1
2024-08-27,0.49460579280595907,0.16063343572011987,0.3447607714739211,1
2024-08-28,0.49460579280595907,0.16063343572011987,0.3447607714739211,1
2024-08-29,0.49460579280595907,0.16063343572011987,0.3447607714739211,1
2024-08-30,0.49460469452643374,0.16992524690363836,0.3354700585699279,1
2024-09-03,0.49460469452643374,0.16992524690363836,0.3354700585699279,1
2024-09-04,0.49460469452643374,0.16992524690363836,0.3354700585699279,1
2024-09-05,0.49460469452643374,0.16992524690363836,0.3354700585699279,1
2024-09-06,0.49460469452643374,0.16992524690363836,0.3354700585699279,1
2024-09-09,0.48854065941332697,0.18110176477126688,0.3303575758154062,1
2024-09-10,0.48854065941332697,0.18110176477126688,0.3303575758154062,1
2024-09-11,0.48854065941332697,0.18110176477126688,0.3303575758154062,1
2024-09-12,0.48854065941332697,0.18110176477126688,0.3303575758154062,1
2024-09-13,0.48854065941332697,0.18110176477126688,0.3303575758154062,1
2024-09-16,0.4872030040691895,0.18484196385283272,0.32795503207797777,1
2024-09-17,0.4872030040691895,0.18484196385283272,0.32795503207797777,1
2024-09-18,0.4872030040691895,0.18484196385283272,0.32795503207797777,1
2024-09-19,0.4872030040691895,0.18484196385283272,0.32795503207797777,1
2024-09-20,0.4872030040691895,0.18484196385283272,0.32795503207797777,1
2024-09-23,0.4872028703939655,0.1918166455177171,0.3209804840883174,1
2024-09-24,0.4872028703939655,0.1918166455177171,0.3209804840883174,1
2024-09-25,0.4872028703939655,0.1918166455177171,0.3209804840883174,1
2024-09-26,0.4872028703939655,0.1918166455177171,0.3209804840883174,1
2024-09-27,0.4872028703939655,0.1918166455177171,0.3209804840883174,1
2024-09-30,0.4871991676230981,0.20220505086197596,0.310595781514926,1
2024-10-01,0.4871991676230981,0.20220505086197596,0.310595781514926,1
2024-10-02,0.4871991676230981,0.20220505086197596,0.310595781514926,1
2024-10-03,0.4871991676230981,0.20220505086197596,0.310595781514926,1
2024-10-04,0.4871991676230981,0.20220505086197596,0.310595781514926,1
2024-10-07,0.4871989957761634,0.20924901874797036,0.3035519854758663,1
2024-10-08,0.4871989957761634,0.20924901874797036,0.3035519854758663,1
2024-10-09,0.4871989957761634,0.20924901874797036,0.3035519854758663,1
2024-10-10,0.4871989957761634,0.20924901874797036,0.3035519854758663,1
2024-10-11,0.4871989957761634,0.20924901874797036,0.3035519854758663,1
2024-10-14,0.4808516127167136,0.21587316653356053,0.3032752207497258,1
2024-10-15,0.4808516127167136,0.21587316653356053,0.3032752207497258,1
2024-10-16,0.4808516127167136,0.21587316653356053,0.3032752207497258,1
2024-10-17,0.4808516127167136,0.21587316653356053,0.3032752207497258,1
2024-10-18,0.4808516127167136,0.21587316653356053,0.3032752207497258,1
2024-10-21,0.4661570985995433,0.2305700834481901,0.30327281795226657,1
2024-10-22,0.4661570985995433,0.2305700834481901,0.30327281795226657,1
2024-10-23,0.4661570985995433,0.2305700834481901,0.30327281795226657,1
2024-10-24,0.4661570985995433,0.2305700834481901,0.30327281795226657,1
2024-10-25,0.4661570985995433,0.2305700834481901,0.30327281795226657,1
2024-10-28,0.46615688552510187,0.24588577104869436,0.2879573434262037,1
2024-10-29,0.46615688552510187,0.24588577104869436,0.2879573434262037,1
2024-10-30,0.46615688552510187,0.24588577104869436,0.2879573434262037,1
2024-10-31,0.46615688552510187,0.24588577104869436,0.2879573434262037,1
2024-11-01,0.46615688552510187,0.24588577104869436,0.2879573434262037,1
2024-11-04,0.4661566466555492,0.25909316698297524,0.2747501863614757,1
2024-11-05,0.4661566466555492,0.25909316698297524,0.2747501863614757,1
2024-11-06,0.4661566466555492,0.25909316698297524,0.2747501863614757,1
2024-11-07,0.4661566466555492,0.25909316698297524,0.2747501863614757,0
2024-11-08,0.4661566466555492,0.25909316698297524,0.2747501863614757,0
2024-11-11,0.6262904708380881,1.7052046029467857e-08,0.3737095121098659,0
2024-11-12,0.6262904708380881,1.7052046029467857e-08,0.3737095121098659,0
2024-11-13,0.6262904708380881,1.7052046029467857e-08,0.3737095121098659,0
2024-11-14,0.6262904708380881,1.7052046029467857e-08,0.3737095121098659,0
2024-11-15,0.6262904708380881,1.7052046029467857e-08,0.3737095121098659,0
2024-11-18,0.6522755626940502,1.0561025294070269e-08,0.3477244267449246,0
2024-11-19,0.6522755626940502,1.0561025294070269e-08,0.3477244267449246,0
2024-11-20,0.6522755626940502,1.0561025294070269e-08,0.3477244267449246,0
2024-11-21,0.6522755626940502,1.0561025294070269e-08,0.3477244267449246,0
2024-11-22,0.6522755626940502,1.0561025294070269e-08,0.3477244267449246,0
2024-11-25,0.6032535410987242,1.1749821665575148e-09,0.3967464577262937,0
2024-11-26,0.6032535410987242,1.1749821665575148e-09,0.3967464577262937,0
2024-11-27,0.6032535410987242,1.1749821665575148e-09,0.3967464577262937,0
2024-11-29,0.6032535410987242,1.1749821665575148e-09,0.3967464577262937,0
2024-12-02,0.6032535410987242,1.1749821665575148e-09,0.3967464577262937,0
2024-12-03,0.7104098661998898,5.689683881182491e-09,0.28959012811042617,0
2024-12-04,0.7104098661998898,5.689683881182491e-09,0.28959012811042617,0
2024-12-05,0.7104098661998898,5.689683881182491e-09,0.28959012811042617,0
2024-12-06,0.7104098661998898,5.689683881182491e-09,0.28959012811042617,0
2024-12-09,0.7104098661998898,5.689683881182491e-09,0.28959012811042617,0
2024-12-10,0.6781058409932841,1.1837721395353767e-09,0.3218941578229439,0
2024-12-11,0.6781058409932841,1.1837721395353767e-09,0.3218941578229439,0
2024-12-12,0.6781058409932841,1.1837721395353767e-09,0.3218941578229439,0
2024-12-13,0.6781058409932841,1.1837721395353767e-09,0.3218941578229439,0
2024-12-16,0.6781058409932841,1.1837721395353767e-09,0.3218941578229439,0
2024-12-17,0.6431447756041355,8.11354459540344e-09,0.3568552162823199,0
2024-12-18,0.6431447756041355,8.11354459540344e-09,0.3568552162823199,1
2024-12-19,0.6431447756041355,8.11354459540344e-09,0.3568552162823199,1
2024-12-20,0.6431447756041355,8.11354459540344e-09,0.3568552162823199,1
2024-12-23,0.6431447756041355,8.11354459540344e-09,0.3568552162823199,1
2024-12-24,0.47470644565962816,0.30339890045750983,0.22189465388286203,1
2024-12-26,0.47470644565962816,0.30339890045750983,0.22189465388286203,1
2024-12-27,0.47470644565962816,0.30339890045750983,0.22189465388286203,1
2024-12-30,0.47470644565962816,0.30339890045750983,0.22189465388286203,1
2024-12-31,0.47470644565962816,0.30339890045750983,0.22189465388286203,1
2025-01-02,0.4652139638284059,0.31289222599639455,0.2218938101751995,1
2025-01-03,0.4652139638284059,0.31289222599639455,0.2218938101751995,1
2025-01-06,0.4652139638284059,0.31289222599639455,0.2218938101751995,1
2025-01-07,0.4652139638284059,0.31289222599639455,0.2218938101751995,1
2025-01-08,0.4652139638284059,0.31289222599639455,0.2218938101751995,1
2025-01-10,0.46423232729639713,0.314184421656859,0.22158325104674387,1
2025-01-13,0.46423232729639713,0.314184421656859,0.22158325104674387,1
2025-01-14,0.46423232729639713,0.314184421656859,0.22158325104674387,1
2025-01-15,0.46423232729639713,0.314184421656859,0.22158325104674387,1
2025-01-16,0.46423232729639713,0.314184421656859,0.22158325104674387,1
2025-01-17,0.45779433329855324,0.32062376943961285,0.22158189726183392,1
2025-01-21,0.45779433329855324,0.32062376943961285,0.22158189726183392,0
2025-01-22,0.45779433329855324,0.32062376943961285,0.22158189726183392,0
2025-01-23,0.45779433329855324,0.32062376943961285,0.22158189726183392,0
2025-01-24,0.45779433329855324,0.32062376943961285,0.22158189726183392,0
2025-01-27,0.4898819278202597,1.1715881598751231e-08,0.5101180604638589,0
2025-01-28,0.4898819278202597,1.1715881598751231e-08,0.5101180604638589,0
2025-01-29,0.4898819278202597,1.1715881598751231e-08,0.5101180604638589,0
2025-01-30,0.4898819278202597,1.1715881598751231e-08,0.5101180604638589,0
2025-01-31,0.4898819278202597,1.1715881598751231e-08,0.5101180604638589,0
2025-02-03,0.42372915733231037,7.51008493775459e-09,0.5762708351576047,0
2025-02-04,0.42372915733231037,7.51008493775459e-09,0.5762708351576047,0
2025-02-05,0.42372915733231037,7.51008493775459e-09,0.5762708351576047,0
2025-02-06,0.42372915733231037,7.51008493775459e-09,0.5762708351576047,0
2025-02-07,0.42372915733231037,7.51008493775459e-09,0.5762708351576047,0
2025-02-10,0.3786748281244162,1.2930074585309707e-08,0.6213251589455093,0
2025-02-11,0.3786748281244162,1.2930074585309707e-08,0.6213251589455093,0
2025-02-12,0.3786748281244162,1.2930074585309707e-08,0.6213251589455093,0
2025-02-13,0.3786748281244162,1.2930074585309707e-08,0.6213251589455093,0
2025-02-14,0.3786748281244162,1.2930074585309707e-08,0.6213251589455093,0
2025-02-18,0.38008523370459435,5.211072320118601e-08,0.6199147141846824,0
2025-02-19,0.38008523370459435,5.211072320118601e-08,0.6199147141846824,0
2025-02-20,0.38008523370459435,5.211072320118601e-08,0.6199147141846824,0
2025-02-21,0.38008523370459435,5.211072320118601e-08,0.6199147141846824,1
2025-02-24,0.38008523370459435,5.211072320118601e-08,0.6199147141846824,1
2025-02-25,0.3977928642071669,0.3570598558685718,0.24514727992426139,1
2025-02-26,0.3977928642071669,0.3570598558685718,0.24514727992426139,1
2025-02-27,0.3977928642071669,0.3570598558685718,0.24514727992426139,1
2025-02-28,0.3977928642071669,0.3570598558685718,0.24514727992426139,1
2025-03-03,0.3977928642071669,0.3570598558685718,0.24514727992426139,1
2025-03-04,0.3977956619142895,0.35848212264232,0.2437222154433904,1
2025-03-05,0.3977956619142895,0.35848212264232,0.2437222154433904,1
2025-03-06,0.3977956619142895,0.35848212264232,0.2437222154433904,1
2025-03-07,0.3977956619142895,0.35848212264232,0.2437222154433904,1
2025-03-10,0.3977956619142895,0.35848212264232,0.2437222154433904,1
2025-03-11,0.39779552940383367,0.3584935506093175,0.2437109199868489,1
2025-03-12,0.39779552940383367,0.3584935506093175,0.2437109199868489,1
2025-03-13,0.39779552940383367,0.3584935506093175,0.2437109199868489,1
2025-03-14,0.39779552940383367,0.3584935506093175,0.2437109199868489,1
2025-03-17,0.39779552940383367,0.3584935506093175,0.2437109199868489,1
2025-03-18,0.39779278460614886,0.3585223942339888,0.24368482115986237,1
2025-03-19,0.39779278460614886,0.3585223942339888,0.24368482115986237,1
2025-03-20,0.39779278460614886,0.3585223942339888,0.24368482115986237,1
2025-03-21,0.39779278460614886,0.3585223942339888,0.24368482115986237,1
2025-03-24,0.39779278460614886,0.3585223942339888,0.24368482115986237,1
2025-03-25,0.39776649981257534,0.3585813529127881,0.24365214727463658,1
2025-03-26,0.39776649981257534,0.3585813529127881,0.24365214727463658,1
2025-03-27,0.39776649981257534,0.3585813529127881,0.24365214727463658,1
2025-03-28,0.39776649981257534,0.3585813529127881,0.24365214727463658,1
2025-03-31,0.39776649981257534,0.3585813529127881,0.24365214727463658,1
2025-04-01,0.396711494835611,0.3599279482303575,0.24336055693403139,1
2025-04-02,0.396711494835611,0.3599279482303575,0.24336055693403139,1
2025-04-03,0.396711494835611,0.3599279482303575,0.24336055693403139,2
2025-04-04,0.396711494835611,0.3599279482303575,0.24336055693403139,2
2025-04-07,0.396711494835611,0.3599279482303575,0.24336055693403139,2
2025-04-08,0.39671133072338205,0.35992812286223336,0.2433605464143846,2
2025-04-09,0.39671133072338205,0.35992812286223336,0.2433605464143846,2
2025-04-10,0.39671133072338205,0.35992812286223336,0.2433605464143846,2
2025-04-11,0.39671133072338205,0.35992812286223336,0.2433605464143846,2
2025-04-14,0.39671133072338205,0.35992812286223336,0.2433605464143846,2
2025-04-15,0.3270493512894551,0.4295888601094087,0.24336178860113616,2
2025-04-16,0.3270493512894551,0.4295888601094087,0.24336178860113616,2
2025-04-17,0.3270493512894551,0.4295888601094087,0.24336178860113616,2
2025-04-21,0.3270493512894551,0.4295888601094087,0.24336178860113616,2
2025-04-22,0.3270493512894551,0.4295888601094087,0.24336178860113616,2
2025-04-23,0.32685807913296333,0.42977910021184673,0.24336282065518997,2
2025-04-24,0.32685807913296333,0.42977910021184673,0.24336282065518997,2
2025-04-25,0.32685807913296333,0.42977910021184673,0.24336282065518997,2
2025-04-28,0.32685807913296333,0.42977910021184673,0.24336282065518997,2
2025-04-29,0.32685807913296333,0.42977910021184673,0.24336282065518997,2
2025-04-30,0.3236726865896478,0.43183399386085275,0.2444933195494994,2
2025-05-01,0.3236726865896478,0.43183399386085275,0.2444933195494994,2
2025-05-02,0.3236726865896478,0.43183399386085275,0.2444933195494994,2
2025-05-05,0.3236726865896478,0.43183399386085275,0.2444933195494994,2
2025-05-06,0.3236726865896478,0.43183399386085275,0.2444933195494994,2
2025-05-07,0.32367252422024406,0.43183412352343803,0.24449335225631788,2
2025-05-08,0.32367252422024406,0.43183412352343803,0.24449335225631788,1
2025-05-09,0.32367252422024406,0.43183412352343803,0.24449335225631788,1
2025-05-12,0.32367252422024406,0.43183412352343803,0.24449335225631788,1
2025-05-13,0.32367252422024406,0.43183412352343803,0.24449335225631788,1
2025-05-14,0.25457758118306556,0.4770687270525026,0.2683536917644319,1
2025-05-15,0.25457758118306556,0.4770687270525026,0.2683536917644319,1
2025-05-16,0.25457758118306556,0.4770687270525026,0.2683536917644319,1
2025-05-19,0.25457758118306556,0.4770687270525026,0.2683536917644319,1
2025-05-20,0.25457758118306556,0.4770687270525026,0.2683536917644319,1
2025-05-21,0.2545472249735596,0.47709792613446045,0.26835484889197997,1
2025-05-22,0.2545472249735596,0.47709792613446045,0.26835484889197997,1
2025-05-23,0.2545472249735596,0.47709792613446045,0.26835484889197997,1
2025-05-27,0.2545472249735596,0.47709792613446045,0.26835484889197997,1
2025-05-28,0.2545472249735596,0.47709792613446045,0.26835484889197997,1
2025-05-29,0.24919760287224796,0.47709794185273247,0.2737044552750196,1
2025-05-30,0.24919760287224796,0.47709794185273247,0.2737044552750196,1
2025-06-02,0.24919760287224796,0.47709794185273247,0.2737044552750196,1
2025-06-03,0.24919760287224796,0.47709794185273247,0.2737044552750196,1
2025-06-04,0.24919760287224796,0.47709794185273247,0.2737044552750196,1
2025-06-05,0.2491971599808296,0.4770980526874798,0.2737047873316906,1
2025-06-06,0.2491971599808296,0.4770980526874798,0.2737047873316906,1
2025-06-09,0.2491971599808296,0.4770980526874798,0.2737047873316906,1
2025-06-10,0.2491971599808296,0.4770980526874798,0.2737047873316906,1
2025-06-11,0.2491971599808296,0.4770980526874798,0.2737047873316906,1
2025-06-12,0.24427457934705216,0.47709812642083926,0.2786272942321086,1
2025-06-13,0.24427457934705216,0.47709812642083926,0.2786272942321086,1
2025-06-16,0.24427457934705216,0.47709812642083926,0.2786272942321086,1
2025-06-17,0.24427457934705216,0.47709812642083926,0.2786272942321086,1
2025-06-18,0.24427457934705216,0.47709812642083926,0.2786272942321086,1
2025-06-20,0.24427360412695662,0.47709832434597194,0.2786280715270715,1
2025-06-23,0.24427360412695662,0.47709832434597194,0.2786280715270715,1
2025-06-24,0.24427360412695662,0.47709832434597194,0.2786280715270715,1
2025-06-25,0.24427360412695662,0.47709832434597194,0.2786280715270715,1
2025-06-26,0.24427360412695662,0.47709832434597194,0.2786280715270715,1
2025-06-27,0.24342359970645266,0.4770985243589604,0.27947787593458706,1
2025-06-30,0.24342359970645266,0.4770985243589604,0.27947787593458706,1
2025-07-01,0.24342359970645266,0.4770985243589604,0.27947787593458706,1
2025-07-02,0.24342359970645266,0.4770985243589604,0.27947787593458706,1
2025-07-03,0.24342359970645266,0.4770985243589604,0.27947787593458706,1
2025-07-07,0.24177028631137135,0.4787509353188065,0.2794787783698222,1
2025-07-08,0.24177028631137135,0.4787509353188065,0.2794787783698222,1
2025-07-09,0.24177028631137135,0.4787509353188065,0.2794787783698222,1
2025-07-10,0.24177028631137135,0.4787509353188065,0.2794787783698222,1
2025-07-11,0.24177028631137135,0.4787509353188065,0.2794787783698222,1
2025-07-14,0.24118856561714008,0.479331099406701,0.2794803349761589,1
2025-07-15,0.24118856561714008,0.479331099406701,0.2794803349761589,1
2025-07-16,0.24118856561714008,0.479331099406701,0.2794803349761589,1
2025-07-17,0.24118856561714008,0.479331099406701,0.2794803349761589,1
2025-07-18,0.24118856561714008,0.479331099406701,0.2794803349761589,1
2025-07-21,0.2363613984490518,0.48339653221227713,0.2802420693386711,1
2025-07-22,0.2363613984490518,0.48339653221227713,0.2802420693386711,1
2025-07-23,0.2363613984490518,0.48339653221227713,0.2802420693386711,1
2025-07-24,0.2363613984490518,0.48339653221227713,0.2802420693386711,1
2025-07-25,0.2363613984490518,0.48339653221227713,0.2802420693386711,1
2025-07-28,0.23636040954491616,0.48339677397252184,0.2802428164825619,1
2025-07-29,0.23636040954491616,0.48339677397252184,0.2802428164825619,1
2025-07-30,0.23636040954491616,0.48339677397252184,0.2802428164825619,1
2025-07-31,0.23636040954491616,0.48339677397252184,0.2802428164825619,1
2025-08-01,0.23636040954491616,0.48339677397252184,0.2802428164825619,1
2025-08-04,0.2363602108200233,0.48339675328306564,0.280243035896911,1
2025-08-05,0.2363602108200233,0.48339675328306564,0.280243035896911,1
2025-08-06,0.2363602108200233,0.48339675328306564,0.280243035896911,1
2025-08-07,0.2363602108200233,0.48339675328306564,0.280243035896911,0
2025-08-08,0.2363602108200233,0.48339675328306564,0.280243035896911,0
2025-08-11,0.29119812791020955,5.012423758325633e-09,0.7088018670773667,0
2025-08-12,0.29119812791020955,5.012423758325633e-09,0.7088018670773667,0
2025-08-13,0.29119812791020955,5.012423758325633e-09,0.7088018670773667,0
2025-08-14,0.29119812791020955,5.012423758325633e-09,0.7088018670773667,0
2025-08-15,0.29119812791020955,5.012423758325633e-09,0.7088018670773667,0
2025-08-18,0.29731553748376655,2.2301207916874958e-09,0.7026844602861128,0
2025-08-19,0.29731553748376655,2.2301207916874958e-09,0.7026844602861128,0
2025-08-20,0.29731553748376655,2.2301207916874958e-09,0.7026844602861128,0
2025-08-21,0.29731553748376655,2.2301207916874958e-09,0.7026844602861128,0
2025-08-22,0.29731553748376655,2.2301207916874958e-09,0.7026844602861128,0
2025-08-25,0.25530249296868346,3.6098365993417633e-09,0.74469750342148,0
2025-08-26,0.25530249296868346,3.6098365993417633e-09,0.74469750342148,0
2025-08-27,0.25530249296868346,3.6098365993417633e-09,0.74469750342148,0
2025-08-28,0.25530249296868346,3.6098365993417633e-09,0.74469750342148,0
2025-08-29,0.25530249296868346,3.6098365993417633e-09,0.74469750342148,0
2025-09-02,0.2320872544618713,6.515609478243657e-09,0.7679127390225192,0
2025-09-03,0.2320872544618713,6.515609478243657e-09,0.7679127390225192,0
2025-09-04,0.2320872544618713,6.515609478243657e-09,0.7679127390225192,0
2025-09-05,0.2320872544618713,6.515609478243657e-09,0.7679127390225192,0
2025-09-08,0.2320872544618713,6.515609478243657e-09,0.7679127390225192,0
2025-09-09,0.24024129771439143,9.435897147650223e-09,0.7597586928497114,0
2025-09-10,0.24024129771439143,9.435897147650223e-09,0.7597586928497114,0
2025-09-11,0.24024129771439143,9.435897147650223e-09,0.7597586928497114,0
2025-09-12,0.24024129771439143,9.435897147650223e-09,0.7597586928497114,0
2025-09-15,0.24024129771439143,9.435897147650223e-09,0.7597586928497114,0
2025-09-16,0.25835734507471303,7.186567705052491e-09,0.7416426477387194,0
2025-09-17,0.25835734507471303,7.186567705052491e-09,0.7416426477387194,0
2025-09-18,0.25835734507471303,7.186567705052491e-09,0.7416426477387194,0
2025-09-19,0.25835734507471303,7.186567705052491e-09,0.7416426477387194,0
2025-09-22,0.25835734507471303,7.186567705052491e-09,0.7416426477387194,1
2025-09-23,0.24809909241783737,0.45149362689244826,0.3004072806897144,1
2025-09-24,0.24809909241783737,0.45149362689244826,0.3004072806897144,1
2025-09-25,0.24809909241783737,0.45149362689244826,0.3004072806897144,1
2025-09-26,0.24809909241783737,0.45149362689244826,0.3004072806897144,1
2025-09-29,0.24809909241783737,0.45149362689244826,0.3004072806897144,1
2025-09-30,0.2480961588965591,0.4515361460447027,0.3003676950587382,1
2025-10-01,0.2480961588965591,0.4515361460447027,0.3003676950587382,1
2025-10-02,0.2480961588965591,0.4515361460447027,0.3003676950587382,1
2025-10-03,0.2480961588965591,0.4515361460447027,0.3003676950587382,1
2025-10-06,0.2480961588965591,0.4515361460447027,0.3003676950587382,1
2025-10-07,0.24808615886498567,0.45173202331888246,0.30018181781613174,1
2025-10-08,0.24808615886498567,0.45173202331888246,0.30018181781613174,1
2025-10-09,0.24808615886498567,0.45173202331888246,0.30018181781613174,1
2025-10-10,0.24808615886498567,0.45173202331888246,0.30018181781613174,1
2025-10-13,0.24808615886498567,0.45173202331888246,0.30018181781613174,1
2025-10-14,0.24784424673128938,0.4635621611840209,0.28859359208468977,1
2025-10-15,0.24784424673128938,0.4635621611840209,0.28859359208468977,1
2025-10-16,0.24784424673128938,0.4635621611840209,0.28859359208468977,1
2025-10-17,0.24784424673128938,0.4635621611840209,0.28859359208468977,1
2025-10-20,0.24784424673128938,0.4635621611840209,0.28859359208468977,1
2025-10-21,0.24784424639421265,0.4635621649683548,0.2885935886374327,2
2025-10-22,0.24784424639421265,0.4635621649683548,0.2885935886374327,1
2025-10-23,0.24784424639421265,0.4635621649683548,0.2885935886374327,1
2025-10-24,0.24784424639421265,0.4635621649683548,0.2885935886374327,1
2025-10-27,0.24784424639421265,0.4635621649683548,0.2885935886374327,1
2025-10-28,0.2478442165364012,0.5085273909492555,0.2436283925143433,1
2025-10-29,0.2478442165364012,0.5085273909492555,0.2436283925143433,1
2025-10-30,0.2478442165364012,0.5085273909492555,0.2436283925143433,1
2025-10-31,0.2478442165364012,0.5085273909492555,0.2436283925143433,1
2025-11-03,0.2478442165364012,0.5085273909492555,0.2436283925143433,1
2025-11-04,0.2478441857464188,0.5085291513252137,0.24362666292836752,1
2025-11-05,0.2478441857464188,0.5085291513252137,0.24362666292836752,1
2025-11-06,0.2478441857464188,0.5085291513252137,0.24362666292836752,1
2025-11-07,0.2478441857464188,0.5085291513252137,0.24362666292836752,1
2025-11-10,0.2478441857464188,0.5085291513252137,0.24362666292836752,1
2025-11-11,0.23337049117038156,0.5237308533294595,0.24289865550015907,1
2025-11-12,0.23337049117038156,0.5237308533294595,0.24289865550015907,1
2025-11-13,0.23337049117038156,0.5237308533294595,0.24289865550015907,1
2025-11-14,0.23337049117038156,0.5237308533294595,0.24289865550015907,1
2025-11-17,0.23337049117038156,0.5237308533294595,0.24289865550015907,1
2025-11-18,0.22428361195890623,0.5341060474444361,0.2416103405966576,1
2025-11-19,0.22428361195890623,0.5341060474444361,0.2416103405966576,1
2025-11-20,0.22428361195890623,0.5341060474444361,0.2416103405966576,1
2025-11-21,0.22428361195890623,0.5341060474444361,0.2416103405966576,1
2025-11-24,0.22428361195890623,0.5341060474444361,0.2416103405966576,1
2025-11-25,0.22233410726323155,0.5360560968546018,0.24160979588216666,1
2025-11-26,0.22233410726323155,0.5360560968546018,0.24160979588216666,1
2025-11-28,0.22233410726323155,0.5360560968546018,0.24160979588216666,1
2025-12-01,0.22233410726323155,0.5360560968546018,0.24160979588216666,1
2025-12-02,0.22233410726323155,0.5360560968546018,0.24160979588216666,0
2025-12-03,0.16508003724804726,1.126721633833371e-09,0.8349199616252311,0
2025-12-04,0.16508003724804726,1.126721633833371e-09,0.8349199616252311,0
2025-12-05,0.16508003724804726,1.126721633833371e-09,0.8349199616252311,0
2025-12-08,0.16508003724804726,1.126721633833371e-09,0.8349199616252311,0
2025-12-09,0.16508003724804726,1.126721633833371e-09,0.8349199616252311,0
2025-12-10,0.1460770910747578,1.0827809254225137e-09,0.8539229078424613,0
2025-12-11,0.1460770910747578,1.0827809254225137e-09,0.8539229078424613,0
2025-12-12,0.1460770910747578,1.0827809254225137e-09,0.8539229078424613,0
2025-12-15,0.1460770910747578,1.0827809254225137e-09,0.8539229078424613,0
2025-12-16,0.1460770910747578,1.0827809254225137e-09,0.8539229078424613,0
2025-12-17,0.1402293522451727,2.5003937144664437e-09,0.8597706452544335,0
2025-12-18,0.1402293522451727,2.5003937144664437e-09,0.8597706452544335,0
2025-12-19,0.1402293522451727,2.5003937144664437e-09,0.8597706452544335,0
2025-12-22,0.1402293522451727,2.5003937144664437e-09,0.8597706452544335,0
2025-12-23,0.1402293522451727,2.5003937144664437e-09,0.8597706452544335,0
2025-12-24,0.19656301880916024,1.3697797542607304e-07,0.8034368442128643,0
2025-12-26,0.19656301880916024,1.3697797542607304e-07,0.8034368442128643,0
2025-12-29,0.19656301880916024,1.3697797542607304e-07,0.8034368442128643,0
2025-12-30,0.19656301880916024,1.3697797542607304e-07,0.8034368442128643,0
2025-12-31,0.19656301880916024,1.3697797542607304e-07,0.8034368442128643,0
2026-01-02,0.1854090310813962,5.74825228512299e-09,0.8145909631703515,0
2026-01-05,0.1854090310813962,5.74825228512299e-09,0.8145909631703515,0
2026-01-06,0.1854090310813962,5.74825228512299e-09,0.8145909631703515,0
2026-01-07,0.1854090310813962,5.74825228512299e-09,0.8145909631703515,0
2026-01-08,0.1854090310813962,5.74825228512299e-09,0.8145909631703515,0
2026-01-09,0.18748325274163966,5.7515502434484105e-08,0.8125166897428578,0
2026-01-12,0.18748325274163966,5.7515502434484105e-08,0.8125166897428578,0
2026-01-13,0.18748325274163966,5.7515502434484105e-08,0.8125166897428578,0
2026-01-14,0.18748325274163966,5.7515502434484105e-08,0.8125166897428578,0
2026-01-15,0.18748325274163966,5.7515502434484105e-08,0.8125166897428578,0
2026-01-16,0.19875780681005462,0.08184208745629505,0.7194001057336503,0
2026-01-20,0.19875780681005462,0.08184208745629505,0.7194001057336503,1
2026-01-21,0.19875780681005462,0.08184208745629505,0.7194001057336503,1
2026-01-22,0.19875780681005462,0.08184208745629505,0.7194001057336503,1
2026-01-23,0.19875780681005462,0.08184208745629505,0.7194001057336503,1
2026-01-26,0.1987790493304545,0.5796405202415508,0.22158043042799477,1
2026-01-27,0.1987790493304545,0.5796405202415508,0.22158043042799477,1
2026-01-28,0.1987790493304545,0.5796405202415508,0.22158043042799477,1
2026-01-29,0.1987790493304545,0.5796405202415508,0.22158043042799477,1
2026-01-30,0.1987790493304545,0.5796405202415508,0.22158043042799477,2
2026-02-02,0.1987793761965243,0.5796410156087257,0.22157960819475012,2
2026-02-03,0.1987793761965243,0.5796410156087257,0.22157960819475012,2
2026-02-04,0.1987793761965243,0.5796410156087257,0.22157960819475012,1
2026-02-05,0.1987793761965243,0.5796410156087257,0.22157960819475012,1
2026-02-06,0.1987793761965243,0.5796410156087257,0.22157960819475012,1
2026-02-09,0.20952884711266995,0.6382786100641089,0.15219254282322114,1
2026-02-10,0.20952884711266995,0.6382786100641089,0.15219254282322114,1
2026-02-11,0.20952884711266995,0.6382786100641089,0.15219254282322114,1
2026-02-12,0.20952884711266995,0.6382786100641089,0.15219254282322114,1
2026-02-13,0.20952884711266995,0.6382786100641089,0.15219254282322114,1
2026-02-17,0.2098542088682891,0.6412130325852327,0.1489327585464783,1
2026-02-18,0.2098542088682891,0.6412130325852327,0.1489327585464783,1
2026-02-19,0.2098542088682891,0.6412130325852327,0.1489327585464783,1
2026-02-20,0.2098542088682891,0.6412130325852327,0.1489327585464783,1
2026-02-23,0.2098542088682891,0.6412130325852327,0.1489327585464783,1
2026-02-24,0.20986646606832768,0.6483456807088296,0.1417878532228428,1
2026-02-25,0.20986646606832768,0.6483456807088296,0.1417878532228428,1
2026-02-26,0.20986646606832768,0.6483456807088296,0.1417878532228428,1
2026-02-27,0.20986646606832768,0.6483456807088296,0.1417878532228428,1
2026-03-02,0.20986646606832768,0.6483456807088296,0.1417878532228428,1
2026-03-03,0.20987080530151803,0.6499150079700391,0.1402141867284429,1
2026-03-04,0.20987080530151803,0.6499150079700391,0.1402141867284429,1
2026-03-05,0.20987080530151803,0.6499150079700391,0.1402141867284429,1
2026-03-06,0.20987080530151803,0.6499150079700391,0.1402141867284429,1
2026-03-09,0.20987080530151803,0.6499150079700391,0.1402141867284429,1
2026-03-10,0.20987648186919997,0.65937679064152,0.13074672748928015,1
2026-03-11,0.20987648186919997,0.65937679064152,0.13074672748928015,1
2026-03-12,0.20987648186919997,0.65937679064152,0.13074672748928015,1
2026-03-13,0.20987648186919997,0.65937679064152,0.13074672748928015,1
2026-03-16,0.20987648186919997,0.65937679064152,0.13074672748928015,1
2026-03-17,0.20987742408101023,0.6596922116479127,0.13043036427107707,1
2026-03-18,0.20987742408101023,0.6596922116479127,0.13043036427107707,2
2026-03-19,0.20987742408101023,0.6596922116479127,0.13043036427107707,2
2026-03-20,0.20987742408101023,0.6596922116479127,0.13043036427107707,2
2026-03-23,0.20987742408101023,0.6596922116479127,0.13043036427107707,2
2026-03-24,0.20987742949955424,0.6596922251280838,0.13043034537236187,2
2026-03-25,0.20987742949955424,0.6596922251280838,0.13043034537236187,2
2026-03-26,0.20987742949955424,0.6596922251280838,0.13043034537236187,2
2026-03-27,0.20987742949955424,0.6596922251280838,0.13043034537236187,2
2026-03-30,0.20987742949955424,0.6596922251280838,0.13043034537236187,2
2026-03-31,0.20987744292976485,0.6596922570788357,0.13043029999139938,2
2026-04-01,0.20987744292976485,0.6596922570788357,0.13043029999139938,1
2026-04-02,0.20987744292976485,0.6596922570788357,0.13043029999139938,1
2026-04-06,0.20987744292976485,0.6596922570788357,0.13043029999139938,1
2026-04-07,0.20987744292976485,0.6596922570788357,0.13043029999139938,1
2026-04-08,0.20987879156892442,0.6758272688696791,0.1142939395613965,1
2026-04-09,0.20987879156892442,0.6758272688696791,0.1142939395613965,1
2026-04-10,0.20987879156892442,0.6758272688696791,0.1142939395613965,1
2026-04-13,0.20987879156892442,0.6758272688696791,0.1142939395613965,1
2026-04-14,0.20987879156892442,0.6758272688696791,0.1142939395613965,1
2026-04-15,0.2884145358365913,0.6262020128850868,0.08538345127832203,1
2026-04-16,0.2884145358365913,0.6262020128850868,0.08538345127832203,1
2026-04-17,0.2884145358365913,0.6262020128850868,0.08538345127832203,1
2026-04-20,0.2884145358365913,0.6262020128850868,0.08538345127832203,1
2026-04-21,0.2884145358365913,0.6262020128850868,0.08538345127832203,1
2026-04-22,0.29338449983527465,0.6248317781713805,0.08178372199334492,1
2026-04-23,0.29338449983527465,0.6248317781713805,0.08178372199334492,1
2026-04-24,0.29338449983527465,0.6248317781713805,0.08178372199334492,1
2026-04-27,0.29338449983527465,0.6248317781713805,0.08178372199334492,1
2026-04-28,0.29338449983527465,0.6248317781713805,0.08178372199334492,1
2026-04-29,0.3192247793484877,0.6201651203554686,0.06061010029604383,1
2026-04-30,0.3192247793484877,0.6201651203554686,0.06061010029604383,1
2026-05-01,0.3192247793484877,0.6201651203554686,0.06061010029604383,1
2026-05-04,0.3192247793484877,0.6201651203554686,0.06061010029604383,1
2026-05-05,0.3192247793484877,0.6201651203554686,0.06061010029604383,1
2026-05-06,0.320264776376298,0.6201631249304148,0.05957209869328729,1
2026-05-07,0.320264776376298,0.6201631249304148,0.05957209869328729,1
2026-05-08,0.320264776376298,0.6201631249304148,0.05957209869328729,1
2026-05-11,0.320264776376298,0.6201631249304148,0.05957209869328729,1
2026-05-12,0.320264776376298,0.6201631249304148,0.05957209869328729,1
2026-05-13,0.321929194128984,0.6201630635770131,0.05790774229400286,1
2026-05-14,0.321929194128984,0.6201630635770131,0.05790774229400286,1
2026-05-15,0.321929194128984,0.6201630635770131,0.05790774229400286,1
2026-05-18,0.321929194128984,0.6201630635770131,0.05790774229400286,1
2026-05-19,0.321929194128984,0.6201630635770131,0.05790774229400286,1
